-- phpMyAdmin SQL Dump
-- version 4.8.0.1
-- https://www.phpmyadmin.net/
--
-- Host: localhost
-- Generation Time: Aug 15, 2018 at 06:27 AM
-- Server version: 10.0.34-MariaDB-0ubuntu0.16.04.1
-- PHP Version: 7.2.7-1+ubuntu16.04.1+deb.sury.org+1

SET SQL_MODE = "NO_AUTO_VALUE_ON_ZERO";
SET AUTOCOMMIT = 0;
START TRANSACTION;
SET time_zone = "+00:00";


/*!40101 SET @OLD_CHARACTER_SET_CLIENT=@@CHARACTER_SET_CLIENT */;
/*!40101 SET @OLD_CHARACTER_SET_RESULTS=@@CHARACTER_SET_RESULTS */;
/*!40101 SET @OLD_COLLATION_CONNECTION=@@COLLATION_CONNECTION */;
/*!40101 SET NAMES utf8mb4 */;

--
-- Database: `toumpn`
--

-- --------------------------------------------------------

--
-- Table structure for table `answer`
--

CREATE TABLE `answer` (
  `id_answer` int(11) NOT NULL,
  `answer` varchar(250) NOT NULL,
  `id_exam` int(11) NOT NULL
) ENGINE=InnoDB DEFAULT CHARSET=latin1;

-- --------------------------------------------------------

--
-- Table structure for table `chapter`
--

CREATE TABLE `chapter` (
  `id_chapter` int(11) NOT NULL,
  `name` varchar(100) NOT NULL,
  `description` text NOT NULL,
  `id_subject` int(11) NOT NULL,
  `id_exam` int(11) NOT NULL
) ENGINE=InnoDB DEFAULT CHARSET=latin1;

--
-- Dumping data for table `chapter`
--

INSERT INTO `chapter` (`id_chapter`, `name`, `description`, `id_subject`, `id_exam`) VALUES
(1, 'BIN 2015 PAKET 51', 'SOAL BAHASA INDONESIA UMPN PAKET 51', 3, 2),
(2, 'BIN 2015 PAKET 52', 'SOAL BAHASA INDONESIA UMPN PAKET 52', 3, 3),
(3, 'BIN 2015 PAKET 53', 'SOAL BAHASA INDONESIA SIMANDIRI PENS PAKET 53', 3, 0),
(4, 'BIN 2015 PAKET 54', 'SOAL BAHASA INDONESIA SIMANDIRI PENS PAKET 54', 3, 0),
(5, 'BIG 2015 PAKET 51', '<p>SOAL BAHASA INGGRIS UMPN PAKET 51</p>', 4, 3),
(6, 'BIG 2015 PAKET 52', '<p>SOAL BAHASA INGGRIS UMPN PAKET 52</p>', 4, 0),
(7, 'BIG 2015 PAKET 53', '<p>SOAL BAHASA INGGRIS SIMANDIRI PENS PAKET 53</p>', 4, 2),
(8, 'BIG 2015 PAKET 54', '<p>SOAL BAHASA INGGRIS SIMANDIRI PENS PAKET 53</p>', 4, 0),
(9, 'MAT 2015 PAKET 51', '<p>SOAL MATEMATIKA UMPN PAKET 51</p>', 1, 0),
(10, 'MAT 2015 PAKET 52', '<p>SOAL MATEMATIKA UMPN PAKET 52</p>', 1, 2),
(11, 'MAT 2015 PAKET 53', '<p>SOAL MATEMATIKA SIMANDIRI PENS PAKET 53</p>', 1, 3),
(12, 'MAT 2015 PAKET 54', '<p>SOAL MATEMATIKA SIMANDIRI PENS PAKET 54</p>', 1, 0),
(13, 'FIS 2015 PAKET 51', '<p>SOAL FISIKA UMPN PAKET 51</p>', 2, 0),
(14, 'FIS 2015 PAKET 52', '<p>SOAL FISIKA UMPN PAKET 52</p>', 2, 3),
(15, 'FIS 2015 PAKET 53', '<p>SOAL FISIKA SIMANDIRI PENS PAKET 53</p>', 2, 0),
(16, 'FIS 2015 PAKET 54', '<p>SOAL FISIKA SIMANDIRI PENS PAKET 54</p>', 2, 2),
(17, 'KEMAMPUAN UMUM', '<p><strong>Jawablah soal-soal berikut dengan tepat!</strong></p>', 5, 4),
(18, 'ARITMATIKA', '<p><strong>Kerjakan soal-soal berikut ini !</strong></p>', 6, 7),
(19, 'ANALOGI', '<p><strong>Pilihlah pasangan kata-kata yang bertanda A, B, C, D, dan E yang memiliki KESAMAAN HUBUNGAN dengan soal-soal berikut!</strong></p>', 7, 5),
(20, 'ANTONIM', '<p><strong>Jawablah dengan memilih poin A, B, C, D, dan E yang menurut anda paling benar!</strong></p>', 7, 5),
(21, 'KATA SERAPAN', '<p><strong>Pilihlah dari kata-kata yang bertanda A, B, C, D, atau E yang merupakan PADANAN MAKNA dari kata-kata serapan Bahasa asing berikut ini! </strong></p>', 7, 5),
(22, 'PADANAN HUBUNGAN', '<p><strong>Pilihlah padanan kata yang tercetak dengan huruf kapital dibawah ini!</strong></p>', 7, 5),
(23, 'SINONIM', '<p><strong>Pilihlah kata dibawah ini yang memiliki arti yang paling mendekati dari kata yang berhuruf kapital!</strong></p>', 7, 5),
(24, 'PENALARAN ANALITIK', '<strong>Kerjakan soal-soal dibawah ini !</strong>', 8, 6);

-- --------------------------------------------------------

--
-- Table structure for table `exam`
--

CREATE TABLE `exam` (
  `id_exam` int(11) NOT NULL,
  `name` varchar(100) NOT NULL,
  `datetime` timestamp NOT NULL DEFAULT '0000-00-00 00:00:00' ON UPDATE CURRENT_TIMESTAMP,
  `status` char(1) NOT NULL
) ENGINE=InnoDB DEFAULT CHARSET=latin1;

--
-- Dumping data for table `exam`
--

INSERT INTO `exam` (`id_exam`, `name`, `datetime`, `status`) VALUES
(2, 'Tryout I', '2018-08-30 23:30:00', 'Y'),
(3, 'Tryout II', '2018-06-07 03:50:00', 'Y'),
(4, 'Daya Belajar', '2018-08-06 23:45:17', 'Y'),
(5, 'Pemahaman', '2018-08-06 23:00:00', 'y'),
(6, 'Penalaran', '2018-08-06 22:00:00', 'y'),
(7, 'Kemampuan Berpikir Angka', '2018-08-07 01:00:00', 'y');

-- --------------------------------------------------------

--
-- Table structure for table `migration`
--

CREATE TABLE `migration` (
  `version` varchar(180) NOT NULL,
  `apply_time` int(11) DEFAULT NULL
) ENGINE=InnoDB DEFAULT CHARSET=latin1;

--
-- Dumping data for table `migration`
--

INSERT INTO `migration` (`version`, `apply_time`) VALUES
('m000000_000000_base', 1529816613),
('m130524_201442_init', 1529816624);

-- --------------------------------------------------------

--
-- Table structure for table `question`
--

CREATE TABLE `question` (
  `id_question` int(11) NOT NULL,
  `question` text NOT NULL,
  `status` char(1) NOT NULL,
  `id_chapter` int(11) NOT NULL
) ENGINE=InnoDB DEFAULT CHARSET=latin1;

--
-- Dumping data for table `question`
--

INSERT INTO `question` (`id_question`, `question`, `status`, `id_chapter`) VALUES
(1, 'Penerbangan perintis membuat waktu tempuh perjalanan ke daerah terpencil menjadi singkat. Salah satu keluhan wisatawan mancanegara dan nusantara, adalah waktu tempuh ke objek wisata ke daerah terpencil melalui jalur darat. Sementara jika melalui jalur udara (menggunakan pesawat), waktu tempuh ke objek wisata hanya sekitar 40 menit. Tidak hanya potensi wisata yang akan terangkat, ketika ada penerbangan perintis, tetapi juga potensi lainnya seperti perikanan. Pernyataan berikut yang sesuai dengan teks di atas adalah ...', 'y', 1),
(2, 'Pikiran positif dapat mernbantu peningkatan kolesterol baik, yang secara tidak langsung melindungi jantung. Selain itu, pikiran positif dapat juga menurunkan kadar molekul lemak. Bahkan, hal tersebut dapat menjaga kualitas tidur. Ditemukan pula bahwa pikiran positif dapat menjauhkan seseorang dari (penyakit) stres. Gagasan utama paragr af di atas adalah ...', 'y', 1),
(3, 'Penggilingan gabah diawali dengan menghidupkan atau meng-on-kan mesin penggiling. Beberapa saat kemudian gabah yang telah dikeringkan dimasukkan ke dalam bak penampung. Setelah itu, penggilingan dimulai dengan membuka katup pembatas antara bak dan bagian mesin. Selanjutnya, hasil penggilingan dimasukkan ke dalam karung atau wadah yang telah disiapkan. Paragraf di atas dikembangkan dengan teknik ...', 'y', 1),
(4, '(1) Taman nasional ini dikenal mempunyai ekosistem yang unik dan vegetasi spesifik.\r\n<br>(2) Taman Nasional Baluran adalah salah satu taman nasional tertua di Indonesia.\r\n<br>(3) Keberadaan sabana menjadi istimewa bagi daerah seperti Indonesia yang mempunyai intensitas curah hujan tinggi.\r\n<br>(4) Keunikan dan kespesifikan itu terlihat pada hewan yang endemik dan Padang sabana.\r\n<br>Kalimat yang tersusun secara acak di atas dapat disusun menjadi paragraf yang baik dengan urutan ....', 'y', 1),
(5, '<p style=\"text-align: left;\">DATA STATTSTIK KECELAKAAN KERJA</p>\r\n<p style=\"text-align: left;\">PERIODE 2010-2014</p>\r\n<p>&nbsp;</p>\r\n<table style=\"width: 365px;\" width=\"302\">\r\n<tbody>\r\n<tr>\r\n<td style=\"width: 69px; text-align: center;\">\r\n<p>PERIODE TAHUN</p>\r\n</td>\r\n<td style=\"width: 105px; text-align: center;\">\r\n<p>JUMLAH KECELAKAAN</p>\r\n</td>\r\n<td style=\"width: 169px; text-align: center;\">\r\n<p>KLAIM JAMINAN KECELAKAAN KERJA (Rp)</p>\r\n</td>\r\n</tr>\r\n<tr>\r\n<td style=\"width: 69px; text-align: center;\">\r\n<p>2010</p>\r\n</td>\r\n<td style=\"width: 105px; text-align: center;\">\r\n<p>83.714</p>\r\n</td>\r\n<td style=\"width: 169px; text-align: center;\">\r\n<p>209,7 miliar</p>\r\n</td>\r\n</tr>\r\n<tr>\r\n<td style=\"width: 69px; text-align: center;\">\r\n<p>2011</p>\r\n</td>\r\n<td style=\"width: 105px; text-align: center;\">\r\n<p>94.736</p>\r\n</td>\r\n<td style=\"width: 169px; text-align: center;\">\r\n<p>297,9 miliar</p>\r\n</td>\r\n</tr>\r\n<tr>\r\n<td style=\"width: 69px; text-align: center;\">\r\n<p>2012</p>\r\n</td>\r\n<td style=\"width: 105px; text-align: center;\">\r\n<p>96.314</p>\r\n</td>\r\n<td style=\"width: 169px; text-align: center;\">\r\n<p>328,5 miliar</p>\r\n</td>\r\n</tr>\r\n<tr>\r\n<td style=\"width: 69px; text-align: center;\">\r\n<p>2013</p>\r\n</td>\r\n<td style=\"width: 105px; text-align: center;\">\r\n<p>98.711</p>\r\n</td>\r\n<td style=\"width: 169px; text-align: center;\">\r\n<p>401,2 miliar</p>\r\n</td>\r\n</tr>\r\n<tr>\r\n<td style=\"width: 69px; text-align: center;\">\r\n<p>2014</p>\r\n</td>\r\n<td style=\"width: 105px; text-align: center;\">\r\n<p>99.491</p>\r\n</td>\r\n<td style=\"width: 169px; text-align: center;\">\r\n<p>504,0 miliar</p>\r\n</td>\r\n</tr>\r\n</tbody>\r\n</table>\r\n<p>&nbsp;</p>\r\nlnformasi yang sesuai dengan tabel di atas adalah ....', 'y', 1),
(6, 'Untuk menjadi calon presiden pada pemilu 2014, seseorang harus memiliki elektabilitas yang memadai.\r\nMakna elektabilitas pada kalimat di atas adalah ....', 'y', 1),
(7, 'Kalimat berikut yang tisak rancu adalah .....', 'y', 1),
(8, 'Kalimat berikut yang mubazir adalah .....', 'y', 1),
(9, 'Kalimat yang logis terdapat pada kalimat .....', 'y', 1),
(10, 'Kalimat berikut yang tidak mubazir adalah .....', 'y', 1),
(11, 'Sikap saling harga-menghargai di antara sesamanya manusia itu adalah merupakan wujud daripada kemanusiaan yang adil dan beradab.<br>Kalimat mubazir di atas dapat diperbaiki menjadi kalimat yang hemat dengan cara ....', 'Y', 1),
(12, 'Kalimat di bawah ini ditulis sesuai dengan EYD, KECUALI .....', 'y', 1),
(13, 'Penulisan unsur serapan berikut ini yang benar .....', 'y', 1),
(14, 'Penggunaan tanda baca titik dan koma di bawah ini yang benar terdapat pada kalimat .....', 'y', 1),
(15, 'Penulisan kata gabung berikut yang sesuai dengan EYD adalah ....', 'y', 1),
(16, 'Kalimat berikut yang hubungan antar maknanya koheren adalah ...', 'y', 1),
(17, 'Penulisan unsur serapan pada kalimat di bawah ini yang benar adalah ....', 'y', 1),
(18, 'Rumusan masalah dalam makalah berikut ini yang benar adalah .....', 'y', 1),
(19, 'Penulisan kutipan langsung dibawah ini yang benar adalah ....', 'y', 1),
(20, '<em>Hutan Indonesia memiliki keanekaan hayati yang sangat tinggi. Artinya, bahwa pulau-pulau di Indonesia memiliki keanekaragaman tumbuhan, hewan, jasad renik yang tinggi. Hal ini terjadi karena keadaan alam yang berbeda dari satu pulau dengan pulau lainnya; bahkan dari satu tempat dengan tempat dalam satu pulau yang sama.</em><br>\r\n<p><em>Sistem perpaduan antara sumber daya hayati dan tempat hidupnya yang khas itu menumbuhkan berbagai ekosistem. Keragaman itu menampilkan kekhususan kehidupan pula dalam jenis-jenis di dalam. Sebagian besar hutan-hutan di Indonesia termasuk dalam hutan hutan tropis, yang merupakan hutan uang kompleks, yang memiliki pohon berbagai ukuran.</em></p>\r\n<p>(disarikan dari irwantoshut.net/hutan-indonesia)</p>\r\n<p>Judul yang tepat untuk dua paragraf di atas adalah .....</p>', 'Y', 1),
(21, 'Kata-kata dibawah ini manakah yang tidak sesuai?', 'y', 17),
(22, 'Berikut ini adalah kata-kata yang berkonotasi negatif, kecuali …', 'y', 17),
(23, 'Urutan kata yang tidak sesuai adalah …', 'y', 17),
(24, 'Kata-kata dibawah ini merupakan nama-nama ibu kota negar-negara di dunia, kecuali …', 'y', 17),
(25, 'Urutkanlah kata-kata berikut berdasarkan ukuran dari yang terkecil sampai yang terbesar!', 'y', 17),
(26, 'Manakah nama yang tidak termasuk dalam kelompok di bawah ini?', 'y', 17),
(27, 'Matumona membeli jeruk 6 buah, 1 buah dimakan sendiri, 2 buah diberikan kepada Sitorus, dan 2 buah lainnya diberikan kepada Hutabarat. Sitorus memberikan 1 buah jeruk kepada Hutabarat, sedangkan Hutabarat memakan 2 buah jeruknya. Berapakah jeruk milik Sitorus?', 'y', 17),
(28, 'Kata yang tidak sesuai adalah …', 'y', 17),
(29, 'Kata yang tidak sesuai adalah …', 'y', 17),
(30, 'Kata yang di bawah ini adalah kata-kata baku, kecuali …', 'y', 17),
(31, 'Dari kata-kata berikut manakah yang tidak sesuai?', 'y', 17),
(32, 'Manakah penulisan angka tahun romawi yang tidak benar?', 'y', 17),
(33, 'AIDA memerlukan 1.941 menit untuk membaca sebuah makalah. DIFA membutuhkan 4.961 menit dan IDA hanya membaca selama 491 menit. Berapa menit yang dibutuhkan DAFA untuk membaca majalah?', 'y', 17),
(34, 'Sebuah kapal sedang merapat di pelabuhan. Kondisi air laut saat itu turun 2 meter dari biasanya karena sedang surut, sedangkan badan kapal yang berada di dalam air setinggi 2 meter. Menjelang sore, air mulai pasang dan ketinggian air naik 1 meter. Maka ketinggian badan kapal yang ada di air saat itu adalah …', 'y', 17),
(35, 'Perhatikan nama-nama dalam kelompok di bawah ini. Orang-orang dalam kelompok tersebut namanya memiliki beberapa persamaan. Di antara mereka ada seseorang penyusup. Siapakah penyusup tersebut?', 'y', 17),
(36, 'Sitompul memiliki sebuah balok yang isinya 240 cm<sup>3</sup>, Panjang alasnya 8 cm dan lebar 6 cm. berpakah tinggi balok Sitompul tersebut?', 'Y', 18),
(37, 'Nilai ujian Caniago dalam semester III: 7, 5, 7, 6, 9, dan 8. Dan semester IV: 6, 8, 6, 7, 5, 9. Nilai rata-rata semester III dan IV adalah …', 'y', 18),
(38, 'Indrayana mengadakan rapat untuk acara tujuh belasan. Ia mengedarkan undangan untuk 50 wanita dan 70 pria. Ternyata undangan wanita yang hadir 40% dan undangan pria yang hadir 50%, kira-kira berapa persen yang hadir?', 'y', 18),
(39, 'Pardede adalah seorang mahasiswa akuntansi. Dalam suatu ujian, ia memperoleh nilai sebagai berikut:\r\nAkuntansi Keuangan	: 85\r\nBudgeting		: 76\r\nEkonomi			: 77\r\nStatistik Keuangan	: 80\r\nSistem Keuangan		: 84\r\nBerapa nilai mata pelajaran Bahasa Inggris Bisnis yang harus dicapai oleh Pardede jika memiliki target nilai rata-rata sebesar 87?\r\n', 'y', 18),
(40, 'Mahendradata berjualan kue di depan rumahnya. Dia bisa menjual kuenya sebesar Rp 150.000,00. Keuntungan yang diperoleh adalah 20% dari harga pembeliannya. Berapakah  harga pembeliannya?', 'y', 18),
(41, 'Si Poltak mempunyai satu aquarium. Untuk memenuhi aquariumnya sampai penuh diperlukan 12 ember B atau 16 ember A. Jika suatu ketika aquarium itu diisi dengan 12 ember A, berapa ember B lagi yang diperlukan untuk memenuhi aquarium si Poltak tersebut?', 'y', 18),
(42, 'Sinaga akan memberi ubin untuk lantai ruang tamunya. Ruangan tersebut berbentuk bujur sangkar dengan Panjang 4 meter. Ubin yang akan dipasang berukuran 20 x 20 cm. berapakah jumlah ubin yang diperlukan untuk menutup lantai ruang tamu?', 'y', 18),
(43, 'Masyuhara membeli sebuah mini tape dengan harga Rp 100.000,00 kemudian dijualnya kembali. Ia menginginkan laba 25%. Berapa rupiah Masyuhara harus menjual kembali mini tape-nya?', 'y', 18),
(44, 'Silahuddin ingin pergi ke rumah kekasihnya. Ia pergi ke sana mengendarai sebuah sepeda motor yang melaju dengan kecepatan 30 km/jam. Jarak yang ditempuh adalah 90 km. jika ia berangkat pukul 07.00 maka akan sampai pada …', 'y', 18),
(45, 'Jarak rumah Nobita ke supermarket adalah 1 km. Ia bisa menempuh jarak itu selama 20 menit. Berapakah kecepatan berjalan Nobita?', 'y', 18),
(46, 'Nilai dari <img title=\"(\\sqrt{3} -\\sqrt{2})^{2} + (\\sqrt{2} -\\sqrt{3})^{2}\" src=\"http://latex.codecogs.com/gif.latex?(\\sqrt{3}&amp;space;-\\sqrt{2})^{2}&amp;space;+&amp;space;(\\sqrt{2}&amp;space;-\\sqrt{3})^{2}\" />&nbsp;adalah &hellip;', 'Y', 10),
(47, 'Bentuk sederhana dari <img title=\"\\frac{\\sqrt{5}-\\sqrt{6}}{\\sqrt{5}+\\sqrt{6}}\" src=\"http://latex.codecogs.com/gif.latex?\\frac{\\sqrt{5}-\\sqrt{6}}{\\sqrt{5}+\\sqrt{6}}\" />&nbsp;adalah &hellip;', 'Y', 10),
(48, 'Nilai dari r dan s merupakan akar &ndash; akar persamaan kuadrat 2x<sup>2</sup> + 10x + 6 = 0. Nilai dari r<sup>2</sup> + s<sup>2</sup> adalah &hellip;', 'Y', 10),
(49, 'Diketahui fungsi kuadrat f(x) = 3x<sup>2</sup> + 2x &ndash; 1, koordinat titik potong dengan sumbu X dan Y berturut &ndash; turut adalah &hellip;', 'Y', 10),
(50, 'Himpunan penyelesaian yang memenuhi pertidaksamaan 2x &ndash; 2 &lt; x + 3 &lt; 2 &ndash; x adalah &hellip;', 'Y', 10),
(51, 'Fungsi invers dari f(x) = <img title=\"f(x) = \\frac{3x+2}{2x+1}\" src=\"http://latex.codecogs.com/gif.latex?f(x)&amp;space;=&amp;space;\\frac{3x+2}{2x+1}\" />&nbsp;adalah &hellip;', 'Y', 10),
(52, 'Jika <img title=\"\\alpha\" src=\"http://latex.codecogs.com/gif.latex?\\alpha\" />&nbsp;sudut lancip dan <img title=\"tg \\alpha =\\frac{5}{\\sqrt{11}}\" src=\"http://latex.codecogs.com/gif.latex?tg&amp;space;\\alpha&amp;space;=\\frac{5}{\\sqrt{11}}\" />&nbsp;maka <img title=\"cos \\alpha\" src=\"http://latex.codecogs.com/gif.latex?cos&amp;space;\\alpha\" />&nbsp;adalah &hellip;', 'Y', 10),
(53, 'Jika cos<sup>2</sup>x + 4 = a dan 4 &le; a &le; 5 maka nilai dari cosec x adalah &hellip;', 'Y', 10),
(54, 'Dari segitiga ABC dibawah diketahui sudut A = 30&deg;, sudut C = 120&deg; dan panjang BC = 10 cm. Panjang AB adalah &hellip; cm.<br /><img src=\"data:image/jpeg;base64,/9j/4AAQSkZJRgABAQEAYABgAAD/2wBDAAEBAQEBAQEBAQEBAQEBAQEBAQEBAQEBAQEBAQEBAQEBAQEBAQEBAQEBAQEBAQEBAQEBAQEBAQEBAQEBAQEBAQH/2wBDAQEBAQEBAQEBAQEBAQEBAQEBAQEBAQEBAQEBAQEBAQEBAQEBAQEBAQEBAQEBAQEBAQEBAQEBAQEBAQEBAQEBAQH/wAARCABYARYDASIAAhEBAxEB/8QAHwAAAQUBAQEBAQEAAAAAAAAAAAECAwQFBgcICQoL/8QAtRAAAgEDAwIEAwUFBAQAAAF9AQIDAAQRBRIhMUEGE1FhByJxFDKBkaEII0KxwRVS0fAkM2JyggkKFhcYGRolJicoKSo0NTY3ODk6Q0RFRkdISUpTVFVWV1hZWmNkZWZnaGlqc3R1dnd4eXqDhIWGh4iJipKTlJWWl5iZmqKjpKWmp6ipqrKztLW2t7i5usLDxMXGx8jJytLT1NXW19jZ2uHi4+Tl5ufo6erx8vP09fb3+Pn6/8QAHwEAAwEBAQEBAQEBAQAAAAAAAAECAwQFBgcICQoL/8QAtREAAgECBAQDBAcFBAQAAQJ3AAECAxEEBSExBhJBUQdhcRMiMoEIFEKRobHBCSMzUvAVYnLRChYkNOEl8RcYGRomJygpKjU2Nzg5OkNERUZHSElKU1RVVldYWVpjZGVmZ2hpanN0dXZ3eHl6goOEhYaHiImKkpOUlZaXmJmaoqOkpaanqKmqsrO0tba3uLm6wsPExcbHyMnK0tPU1dbX2Nna4uPk5ebn6Onq8vP09fb3+Pn6/9oADAMBAAIRAxEAPwD+/iiiigAooooAKKKKACiiigAooooAKKKKACiiigD8hv26fi/8RvHf7bX7Df8AwTn8B/EPxl8HvB37RXhj9oH45/tGfET4Z65c+D/ivqXwh+A2jeF7PRvg98NvH2nQS698Op/in418bWo8cfETwTqHhb4meFPB3ha6tfhv4x8MeJvEUHiLRfp34P8A7J3i34EfHqy8UeCPj/8AHLxZ+zpL8HvGPhe6+CHxx+N/xW+PeoeG/ixqnjbwBrel/ETw38RfjJ4g8e/FHxDbav4Z0fxPoesaR8QfiR4i03wM8Gkx/CvSfDlh4w+IEN9B+2D+xgf2kfEPwN+M3wz+Keofs9/tV/sw+J9f8RfAv45af4S034haTZ6P450mLw78UfhR8U/hrquqeH7f4k/Bv4o6BBYweKvDFh4q8D+K7DW9B8L+KfBfj3wnruhx3dx6L8FPhb+0TonifUfH37Sn7Q3hX4teJo9AufCHhTwp8E/hB4m/Z2+B/h/Qb/UNM1rVfEWrfDjxX8dP2ivFHjP4q6rqGl2emt438RfFCbQPDPhHTbTQfh14C8D6h4i+K3iH4ngH09RXyH+1H+3x+xp+xTY6LfftUftH/Cv4JnxIt7J4d0zxn4ns7bxFr8Gm2t1d6hd6J4WtDd+JdWsrOO0liub6w0q4tIryS0095hf31lbXHu/ws+L3ws+OHgjQfiX8HPiJ4L+KPw+8UWi3/h3xp4C8S6P4r8MazaNwZdP1rRLy90+58t8xzJHOZIJleGZY5kdFAPRaKKKACiiigAooooAKKKKACiiigAooooAKKKKACiiigAooooAKKKKACiiigAooooAKKKKACiiigAooooAKK8y+Lnxn+E/wE8BeIPij8afiN4M+Fvw78K2b3/iHxp488R6T4X8OaTbLwrXmrazd2dnHJM+IbW3EpuLu4eO2tYpriSONv5HP2p/+Dmz4oftIePNZ/Zi/4Ie/s1+KP2m/iOGk03Vv2k/HXhjU9I+EngyK4drRPEOieG9Vn0J5bAO0jaf4t+LOr+AvD0OpWkUSeFfGdheRpKAf1O/tP/tgfs0fsY/DXUvi7+098ZvA3wb8BaaJVGr+MNYitbrV7yKIz/2P4W0G3Fz4i8YeIZolZ7Xw54V0rWNdu1Vja6fMFOP5F/jd/wAHB/7fv/BSbxT4h+A3/BD39mzxB4Z8DR3lx4d8U/tt/G7w/ZWtjoEcyCObUPDGjatDqvgvwdcRwltR01fEjfEDx/q+kTiax+Fuhava5jzv2cf+Dez4w/tYfFCx/ai/4LBftC+Nf2xPjPeNHdwfDkeIdYsPhF4NhlnW7Ggq6WmhT3+j2lwI5E8J+CdG+HngK2n+12sukeJbGYXEn9bPwO/ZO+F3wW8K6D4S8GeDfDPhLw14cs4rHQvDPhbQdL8O+HtEs42aRbPStH0aCz06wt1kkkfyrW2ijLyO5Bd2YgH8pn7L/wDwbOeEvGOsa78dP+CiHxJ8d/t0ftF+OreSfxZ4j+IHi7xjbeD7C7u4midNK8/VIPGniO506CVrLTdX8Ra3b6db2sVrLovg3w1cWtv5PiXjn/gi/wD8FC/+CW3jzXPjr/wRi/ad8ZeEtPurw6v4o/ZN+KWuwa34E8aCLG/TrS51+B/AviaQ2qppejv8QtL0XxToWn+fPY/FmLUJUev7yLSytrKJYreJI0UYwoxxjHv6Vmax4c0rW4HgvrWKVXBB3ru6/iKAP5P/ANiv/g6W+HD+ObT9mj/grH8FfEv7AH7SVg1rp974p1zQ/Ei/AzxDdzym2ttUmm1cXfiv4babqswZ9O1LWpPF3gA2EMuq3PxOgtGjWv6t/B3jbwf8QvDWi+MvAfinw94z8JeI9Pt9V8P+J/Cutab4h8Pa5pd2gktdS0fWtIubzTdTsLmMh7e8srme3mQho5GHNfml+2p/wS3/AGZv2x/A914L+Nfwm8J/EXQwLmTTDq1gltr/AIdu7iMxyah4U8WafJa+JvCmosrbXvfD+q6fPPGPIuGmt2eJv5cNT/4Jkf8ABWT/AII1eLNX+Jn/AASM/aK8Q/FD4Lrqcuu+JP2LvjjdQa5omsQKz3V7b6Va3Uuh+Dtdu7sIyzaz4cuvhJ8SWs47XTLXxD4lu2YzAH98dFfy1fsE/wDB0V+y98Z/FsH7PP7fXgrXv+CeX7VOlXdvoGu6D8YY9R0r4Sanr/lxh1t/HPiCx0e9+HU16RJex6V8UtN0LSrO3nsrHT/G/ie7njkm/qE0rWNK13T7LVtG1Gy1XS9StLa/07UdOuoL2xv7G8hS4tLyyu7aSW3urW6gljmt7iCSSGaKRJInZHViAaNFFFABRRRQAUUUUAFFFFABRRRQAUUUUAFFFFABRRRQAUUUUAFFFFABRRRQAUVBcXNvaxPPczRwRRKzySSusaIijczMzkKqqoJZiQABknFfzXf8FEP+Dmr9jj9lHxFc/An9lrS9W/b1/azv76bw7onwu+BE8mu+C9J8UndFFpnif4jaFZ6/banqkNws0Vx4U+HGl+N/EkN9ZXGk67D4YmYXcYB/Rz4m8U+GvBmhav4o8Xa/o3hjw3oGnXer65r/AIg1Sx0bRdG0qwhe5vtS1XVdRntrHTtPsreN57u8vJ4be2hRpZpEjUsP5UP23v8Ag6L+F2l+OLv9mT/glT8INe/4KCftOag95pllr/hXTNdufgT4ZvIGSGbVRquhiLX/AInadpczpLqN74Yn8OeAhYSC+HxSijilir854/2Af+Cv/wDwW18Tab46/wCCp3xx139nb9m+fUrbWfDv7FnwSk/sKNbWO4W509PEWm+fr3h/TNRgQie08Q/EbUfin8QNNkkvNO/szwkHWK3/AKhf2If+CVn7MX7GHge08G/BP4T+FvAGkslu+r3NjZpfeJ/E91bqQl/4v8Y6i9z4n8UXyh3EU2tandrZxt9l0+K0s0itkAP5mvh5/wAEW/2+/wDgqN8RNC+Pv/BaT9pPxf41s4Lz+1vCv7JPwv1/+wPh94FiuCQdJvLvw/HF4Q8OFbVV0zVl+HFpqPijXbRbW81L4u3eoQzb/wCsb9ln9gP4D/sweA9F8AfCf4aeDvhz4P0cK9p4c8J6FYaVZNcsqibUNQltlW81jV7vAa/1rV577VtRlzPfXtxMxkP3Ho/h3S9Et0t7K1iiVFAGxcdPxPoK3aAM3T9JsNMhWGzt44kQBQFGOAB7n0rSoooAKKKKAAjIwRkGuY17wlo3iG3kg1CzilDqVO5M9Rj1FdPRQB+Mv7e3/BHz9lT9t7wnNofxo+E/h/xbcWlrcQeHvFlrDHoPxB8JNN5kgfwv4300Ra/psK3Trdy6S9zc+H9Snij/ALY0fUoAYT/NbZfshf8ABan/AIIc6xc+IP8AgnP8ZNW/bE/ZN0y/udR1P9j34zQ3OuaxpGktN59zD4V0iC60i3n1DyBNcS6t8H9Y8Ba5q+qPb/a/hv4lhjeCX++sgMMEZHoa47xH4G0HxLbvDf2cMm8EZZNx5GP7w/WgD+e7/gnf/wAHMn7EH7YeuWnwX+Pyar+wz+1Ta3//AAj2tfCH4+3aaJ4ZvvFUUwtLjRfCXxN1a00DS5dUN68VlD4Z8d6X4B8YXWpSnTdJ0DWDC13J/R7BcQ3EaSwSJLG4DI6MrqysMggqSCCCCCCQQcivwe/4KIf8EP8A9kb9unRbt/iv8MLKfxfDZNbaJ8U/B/2Lwn8VPDyKCLZLLxba2d0+r2NruY22g+LbHxJ4bjZ3mGjeeRKv8/3hrwb/AMF2P+CEt5Gv7OHi/Uf+CkX7D/h2TEn7Pvj6217UPiT4C8MWzOxsPBdhBPqPirQBY2ZFvprfDDUvFXhiS7a41nV/g9aQLtAB/fRRX4Jf8E2/+Dib9gL/AIKGXOk/Dh/Fd1+zX+0xPMmkah+z58dLmw8N63f+JIz5F7pXw98XTy23hr4gyJfR3NvaaTbSaN48litpbrUfAmkopUfvUkiSKGjZXUjIKkEfmM0APooooAKKKKACiiigAooooAKKKKACivBv2oP2jPh7+yR+z98Vv2j/AIprrtx4I+EvhO78S6jo3hSxtNV8ZeLNRM0GmeGPAfgbR7/UdIsda8ffEHxTqGi+CPAuiXmraVa6z4u8QaNpc+p2EV213D2fwf8Ait4J+O3wn+Gfxs+G2qrrnw9+LngHwj8SvBGrqIx/aPhTxvoNh4k0G7kSKWZIpptM1G2a4gEsht5/MhZi0ZoA9GooooAKKQsFGWIA9ScV+Vf/AAUT/wCCzP7Bf/BMnQLiT9oj4uWV38SptPN94d+A/wAO/sXjH4zeJBJCJrN08JW+oWsXhfS79STZ+JfHmpeFfDF0Y5YbbWJ7pBbsAfqm7rGpZ2CqOpYgD9a/Cn/gpX/wcI/sC/8ABON9U8A6r4ym+P37ScLvYab+zt8EbnT/ABN4rs9ccrDaWHxC8Qwzy+HPhsHuprVLjT9bubnxq9rcre6J4J16NTGfwC8Z/ta/8Fz/APguvcS6B8BtD1H/AIJe/sGeJfMgPjeebXk+NXxQ8K3gMZntdftotB8Za7Z6nZETw2PgeD4ZeAr20u77RtW+IPjBIk8z9gP+CbP/AAb7fskfsTjTPGOkeDJPiJ8Ytvn6l8bfiouneKPHLX1x895L4Xhms4dH8CQSvJMqt4asbXXJ7SU2mta/rZDTuAfjZ4l8H/8ABc3/AILy3Z/4aN8Uaj/wTf8A2FfELlrf9n3wJDrdj8SviF4XuyGSz8a2lw+neKPEa31qotdQk+J954T8KR3K2muaL8HLyKQs/wDQp/wTx/4In/skfsK+H7eH4RfC7TrDxNdWaWviD4l+KRaeKfin4ojOxpk1fxld2sF1ZWFwUill8O+GrXw/4WWeNbmDQobgvK37K+Ffh14e8LW8cVjZQoygAsqAEkAZPBI65/z175VCgBQAB2FAHKeHfBuieG7eODT7OGPYoG5U28gD3I7V1gGBgDAFFFABRRRQAUUUUAFFFFABRRRQAUUUUAIyhgQwyD1BrgfFXw68O+KreSK+sYGaQEb2TcRkYyMsK7+igD+cL/gpD/wQF/ZC/bgt9T8ReL/h+PCvxSeBv7P+M3wzGm+E/iJDPFGwtP7duY7C80rxvZwHyoxaeL9L1ee2tEeHR77SJX+0p+MfhP4yf8F5/wDghbcppurjUf8Agqj+wr4bba2n6sfEk3xq+HHhi0ABFlqbx+J/iF4XttP06zxHDMfjJ8MvD+j2v7uHwi1yTF/eu6LIpV1DKexrzPxh8LfDfiyCVLqxgMrqQJNm5gSMZ+ZsZx/k0Aflt/wTe/4Lt/8ABPv/AIKY2em6D8JPignw/wDjfNa79T/Z5+MDad4N+KUNzCmbseGbd9Ru9B+IlhCVkm+2+BNZ124tLLyp9e0/QriRrOP9lVdXGUYMPVTkfpX8uf8AwUb/AODdf9lP9rW/1H4laJ4fvfgf8eEujrWlfG/4NJY+GvEMniK3cXWn6t4w8P2cUOjeM54L6K1uJdUuF0zxoUtYoNN8ZaUAHX8x/Bn7en/Bcj/giFcx+HP2vPBmo/8ABTX9iDw6ywj406HNrM3xp+Hfhe0JVr3X/FFza3/iWBLG3c3eoR/FrT/F+iTzJaaLo/xg0i1Q7QD+8aivy7/4J7/8Fif2C/8Agpf4dgvP2bfjLpknj+HTkv8AxH8D/Hn2XwZ8afCwWJZbv7d4Jvb6dte06w3rHd+JvA+oeK/CEczLAPEDzkxD9QwQwypBB6EcigBaKKKACiiviTxj/wAFMP8AgnD8O/FniTwF8QP+CgP7EngXx14N1zU/DPi/wX4x/as+BPhjxZ4U8SaLeS6frPh/xJ4c1vx5Y6xoeuaTfwT2Op6Tqlna39heQy211bxTRugAPtuiqGl6rpmuaZp2t6JqNhrGjaxYWeqaRq+l3dvqGmappmoW8d3Yajp1/aSTWt9YX1rNFc2d5bSy29zbyxzQyPG6sSgD8aP2vP2jrn42/twfBb9iX9mfUP2Ufjf8V/2cFP7Vv7RP7P8A8a/2nJfgqLqVdH1Xw58BPDTr4O+BH7TPi3xBr3hTxDrNz8ffEPhSH4d6VP4FPhb4EeMvFGv6PpXxD8D2vi7xT/gh5+0L4V+HEv7S/wDwSh+JPj34F6P8f/2Jfjx8RYfhn8I/hl8cLX4wWUH7L3xM1Wf4qeAvC3hHxlq/hT4ZeJ/Ht/8As66p4o8TfAv4k2cvw08Ka38PP+EO8GDxb4V8I2/i/wAMadL/AEI1DcTpbQyTynakalmPsKAJs45PAr4a/bd/4KP/ALGv/BPDwA3xA/at+N/hT4cW93b3Uvhnwm1yda+Ivjm4tRh7LwP8P9HF54p8SSLO8NtdX9npv9i6O9xBNr2qaVZs10v8hH/BYv8A4OpPjb8OPj18WP2IP2MfBOl/s8a98OPHviD4UfET9qT46abJ4p1HRdV0TUpdI1HxB8Ofhx4S07xzZ2nh9Xtzqei+LNe0rx9quuaFfQXEHw20XURC9fl3+yRr3/BCxfiQ/wC0l/wUs/4KOeKP25v2mNdu4NX1/V/if8Ef2vPE3w007UE+aK1j8P618GNS1Px5b6WGksrBfGk48JjT1totP+HehG0gCAH64fEr/gr9/wAFev8AgsnqmpfDn/glV8GNZ/Yu/ZT1G7u9F1X9r/4rqbL4ha9pfmtbXcvhXV7O21vS/DF80Bmgl0v4U2Hj/wAX6NqC2lyfiR4TDvJF9u/8E8v+Db39nf4D+I4fjR8d7jWv2tP2kdU1F/EfiH4xfHFf+Ehtl8S3cn2i91nw54K1y51q0t9Tkutl6viTxbqXjLxlDqAkvLHxHp6zG1j9O+G3/Bwx/wAG/vw903TtO0z9sCzsrbTLS2srGzsf2XP2sLOzsbS0iWG2s7O1s/gLHbW1rbRIsNvbwRJDDEqpGiooUe6wf8HRv/BCu3RUh/bVkRVGAB+zT+1z0/8ADDUAftz4L+E3hrwlBGILKFp1A3SGNQxYYJJ2sR97J/GvVEjSNQkahVHAA6ACv5+P+IpX/ghj/wBHsTf+I0/tc/8AzhqP+IpX/ghj/wBHsTf+I0/tc/8AzhqAP6CqK/n1/wCIpX/ghj/0exN/4jT+1z/84aj/AIilf+CGP/R7E3/iNP7XP/zhqAP6CqK/n1/4ilf+CGP/AEexN/4jT+1z/wDOGo/4ilf+CGP/AEexN/4jT+1z/wDOGoA/oKor+fX/AIilf+CGP/R7E3/iNP7XP/zhqP8AiKV/4IY/9HsTf+I0/tc//OGoA/oKor+fX/iKV/4IY/8AR7E3/iNP7XP/AM4aj/iKV/4IY/8AR7E3/iNP7XP/AM4agD+gqiv59f8AiKV/4IY/9HsTf+I0/tc//OGo/wCIpX/ghj/0exN/4jT+1z/84agD+gqiv59f+IpX/ghj/wBHsTf+I0/tc/8AzhqP+IpX/ghj/wBHsTf+I0/tc/8AzhqAP6CqK/n1/wCIpX/ghj/0exN/4jT+1z/84aj/AIilf+CGP/R7E3/iNP7XP/zhqAP6CqK/n1/4ilf+CGP/AEexN/4jT+1z/wDOGo/4ilf+CGP/AEexN/4jT+1z/wDOGoA/oKor+fX/AIilf+CGP/R7E3/iNP7XP/zhqP8AiKV/4IY/9HsTf+I0/tc//OGoA/oGkijmUpIgdSMEH0ryXxr8HvDHi63mWexgE0isN5iVjlhj+NtpGCRgg9T+P4p/8RSv/BDH/o9ib/xGn9rn/wCcNR/xFK/8EMf+j2Jv/Eaf2uf/AJw1AHxZ/wAFAv8Ag24/Z5+NXiWf41fs/wBzrv7In7R2l6i/iPw98XvgSf8AhHLI+J45GubfWdf8E6FcaLayakt08l1J4h8G6p4J8WXF9Kb7Ude1Ixi3f4v+Hn/BXX/gsT/wRv1Cz8Cf8FQ/grqn7cP7J2k3UGmWX7XPwmVp/iP4a0fz47Szn8WarcWej6Vr11HAkUEenfFnSvAviPWtVup5F+K3icRJ5v7Oz/8AB0b/AMEK7lDHN+2rJIpGCG/Zp/a5P/vBq8O+If8AwcO/8EAPHdje2l5+2HbzJf21xa3UFz+y/wDtZXNvdW91E0E9vcwXPwGeCe3nikkjmhlR45Y3ZHVlYggH7E/sM/8ABTf9in/gov4I/wCEz/ZU+OPhbx7cWVpBdeJ/AVzOfD3xR8DtMyQmLxj8O9aNp4o0eAXbNZ22t/YLjw1q88MraDreq2yi4b73BB5BBHqOa/y+f2w9c/4IB+LPH8f7Qn7A3/BQjxT+w5+0voV9Jrnhrxj8GfgT+1r4X8DTa0Glm82fwjo3wd8P3ng6e8Pl2T3/AMPtX0HTYLeS5udS8KeI5pXil+yP+CZX/B2b8cfA/wAU/Bn7LX7cOmaF+194Y1zxf4b+HPg79qb4FaTqng/x5qN3rup2ehaPqPiLwD468OfDa08b6fPeXtnDLqP/AAjnwt8U2ltDdXl9pXi7U7geYAf6H9fz73eq/tN2X/BYr/gozp/7OfwP/Z5+N41r9if9gix8caN+0F+0J46+BWl2lnJrv7X8Oj2ej2vg79lz9pS28dQa8LjWLXX9O19/AVpp9vbWMcV9rEesXh0X9/rK7ivrWG7gO6KZFdT7MAf61+f/AIh/4Jefsl+JPjD8Sfj9LL+1Z4e+LvxebTl+InjL4e/8FCv+CgnwuufEOm6JqOv6r4b8NHTPht+0/wCFNC0rwV4QvfFXiR/BPgXRNL03wb4Jh1zVLPwnoWjWd5PbuAfOX/BBO88J2f8AwTi8C/Dbw7eeORr3wO+MH7R/wd+KnhTx54T0TwTc/C74u+Gfjj441Lx78JPCfh3wv8SvjH4Xsvhn8NtS11PCvwwPh74peNLCXwJp+gvPqGn6odQ0HSCv0s/Z2/Zy+B37Jnwc8Efs/wD7OXw18OfCb4QfDvS10nwn4L8Mw3P2S0iLtPeahqWpajc32ueJPEes3sk+qeJPFnibU9Y8UeKNaur3XPEWsapq97d3sxQB7XVS+tVvbSe1bhZo2Q/iCO/HeiigD8gPi1/wRs/Ys+LvxG8SfE3xt+y5+zf4u8X+LNTm1jxH4k8U/Aj4UeIfEGvalPtEmoa3rWseF7vU9VvpEREku9QuLieREQM52jHKR/8ABD79gKNQo/Yp/Y/fHd/2X/gQ5P4v4HY/mSaKKAJP+HIX7AX/AEZP+x5/4i58Bf8A5haP+HIX7AX/AEZP+x5/4i58Bf8A5haKKAD/AIchfsBf9GT/ALHn/iLnwF/+YWj/AIchfsBf9GT/ALHn/iLnwF/+YWiigA/4chfsBf8ARk/7Hn/iLnwF/wDmFo/4chfsBf8ARk/7Hn/iLnwF/wDmFoooAP8AhyF+wF/0ZP8Asef+IufAX/5haP8AhyF+wF/0ZP8Asef+IufAX/5haKKAD/hyF+wF/wBGT/sef+IufAX/AOYWj/hyF+wF/wBGT/sef+IufAX/AOYWiigA/wCHIX7AX/Rk/wCx5/4i58Bf/mFo/wCHIX7AX/Rk/wCx5/4i58Bf/mFoooAP+HIX7AX/AEZP+x5/4i58Bf8A5haP+HIX7AX/AEZP+x5/4i58Bf8A5haKKAD/AIchfsBf9GT/ALHn/iLnwF/+YWj/AIchfsBf9GT/ALHn/iLnwF/+YWiigA/4chfsBf8ARk/7Hn/iLnwF/wDmFo/4chfsBf8ARk/7Hn/iLnwF/wDmFoooAP8AhyF+wF/0ZP8Asef+IufAX/5haP8AhyF+wF/0ZP8Asef+IufAX/5haKKAD/hyF+wF/wBGT/sef+IufAX/AOYWj/hyF+wF/wBGT/sef+IufAX/AOYWiigA/wCHIX7AX/Rk/wCx5/4i58Bf/mFo/wCHIX7AX/Rk/wCx5/4i58Bf/mFoooAP+HIX7AX/AEZP+x5/4i58Bf8A5haP+HIX7AX/AEZP+x5/4i58Bf8A5haKKAGSf8EPv2ApFKn9in9j9fdP2X/gQh/NPAyn9ak8K/8ABEP9hLwv4s0TxZpX7I/7Lml6roGq2Gs6Tfad+zx8HLK80zVNMuor3T9R065tvCUU9lf2N3DFdWd3bPHcWtzFFNBKkkaMpRQB+zmjaculadbWKncLeNYwcAZCjAyAAAcdcVqUUUAFFFFAH//Z\" alt=\"\" width=\"278\" height=\"88\" />', 'Y', 10),
(55, 'Jika diketahui matriks A =<img title=\"\\begin{pmatrix} 1 &amp; 0 \\\\ 2 &amp; -1 \\end{pmatrix}\" src=\"http://latex.codecogs.com/gif.latex?\\begin{pmatrix}&amp;space;1&amp;space;&amp;&amp;space;0&amp;space;\\\\&amp;space;2&amp;space;&amp;&amp;space;-1&amp;space;\\end{pmatrix}\" />, B = <img title=\"\\begin{pmatrix} 2 &amp; 1 \\\\ 1 &amp; 3 \\end{pmatrix}\" src=\"http://latex.codecogs.com/gif.latex?\\begin{pmatrix}&amp;space;2&amp;space;&amp;&amp;space;1&amp;space;\\\\&amp;space;1&amp;space;&amp;&amp;space;3&amp;space;\\end{pmatrix}\" />&nbsp;, C = <img title=\"\\begin{pmatrix} 1 &amp; 1 \\\\ 2 &amp; 3 \\end{pmatrix}\" src=\"http://latex.codecogs.com/gif.latex?\\begin{pmatrix}&amp;space;1&amp;space;&amp;&amp;space;1&amp;space;\\\\&amp;space;2&amp;space;&amp;&amp;space;3&amp;space;\\end{pmatrix}\" />&nbsp;maka harga A x B &ndash; C adalah &hellip;', 'Y', 10),
(56, 'Jika diketahui A = <img title=\"\\begin{pmatrix} 5 &amp; 2\\\\ 8 &amp; 3 \\end{pmatrix}\" src=\"http://latex.codecogs.com/gif.latex?\\begin{pmatrix}&amp;space;5&amp;space;&amp;&amp;space;2\\\\&amp;space;8&amp;space;&amp;&amp;space;3&amp;space;\\end{pmatrix}\" />, maka matriks transpose dari matriks invers A<sup>-1</sup> adalah &hellip;', 'Y', 10),
(57, 'Jika <img title=\"\\begin{pmatrix} -1 &amp; 2\\\\ 3 &amp; 2 \\end{pmatrix}\" src=\"http://latex.codecogs.com/gif.latex?\\begin{pmatrix}&amp;space;-1&amp;space;&amp;&amp;space;2\\\\&amp;space;3&amp;space;&amp;&amp;space;2&amp;space;\\end{pmatrix}\" /><img title=\"\\begin{pmatrix} x\\\\ y \\end{pmatrix}\" src=\"http://latex.codecogs.com/gif.latex?\\begin{pmatrix}&amp;space;x\\\\&amp;space;y&amp;space;\\end{pmatrix}\" />&nbsp;= <img title=\"\\begin{pmatrix} -1\\\\ 11 \\end{pmatrix}\" src=\"http://latex.codecogs.com/gif.latex?\\begin{pmatrix}&amp;space;-1\\\\&amp;space;11&amp;space;\\end{pmatrix}\" />&nbsp;maka harga x dan y adalah &hellip;', 'Y', 10),
(58, 'Bila x<sub>1</sub> dan x<sub>2</sub> adalah harga &ndash; harga x yang memenuhi persamaan <sup>5</sup>log<sup>2</sup>x &ndash; <sup>5</sup>logx &ndash; 20 = 0 maka nilai dari x<sub>1</sub>.x<sub>2</sub> adalah &hellip;', 'Y', 10),
(59, 'Jika suatu deret aritmatika diketahui suku ke-4 adalah 26 dan suku ke-9 adalah 61. Maka jumlah 16 suku pertama deret tersebut adalah &hellip;', 'Y', 10),
(60, 'Rata &ndash; rata nilai ujian kelas A yang terdiri dari 30 siswa adalah 85. Setelah kelas A digabungkan dengan kelas B, nilai rata &ndash; rata ujianya menjadi 81. Maka nilai rata &ndash; rata ujian kelas B yang terdiri dari 40 siswa adalah &hellip;', 'Y', 10),
(61, 'Nilai dari <img title=\"\\lim_{x\\rightarrow 3}\\frac{2x^{x}-9x+9}{9-x^{2}}\" src=\"http://latex.codecogs.com/gif.latex?\\lim_{x\\rightarrow&amp;space;3}\\frac{2x^{x}-9x+9}{9-x^{2}}\" />&nbsp;adalah &hellip;', 'Y', 10),
(62, 'Nilai dari <img title=\"\\lim_{x \\rightarrow \\infty} \\left [ \\sqrt{(x+1)(x+2)^2}-x \\right ]\" src=\"http://latex.codecogs.com/gif.latex?\\lim_{x&amp;space;\\rightarrow&amp;space;\\infty}&amp;space;\\left&amp;space;[&amp;space;\\sqrt{(x+1)(x+2)^2}-x&amp;space;\\right&amp;space;]\" />&nbsp;adalah &hellip;', 'Y', 10),
(63, 'Nilai dari <img title=\"\\lim_{x\\rightarrow 0}\\frac{4x^2}{1-cos2x}\" src=\"http://latex.codecogs.com/gif.latex?\\lim_{x\\rightarrow&amp;space;0}\\frac{4x^2}{1-cos2x}\" />&nbsp;adalah &hellip;', 'Y', 10),
(64, 'Turunan pertama fungsi f(x) = 5 x<sup>2/5</sup> adalah <img title=\"f\'(x)\" src=\"http://latex.codecogs.com/gif.latex?f\'(x)\" />&nbsp;. <img title=\"f\'(32)\" src=\"http://latex.codecogs.com/gif.latex?f\'(32)\" />&nbsp;Nilai adalah &hellip;', 'Y', 10),
(65, 'Turunan pertama dari fungsi trigonometri <img title=\"f(x)=sin 5x+\\frac{1}{secx}\" src=\"http://latex.codecogs.com/gif.latex?f(x)=sin&amp;space;5x+\\frac{1}{secx}\" />&nbsp;adalah &hellip;', 'Y', 10),
(66, 'Turunan kedua dari fungsi rigonometri f(x) = 4 sin.cosx adalah &hellip;', 'Y', 10),
(67, 'Persamaan garis singgung pada kurva y = x<sup>2</sup> &ndash; 5x pada titik (1, -4) adalah &hellip;', 'Y', 10),
(68, 'Sebuah mobil bergerak mendaatar yang dinyatakan dalam fungsi <img title=\"s=\\frac{2}{3}t^3-7t^2+20t+5\" src=\"http://latex.codecogs.com/gif.latex?s=\\frac{2}{3}t^3-7t^2+20t+5\" />&nbsp;, dimana s diukur dalam meter dan t dalam detik. Mobil mencapai kecepatan nol pada saat t adalah &hellip;', 'Y', 10),
(69, 'Nilai <img title=\"\\int x^2(1-x^3)^\\frac{1}{2} dx\" src=\"http://latex.codecogs.com/gif.latex?\\int&amp;space;x^2(1-x^3)^\\frac{1}{2}&amp;space;dx\" />&nbsp;&nbsp;adalah &hellip;', 'Y', 10),
(70, 'Nilai <img title=\"\\int (x-1)^4 dx\" src=\"http://latex.codecogs.com/gif.latex?\\int&amp;space;(x-1)^4&amp;space;dx\" />&nbsp;adalah &hellip;', 'Y', 10),
(71, 'Hasil dari <img title=\"\\int_{0}^{1}x(1-x^2)^{\\frac{1}{2}} dx\" src=\"http://latex.codecogs.com/gif.latex?\\int_{0}^{1}x(1-x^2)^{\\frac{1}{2}}&amp;space;dx\" />&nbsp;adalah &hellip;', 'Y', 10),
(72, 'Nilai dari <img title=\"\\int (4 cos^2x-2) dx\" src=\"http://latex.codecogs.com/gif.latex?\\int&amp;space;(4&amp;space;cos^2x-2)&amp;space;dx\" />&nbsp;adalah &hellip;', 'Y', 10),
(73, 'Luas daerah yang dibatasi oleh kurva y = 2x &ndash; 6, sumbu x, garis x = 1, dan garis x = 3 adalah &hellip;', 'Y', 10),
(74, 'Dua bilangan jika dijumlahkan sama dengan 67 dan selisihnya 45. Kedua bilangan tersebut adalah &hellip;', 'Y', 10),
(75, 'Ingkaran dari pernyataan &ldquo;Semua peserta ujian berdoa sebelum mengerjakan soal&rdquo; adalah &hellip;', 'Y', 10),
(76, 'The government is trying to get people .... smoking.', 'Y', 7),
(77, 'I do not want to take too . . . with me when I go travelling.', 'Y', 7),
(78, 'The word &ldquo;relief&rdquo; in the last sentence means&hellip;', 'Y', 7),
(79, 'Rustam : &ldquo;If you din&rsquo;t know about electronics, never try to repair the tape player. Send it to the workshop.&rdquo;\r\n<p>Angga&nbsp;&nbsp; : &ldquo; Yes, sir&hellip;in the workshop in town.&rdquo;</p>', 'Y', 7),
(80, 'This is how make a website with WordPress, but they are not in the correct order.<br />\r\n<ul>\r\n<li>Customize the template with your website&rsquo;s name and logo</li>\r\n<li>Log in to the administrative area and choose a template</li>\r\n<li>Tweak the design until you&rsquo;re satisfied with how it looks</li>\r\n<li>Download and install the WordPress software</li>\r\n<li>Post your content-the next, images and audio video that provide the important information on your site</li>\r\n<li>Purchase a domain name and a hosting package from a provider</li>\r\n</ul>\r\nThe correct order is&hellip;', 'Y', 7),
(81, 'Part retriever is used to&hellip;', 'Y', 7),
(82, '<strong>Question 7-9 are based on the following passage.</strong><br />\r\n<p>The Bermuda Triangle occupies a disturbing and almost unbelievable place in the world&rsquo;s catalog of unexplained mysteries. More than a hundred planes and ship have vanished in this area into the air since 1945, and more than a thousand lives have been lost, without a single body or even a piece wreckage from the vanishing planes or ships having been found.</p>\r\n<p>Many of the planes concerned have vanished while in normal radio contact with their base until the very moment of their disappearance, while others have radioed the most extraordinary messages, implying that they could not get their instruments to function, that their compasses were spinning, that the sky had turned yellow and hazy on a clear day, and the ocean, which was calm nearby, didn&rsquo;t look right without further clarification of what was wrong.<br /><br />The passage mainly deals with&hellip;</p>', 'Y', 7),
(83, 'It is pointed out in the passage that&hellip;', 'Y', 7),
(84, 'We can infer from the passage above that&hellip;', 'Y', 7),
(85, 'Jim : &ldquo;I am going to fix this sofa. Could you give me a hand?&rdquo;<br />Bill : &ldquo;Sure. What time are you going to start?&rdquo;<br />Jim : &ldquo;After lunch . . . about at 2 o&rsquo;clock?&rdquo;<br />Bill : &ldquo;Ok', 'Y', 7),
(86, 'She speaks excellent English. She . . . lived in England for a long time', 'Y', 7),
(87, 'Jim will need . . . about the climate before he makes a final decision', 'Y', 7),
(88, '<p><strong>Question numbers 13-16 refer to this text</strong></p>\r\n<p>&nbsp;&nbsp;&nbsp;&nbsp;&nbsp;&nbsp;&nbsp;&nbsp;&nbsp;&nbsp;&nbsp;&nbsp;&nbsp;&nbsp;&nbsp; Every second, one hectare of the world&rsquo;s rainforest is destroyed. That&rsquo;s equivalent to two football fields. An area the size of New York City is lost every day. In a year, that adds up to 31 million hectares &ndash; more than the land area of Poland. This alarming rate of destruction has serious consequences for the environment: scientists estimate, for example, that 137 species of plant, insect or animal become extinct every day due to logging. In British Columbia, where, since 1990, thirteen rainforest valleys have been clearcut, 142 species of salmon have already become extinct, and the habitats of grizzly bears, wolves and many other creatures are threatened. Logging, however, provides jobs, profit, taxes for the government and cheap products of all kinds for consumers, so the government is reluctant to redirect or control it.</p>\r\n<p>&nbsp;&nbsp;&nbsp;&nbsp;&nbsp;&nbsp;&nbsp;&nbsp;&nbsp;&nbsp;&nbsp;&nbsp;&nbsp;&nbsp;&nbsp; Much of Canada&rsquo;s forestry production goes towards making pulp and paper. According to the Canadian Pulp and Paper Association, Canada supplies 34% of the world&rsquo;s wood pulp and 49% of its newsprint paper. If these paper products could be produced in some other way, Canadian forests could be preserved. Recently, a possible alternative way of producing paper has suggested by agriculturalist and environmentalists : a plant called hemp.<br /><br />The number of species of salmon that have become extinct in British Columbia was&hellip;</p>', 'Y', 7),
(89, 'The main idea of the first paragraph is ...', 'Y', 7),
(90, 'The word &ldquo;reluctant&rdquo; is closest in meaning to . . .', 'Y', 7),
(91, 'All the following statements are correct, exception . . .&nbsp;', 'Y', 7),
(92, 'Look at the electronic tools below<br />(gambar)<br />Which one of the electronic tools above is a wire cutter?', 'Y', 7),
(93, '. . . is used to clean away the layer of oxidization on the copper tracks?', 'Y', 7),
(94, 'Bill put a load of clothes into the washing machine. An hour later, he unloaded the damp clothes and put them into the dryer. Later, he unloaded the clothes and carried them upstairs in a basket. To his dismay, Bill noticed that the load of laundry just didn&rsquo;t smell nearly as fresh as usual.<br />\r\n<p>One of the following is the reason why. Which one is it?</p>', 'Y', 7),
(95, 'The signal from the cable is too strong for our television. We&rsquo;ll have to use a filter to <strong>attenuate&nbsp;</strong>it.<br />When you attenuate something, you . . .', 'Y', 7),
(96, 'Tekanan adalah perbandingan gaya dengan luasan maka dimensi tekanan adalah ...', 'Y', 16);
INSERT INTO `question` (`id_question`, `question`, `status`, `id_chapter`) VALUES
(97, 'Dua vektor A dan B masing-masing mempunyai magnitude 20 N dengan arah seperti pada gambar. Komponen X untuk vektor A dan B adalah &hellip;<br /><img src=\"data:image/jpeg;base64,/9j/4AAQSkZJRgABAQEA3ADcAAD/2wBDAAMCAgMCAgMDAwMEAwMEBQgFBQQEBQoHBwYIDAoMDAsKCwsNDhIQDQ4RDgsLEBYQERMUFRUVDA8XGBYUGBIUFRT/2wBDAQMEBAUEBQkFBQkUDQsNFBQUFBQUFBQUFBQUFBQUFBQUFBQUFBQUFBQUFBQUFBQUFBQUFBQUFBQUFBQUFBQUFBT/wAARCAF3AZYDASIAAhEBAxEB/8QAHwAAAQUBAQEBAQEAAAAAAAAAAAECAwQFBgcICQoL/8QAtRAAAgEDAwIEAwUFBAQAAAF9AQIDAAQRBRIhMUEGE1FhByJxFDKBkaEII0KxwRVS0fAkM2JyggkKFhcYGRolJicoKSo0NTY3ODk6Q0RFRkdISUpTVFVWV1hZWmNkZWZnaGlqc3R1dnd4eXqDhIWGh4iJipKTlJWWl5iZmqKjpKWmp6ipqrKztLW2t7i5usLDxMXGx8jJytLT1NXW19jZ2uHi4+Tl5ufo6erx8vP09fb3+Pn6/8QAHwEAAwEBAQEBAQEBAQAAAAAAAAECAwQFBgcICQoL/8QAtREAAgECBAQDBAcFBAQAAQJ3AAECAxEEBSExBhJBUQdhcRMiMoEIFEKRobHBCSMzUvAVYnLRChYkNOEl8RcYGRomJygpKjU2Nzg5OkNERUZHSElKU1RVVldYWVpjZGVmZ2hpanN0dXZ3eHl6goOEhYaHiImKkpOUlZaXmJmaoqOkpaanqKmqsrO0tba3uLm6wsPExcbHyMnK0tPU1dbX2Nna4uPk5ebn6Onq8vP09fb3+Pn6/9oADAMBAAIRAxEAPwD9UGIwRnnHSvzs8ef8FCtR8L/tnHwXE7f8Iza3H9hS284EUIu2nRWmclNx2hXAKnB3A9Ca+t/2lviFqnwy+C/ibX9HhuLnU7e1ZbdbaEzFHKkCQqGUkL1O0gggHBAr8AfFSa3d+Lpb3WlvpNevJFvpDcrILiV5fnVyDkkncoOR2wDmgD+lK2mWYkggjsRgjHbH51br5u/YL8d+MviB+z3ouo+OLP7DqcLNaQBoZI2e3jG1HcSMSWIGS3Q9ABivpDcPWgBaKarhs4IJ9jS0gFooopgFFFFABRRRQAUUUUAFFFFABRRRQAUUUUAFFFFABRRRQAUUUUAFFFFABRRRQAUUUUAFFFFABRRRQAUUUUAFFFFABRRRQAUUUUAFFFFABRRRQAUUUUAFFFFAGLq/h+01yHyL+1iu4FYP5ci7gCARnB68E9AOpr45+Kvg/Tpv26vCslro+mhbjwpcNdXU1uZk+R1WItEMGRgseFAI28nkLk/bz42Nk446mvj74o3S6Z+3p4En8pXdvCF6B5zFIQfOXOZQh8vAPXjOQDgHBAPqayhg0jTTHbW6xQwgt5cQwMZOcAZ5Jycc8968X/Z9/aq0n44+OvGvhOHRtY0fV/DcymePVIo0Xy2YqhQo7ZB2MRkAj0r3RY45IwASR0OR155Bz3Jx1618GfHRYP2Of2nLD4g6Bo19c6B4whkg8QWOnRRARIm0CWNAwyQ7gksAMnAOWNAH2b4U8bf8JF4t8QaTHp11Zpo0scT3EpjaKdmUN+7KkkYzghgDnBxgg123r6V518GPDq6L4ZSSSVJrq4eRpJIp2mD4kYKzuQCzlQNxIyDkcgA16NQAUUUUAFFFFABRRRQAUUUUAFFFFABRRRQAUUUUAFFFFABRRRQAUUUUAFFFFABRRRQAUUUUAFFFFABRRRQAUUUUAFFFFABRRRQAUUUUAFFFFABRRRQAUUUUAFFFFADWxtOTgYr47+LWmWV5+3J8PLkyyS6vaeGbqSKwjiYyYMp+ZCHVWA5BVsgjJOSAK+xH5Rh7V8a/GDSXi/bo8DamPOhtj4Tu45W8wG3YiYELNHgkqdx+6Mk7TkYJIB9a3V5Fp8JuLuVYIo8kux9OB+JBwMc845r5a8RfF/wV+1p4kvvhnosWoajaW5ntdYuJ7ZorRWVgUjLDJJZo3GCAMAnIIU19VRqLhTG/zjHOeTwcZz26Hvnrz0qlpPg/SNCkvJdN0y1sJb2UzXElvAitLIerMQOSehJ5/nQBp2NnFZxrFEG2qoUMzlzx6kkkn3JJPc1cpirtyScmn0AFFFFABRRRQAU3dwT2pazNeheTS5/KMgkVS6+WSDuAyBgdRkDigDQEu44APt/jSrIGJA54zwc1+Retf8FK/jN8EvFt74Y8R+EtGku7Fh54vGujK6Ehlbc0rEHaSOmRkAkkYPt37KP/AAUW8TftAfFS18LXngdbQysWEmmF5o4ogcFpHYgKMgnO05BAGOtID9CKWmKc44x6U+gAooopgFFFFABRRRQAUUUUAFFFFABRRRQAUUUUAFFFFABRRRQAUUUUAFFFFABRRRQAUUUUAFFFFABRRRQAUUUUAFFFFABRRRQAjcgivjL4zR3Nr+3v8KZ4DHLE3hrUAVaMBkAbJIkMiiMsCADggDIwQRX2Y2Npz0xXxr8bb23t/wBvz4RW88C3MM3h3U1lhcBgM4P3SCGJA4UdcdaAPr6zwrlCc4xgZGcYPYdqu1WtYliUbU2DjAH0P5VaoAKKKKACiiigAooooAKilQtgg5A6jGalpCARjtQB+ZH/AAVT/ZfOof2L8Q/C+l3N3rN1cx6ZfW9mC5kLkiNgixFiSQFBLgcgYyc1w/7L/wAHfi5+yF4X0n4y2WmWfi3w/r2nwnUtB0+ORtUhtn/eAgMAFYMAGHzAAnJzzX6zXVjb30YSeFJ0DBgJFDYIOQR7g96kkiXYTgk9fejTqB5f8Gf2jPBfxy8O2mqeGtTjlmkhMs2nyMBPakEB1lXqpVjg9QeCMg16fbzGZWOBkHHFfIHxl/YR0m98SN4t+GN7J4D8Ryhmu5bGaTyZwsZKgwqQHDOFDAkcMxBzwWfBz9sbWvB/iTR/hz8dvD0ngjxfqBji0nUFQva6mGZlQYUEREYAOWPJGQvd2uB9k0VVtLyO8j8yKVJUzgMhBH0OO9WaQC0UUUAFFFFABRRRQAUUUUAFFFFABRRRQAUUUUAFFFFABRRRQAUUUUAFFFFABRRRQAUUUUAFFFFABRRRQAUUUUAFFFFADWzjHevjX45XEtr/AMFB/glKriML4e1fLMcADaeSRzg57dK+yz0r4y+PFxGv/BQn4Gl4I5zHoWquqSDjIBwQegI5wTwO9AH2NatvjVvlO4A5Xp07VYqrZksgfGdwBzn2+tWqACiiigAooooAKKKKACiiigAooooAZtHpx3FeY/HH4BeEPj3odtpHi3Tf7QtYJRPBtIV45Achg4G4DjBAIBzzzgj1GkwDwelAH58S3PxV/wCCfdjGIoP+E++DNrcqoMYAvrGNiGd2AHzBRv69SOSBX2L8Mfjd4P8Ai5oMOseGNbt9QtHVCcko6FuNrBgDnORgDkjiu3vLKK7gkhmRJIXUq0bqCrDuCD1BHGDXyF8fP2IpNR8UHx38IrxPAnjFCJ5ItNaS1h1CQMDtmCSBcMMg4TJyck9KAPsWOQSLkdKkr5H+DH7W3iHSvEQ8BfG/QoPBfi+K2N0NSSQLptxGACCsjH755yoJORjjNfVFhqsGoWkFzbyLNbTIrxyKcq4IyCD6EUAaFFFFABRRRQAUUVHIxGMHH40ASUV8W/Hf/gpx4L+BvxQ1rwVe+H9V1S70lo0luLZlWIsyhiuSc5AYc9DmuO07/gsJ8ObrUktbvw5rFkhnMbT7o2VUyfmODk8DOB6jsaAP0Dorlfhz8QtK+J/gvS/E2iySS6dqEQli8xCrYPqCBzXU9qAFooooAKKKKACiiigAooooAKKKKACiiigAooooAKKKKACiiigAooooAKKKKAEb7pr4q/aGW4m/b6+CMNtHG0zaFqu0spdQCOSyBwZAB1UEFvUYr7UbG0knivi/4/3TW37fHwRnW2aaJtD1aESKSqLIQR8zhW2gEZLAHGKAPsWx8wRqHxuAAO1do6dlycfQk1dqnZMzwxkgD5R0JPbsSBke+BVygAooooAKKKKACiiigAooooAKKKKACiiigBOuRimtGHxkZwc0+igDzD43/APwX8ffDv8AYvi7SFv41BMFxGQk9sxH3o3wSrdsgHqeK+Q4YfjT+w/4gggi0qX4ofCb7VJBayRrJc6vZ2xYskbuCiKod+SytyABgV+hdU76zjvreSCaPzYpAVdW6EHqPxoA4T4R/Grw58ZNKbUfD2pW915YT7RbxyrI0DMoYBipODg4xnIPUV6NkdM818ZfF39im/8AD+oa944+C2oN4M8ZzL9oFqt1ItrcSKclTEuUyyjAJGQwHOCSNL4C/trPr/iqw+HnxR8K6l4E+IK2oZmvlBt75gBkxlR8pI5IPA5GTTfkB9eUVXhuoZo1kSRXRgGDKcjB6c1PuHrzUq4C1FICcc4//VUtRyYxgjIPGPwpgfjL8eviVoHwV/4KGeMPEfinwl/wmOkq6hrGe4SU/NAgBQFAqhSCArZIAPPNR/HT9uT4XfEf4Z6z4a8PfA6x8PajqVr5C6tcLAptiePMQIhJIxxkjqeR32PiZ4z8G/CX/gph4n8R/EOGO78MErKWbTjcBGa3jCN5eDuGQRkZ557V69+0T+2z+zZ4q+CPizR/C1pY3PiDUtOlgsoW8PNCPMI2rlig2HPOSQccjrTA+oP2F9H0LRf2cfDsXh7xC3ibT5EaQ38khkbzCSXiY9BsbKgADAXHavolCdoJz+OP6V8X/wDBLPwn4h8P/sy2TarbXVha3V/dXFra3YIZo2cYkClQUBw2Blgc7gRnFfaKfdH9aQDqKKKACiiigAoopjSIvVwPqaAH0UUUAFFFFABRRRQAUUUUAFFFFABRRRQAUUUUAFFFFADW+6e3FfGPx2WRv2/vgcInfcuh6qRGsm1iAvUAkAk44BOD3r7ObG05OBjrXx38cI4pf29PgrDdSsLFNC1eWWIqCG+Q5BXBznABwMjsaAPruxYeWoG4HAyGHPQdccZq3VKxVDHGYwFj2jauAMDHQDAxV2gAooooAKKKKACiiigAooooAKKKKACiiigAooooAKKKKAI5ELLgdc5ry/4sfs4+BPjTpIsfFPh61vCr+YlxGgimVgDgiRcNwTnGcE4J5FeqUh5prQD4X8O6p8Zf2L9Mj8PanoU3xS8CQyMbLUNOYJPplnGABEYycsBGpwB1IxnmvqH4RfHDwr8Z/C9jrnhy+EkVxGHa1mISeIkE7XQ4IxtbnGODg13l5p8V7G6SqWR12sAxBI9OCMV8nfGf9i/zvFV58S/hXqk/gvx7DEGhtNNkFpZ38gkZ3F1tAMgckFixOQoHbNAj65WQMeDz6cUsgzggZ+lfH3wf/bstI9el8E/Fu0/4QzxhasYpLu6UwWNywJJMTMRlQoyWOAcjGc19cWOoQahZw3MEiywTRrLHIhyrKRkEHuCCKQLU8R+I37Evwi+LHi248TeJ/C66nrFwd0tw9xIC/wAoUAjOAAAMAAYrGg/4J4/AO22mL4fWO5WBBaSQ8joSC2Dzz0r6RDAkgHkU6mMo6NpNtoWk2mnWcEdtaWsaxRQxjCoqjAAHYAAVeoopAFFFFABRRRQAVXmtUmUB1DDIJDAEcVYooAYq7c0+iigAooooAKKKKACiiigAooooAKKKKACiiigAooooARs7TjrXxt+0glzF+2f8BJ4DaRFoNTj+0TRSCXBTJVZFIUewYEAnJyOK+yW+6a+Nf2hrlP8AhuP4EWZikWYadqsolE2EOY8BRGRhjk5wCCeRx1oA+vrFi0SDr8oO7I5znPQAdutXapaerJCgY5baMnGOcc8duew6VdoAKKKKACiiigAooooAKKKKACiiigAooooAKKKKACiiigAooooAKjkiEgORg1JRQB5X8c/2d/Bfx+8JXug+K9HS6NxC0cV/CFS5tWIGJIpCDtYEKRkEEqAQRkH5TWX41/sL3WmW62lx8TvhEIn+0Rogm1LTVUAlmmCxggA4GVxhSAM8n7/bnr0qjqek2+q27QXMMdxA2A0cyBlYA5AIPvTEcB8E/jx4W+OXguw8S+HtQimhukBltfNVpraQgExyAE7WGQD0Gc16VFMky5Q5FfKvxM/ZCHhTWrv4gfBq203Q/Hm+W4ktrxp1s7vcBlQkTqFfIyCQQSSDjOa1Pg/+2Np3iDWrrwj438N6p4G8cWbosml3sLyGZSEVrhGChfKMpYAgkYAJIzgHmhn01RUMdwsigqQy/wB5SMVLSAWikpaACiiigAooooAKKKQn0HOKAFoqH7QN4Xacn3FOaYKMkdwOPegCSioDcKvXJ5xwCfx6U7zh1xx3NAEtFQfaOQAuRnGcj8/6VSvvEVhpy7ru6htkwTumkCjgE559gT+FAGpRVaG8SYIVO5WGQy5P9Onv3qxQAtFFFABRRRQAUUUUANbhTxnj8a+Tf2glguP2s/gOksV08nl6ooENvvUkwjjfnKkDknHA5r6zr5C/aMsbCx/bE+AWtzzeTO0ep2kTs7KGbygygY45bpnAzweKAPrSyQRwoB6DOWz2/nVqqdhI8kKlxhsDJ4x06jFXKACiiigAooooAKKKKACiiigAooooAKKKKACiiigAooooAKKKKACiiigBKKWigCOSLzO+OMcV47+0D+zD4P8A2gdCuLTXLKMaj5QW11JYw0ts4B2yJ7jPQnBwOOK9mpu0NweRTA+E/D/i74sfsW+NbLRfHF3f/EL4QTqltbeIY4DPqFk4jLENDGC5RSpBJBAXBzng/W3w9+LPhr4maTYah4f1my1C3vLcXUccVwjTLGSRuZAcqMjHI68djXWXVhDdxSxyxho5FKMuMZBHIyK+P/Fn7KfiT4J+Jo/GfwAkh0W6luN2reGp1DQaoCxxmV9zIAXLEAgZHQmkB9lLnHPBpa+YvgP+2fpHxFvrbw34q0648FeNJOW0jVUNqdhztMZlwZOAM4GQSPrX0uknAGQeccc9Ov8AWgCeik5paACiiigAqtcs6qwjXLbSRnI57DIHrVmoZiNpyM4HpmgD5V/ZM+PHjH4sfET4i6X4qgYHQNTmsYDYRg2iKr5AdzyJMYwMYK85zxXY/HT9oG+8A+OfBHgXSbKB9b8VXZto5riQr5EYGWmAAOQBwAcckCvBv2E7BV+P3x5vxbxxSza5LH5rCTeyq2doI+QAE5IPzHORxXBfHiEf8PTvADS+YUa3gMXkgj5gGHJf5cdM7eemcmgD6H+O3x01n9mfxZ4Ml1a5vde8L69qUlvfahJbqYtPVgBGuVxglyBnOcKcgkiuv/aV+NGofD74dxr4d1Tw/p3ijWEWLTZNcv1toId2A87F8EqoIAAB+aRc8ZrzH/gpsVt/2emuYrgQXA1OwWNvMIYj7XCSFHIOCoJAweAQcA11/wATv2YdC/am+EnhzTvFOq3QEMEc9tc28So0MrFSWQsAw+UFcE8g5OSBhagYvwC8N/tDalf2mp+PfGfh+50ZBGU/sGX7SLldwcsGCgAkDbxkYZjnIFZfw/vh4q+KHxg0nx+wF9BqMx0K1v8AEVy1oI1Aa3ViAyKxwCQVBY5OCa4n4P8AhD4i/sm/tJaP4H1HxbqXjHwB4jsnksrrVLiWY2MkXAiCszEZUqAFwMYIxzX2vrHw78M+JNQF/qegaffX6xmIXVxbI0uwgjbvIyBhjxnHJ4pgeefsya54l17w/wCJj4gtLq2trXxBe2ukm6iaJpLGOTbC2GUE5AOSSckEgkEGvbRjoKqWOnW2m2sNtawR21vAgjihiUKqKBgAADAAHYVboAWiiigAooooAKKKKAEb7pr47/ad8QS6T+1x+z5BGpYSSagpXzVAbfEFIKHlgB2HJBwMGvsQ4IwelfHP7WEM1v8AtVfs73ljb20t39svo3edRkxeUpdQxB25HIPY0AfXOnYMKsFVAyqdqjA6enb/AOtjtV6qOmyNJbxsybCVB2htwHA4B745579avUAFFFFABRRRQAUUUUAFFFFABRRRQAUUUUAFFFFABRRRQAUUUUAFFFFABRRRQAUUUUAFRvGGRgAMt1qSkxmgDwz9oD9k/wAFftD2Dxa9FNYaku17fVNMEcdzBIp4cOVJOBkEE4IJGM4I8Ktfij8R/wBi3UrvQfHNpqXxC+HFuirpfiCytt1xbxNI+03smfmfBAyB0XJ5yT90bR1A5qnqGl2uqQtDdwR3EDAho5VDKwPXINAHK/D34t+Fvihp8V54Z1m21WFoo5iLdw21XXIz79vY8HBIrtVkD5wc18ReM/2Ndb+C3jmL4kfAC/bTtRXzF1Lwreu0sWoxySh3EbyMywsSACNuABkYIwe+/Z7/AG0/D3xM1e68J+J4bjwd48sZ3t59L1QBRLtYKWR1+Q5Y4ADE5HBOaAPqGiooZPMAIPHP86loAKyfEF5dWGm3U9nZvf3UULPFbIwQzOASFDHgEkAZPGSK1qjkhWTlhzjGaXUD4b/Y/wDCfjnwZ8avinc6z4A1rRNM1zVpLu31C6u2S3lQsBloS7KzgZKsqjgYJORXf/tOfAnXNa8eeBviR4Xsv7Z1Tw3qX2qexmZpZJYfLKiO3BICZYgkZC5AJyRmvqNbdVzySevNPZAykHoetD3QHyP+0R8P/Ev7Sl94Z8NmzuPD2hwXP2u+llsYrpWJjVoQQ8beW4KnLAgqDjJLDHf+KPit4v8Ah14h0nQYPh1q/irS2gELaxpYjRBIiZwY2fIGejA4PPHy17l9jj5IyCWySD17c/gAKcbOEsCV+YEEHjqOhp8wHhOpfDvX/iP8YfCvijUZLjRdJ0OGZf7LEsiNNI20pJ5iEZIO4EHgDIOQxx7vDGVX5tuevA/X605YVVs9W9akzSbuyUmhaKKKZQUUUUAFFFNYnt+OaAHUUgIIyOaKAA9OlfHP7XNlPf8A7TH7O0NuEUfb70u7MyhUESkkEDBIB4B6ng8V9jV8j/tP28X/AA1D+z9cXFzcQIt3fjZAQA2IQSD3GQADg5wOKAPqvTkKW8QJ3MFAJOATgAcgAY9cY71erO03ZtUo29NoxjrjHU55Pbrzx9a0aACiiigAopNw6E80tABRRRQAUUUUAFFFFABRRRQAUUUUAFFFFABRRRQAUUUUAFFFFABRRRQAUUUUAFJjNLRQBE8a+Ww2ZGOleD/tFfso+Ff2gvC9/bahH/Z2vEifTtahTMljOq4WRcEEgHkgkAnPIODXvtI3TpmmB8QeC/iN8Zf2WdQj8N/FG0l8c+DXZYtP8XaVE7ywRoFXbNCAWUkYwSTliOTzj7A8K+LtH8ZeH7LWtE1O31PTLqNZYrm3lVlwQDgkEgEZwR1B4NWPE3h+z8VaJfaTqEAuLC+ge3njJI3IwIIyCCOD1Br4e+Lv7KfxF+E8Op6z8J/Exl0GSMhvBtxFHb2i5UZYGNQSS3IAwScZOBRa4r62PrrVvjJ4VsYLh4NXi1aS23NPBo5N7NGo3AlkjywAKlenXA715h/w1Zb+MrG8i8C6bqU+rwwNKkeu6Nd20DsVIjBchSAHwWODhFkPUAHyT9jvWPgfqWoW1va+FofB3xJhKxXdvqcUkE1zcNbMZTD5jszIY2YkZAwVOAcZ+2rW0t44ljiiRUjAVQoHygdB+FTsyj5ob4yftFmVktPgtpt+nmYWf+34oFdPlOQGYkZG8Ak9SpwMEFsXxk/aV3nz/gRpse5wUZfE0JCKT/EBnJGRyMcA8dK+pVUYBHXGKXjsM0aXEfNFl+0F8QdHtdb1Txj4Bm0bTLEsgi0hZdUutwZADtjA3LhmJIAI3KBna2Oo8K/taeAfFMcE8l5qPhy2ndYUuPEmnTabC8xziJXmVVLna2AD/CfbPtpQ7gcV5r8Rv2ffAnxUs3tPFPhaw1mFpmmU3CHcjkDLKQQQfkXkEenTILA9GgvILmNZIp45UYZDIwII9eKmVg3Q5/Gvk21/Zj1/9nRNd8RfCjUbzVWMAFv4W1S6K2YUMGZIyFLAn58AYAyR1II9g+E/xy8PfEqKC0inm0/xEsXm3Gi38LQXkK8fM8ZHAOQQQSOcZyDSsB6pRTFYbeufrSNMq4574pgP3dKMisDxd4u0jwdoV1rWtajb6Tplooaa9unCRRhmVQWJ6Asyj3ziuF+FPx40X4wXupJotrcNYWcgSHUWANvdj+9Ew6qOhJxggjqKAO58QeMtC8KzWa6xrFnpf2yUQW4u51i82QgkIuSMkgE4HpWN8SofF9/pMD+Cb7T4rpDIZo75TsmUxsECuPuEPtOcEEAiuM8Tfsu+FvHnjgeJfFL3uvtBI0lvp91IGtImKqoxGR8wADEBsgF2I6nPr+m2EVhBHFBCkEMaBEjRQoUAYAAAAAGOlAHn3wf+H3ibwD4fkt/EHjK98VajM5kaW5iCxw5JJSNRyFBOASTwBRXp9FACNnB9a+Nv2wLZZv2k/wBnZpPLKQaneT/vELr8sYIAABAPYE8L1PFfZJ9q+QP2tJDb/tIfs94njtjLf31tGzS7SWeEAKVyC6k8FQRuzigD6v02bzo1Yd1UnBDDJAOcjjPTpxyDWjWdpcPk2sSHGUVQdq7RnaBnByR9MmtGgAooooAgeORp1YOojA5XHOfWpl6c9aWigAooooAKKKKACiiigAooooAKKKKACiiigAooooAKKKKACiiigAooooAKKKKACiiigAooooASoZoRIpGMmp6KAPnv9pT9j3wp+0BY2l55svhrxZY3AubPxBpqgXKMAAVJOMg7V68jaMV5NpX7SHxA/Zd1C08NfG/TrjX9IluIIoPHGnxAW8SSvsRronhGXBJwMY6dQK+2iu7gjIrmvH3gPRPiV4Zv/DviPTIdV0a+iMU9tOPlcHoPUEEA5GCMDHeqJs+hd8M+KNN8WaLZ6to97BqOmXkYlgurd9ySIQCCD6EEda2dwr4Z8cfs7/Ej9mnxC/if4HazeatojxTK/g3UrZryK23bSWtEjMaqwC/KJCcsMEnOD67+zn+2R4N+PF5faEsV14X8W6WTFfaDqsYilikVzGQpBw2GBBAyRjmkxn0UOeRRUccgKknjv/n8jT9w9aQxssfmJjpzXz7+0X8IdbvIbfxr8PlbTvG9jhLl7BjDLqVmGDm3cjBbkDaCRgkgHBNe66lrVlpds0tzdQ26Ahd0jheT0A9T7VzviPWr/VvCl7ceFri3ub795FBLJGZUSVSVyVBG4BwQRkHAPI60AZ/wl+Ii/ETwTaX7hotVtwttqlk4AezvFRTNA4BIDIxIIBODkZyMVyXxo+Kfjbw7rtt4c8HeBdW1i8volMeuCNW023kJIVZjvDAAjLEAnGB3rnv2av2ffFvwv1jxLrnjLxTHr+ra1q9zqyWenpJBp9m1wSZQiEksSSAAxOAoxyST9G+WvA2geuBQByf/AAjFn458GQ6V4u0yx1uC4t4xfWF9aq9tM4wxJjcEEbgCAQcYFamg+E9H8L25t9I0u00qBpGkMdnAsSlmJZ2IUAZYnJOMkkk1tKgTIAwPanUANXp7e9OoooAKKKKAEbgE18Y/tqWclx+0N+zrIryKsOsXcsgRFbaixqWY7iAoAAJIyQMkAkYr7OPTnmvjX9sL95+0l+zcrBXA1m5Zd2QcmNeVwR83HGTjPUYoA+uNHmE1rEVYPGyKyOrbgwwBnPfPUHuORWnVDT2LKMhlO0ZDYDZx0IHGfoSOMdqv0AFFFFABRRRQAUUUUAFFFFABRRRQAUUUUAFFFFABRRRQAUUUUAFFFFABRRRQAUUUUAFFFFABRRRQAUUUUAFFFFABSUUUARSqckk4469q8B+Nn7Lfg34oNZ6tpptfC3jHSHafTtZtYwnlTE5LyopXzBkZIJGSOvJr3W/1ODTonnuZo7e3jUtJNLIEVABkkkkAAAEkk9q/Er9sf4reNPBPxo1nR9I8WwS6bdX13cpeaTdLLG8Tyy7YWTLbWjLyKRnJLE4xjDWoH3Hov7UHj79mrxZJ4b+P7aVe6BdO0un+ONPkKRuqxriI26IzbjgkZKjJblgAT9EfBz9oTwt8e7e9vvBc1xqujWsiRtqJgeOFnIJdAXAJK4GcDA3Dk84/I79lXwD8Qf2yPiVBYeJtSvta8KaaPtGoS3DKihWjjhKoxQgsUSMEAghVyCDkn9k/hR8JvDXwY8G2fhfwlYrpujWxZo7dSWIZjliSeSSSTz60gOb8b/AHTPiL4s03XNavL3zNLlE1nHZXUkAVgcgvtOGAJOOAeSCTXp9lZizhWFFVYkGFUZOAOB+lXKKAG7emaWlooAKKKKACiiigAooooARgCpB5r49/bE1C40z9oH9nW5tZ5onk1m6hzEY+VaJQww4III64BOOBg19hH2r46/bE1BLH9oD9ndZ2jEE2s3MTLJA0hy0SqNoUghuQQQcLjPNAH1xpZZrdC5GSozgYGcDoOw9qvVm6btWKNEZnjC4Us5Y4AwOTyRxnOTn8K0qACiiigAooooAKKKKACiiigAopCcVHIZPl2bffcCePzoAlopKWgAooooAKKKKACiiigAooooAKKKKACiiigAooooAKKKKACiikoAWkLYqOSYRqcnHua8H+OH7Yvw++Dsl7pEmpp4g8YwtHHF4X0tw99M8mCgC9BkEHnsRQB7vPKI13E4XPJ/lXzb8af25vA3wrvYNH0x7jxr4puJZLeDRtDQTv5yruKOQflPsRngnoDjzKTwx8ef2vJobnXb+5+DHgWO9lVdK03fDrZCxMEkkkbKMpcj5VCghjkkqCPevg7+yj8P8A4L21pLo2h291rkIJk1+9iR765YhgWkkAGWwx5GDgkZwSCAfOmpfAn4wftg3Vhd/FieTwT4Ij3SweH9JuyXkYMCFukBXORkEKwIAPIJBqp8cf+CW3gTXfh7pdh4A0gaN4ntSBPfNezOt0fLIO5JJGUKW5woBGR2FffcUISMAnJxzn17mneSuDnLD/AGjn+dNaAeT/ALNnwN0T4D/C/TfDmk6fHYzbUnvlQl1a6MMaSMhYkhSY84BxkkjGa9bVdoxSbew4FOpAFFFFABRRRQAUUUUAFFFFABRRRQA08Kf6da+PP2yYLeT48fs6C4jt5FbxDNH++kZOsYyAQR82M4BBBIAPFfYbfdP07V8eftlahNZfHT9nGBYpGgn8SSJIwYbPmjC455B5JGMYBPfFAH1vYwrCoC8cdCACPbgD/Jq9VDT45Io0WVlZgoGVzjge5PFX6ACiiigAooooAKKKKACiiigApKWigAooooAKKKKACiiigAooooAKKKKACiiigAooooAKKKaSaAHUVBIxUA5x7cV438bP2q/AfwFhMfiXW449UlieS00qJWa4uWXA2ooB5LEAE8deTTGexTXBjXIG5um0DvjOMnA7GvFPjx+154C+AWn6gmsait94kgtxcW/h2zJa8utxwoUAHAJ7ngcZ6jPhFn4w+P8A+19Zv/YujTfBXwnNAWg1HV4PtFzOTkHADxshKuMEKR8rcgkV7F8Fv2MfBPwv1GDW9SE3i/xZGIW/trXGNxMkkYXDRs4yuGUEckjAwakR5faal8d/2uLN7iMXPwY8C3JiElncBW1KeHIbzYZhFhCwIPOQAMYOePZ/hR+yN8OvhXdNf2mkf21r7zC5k1zWiLq8aQKF3eYRweMjGMA4AAAFe2LbxrgBABjH4elSBQOg6UwGLCigADgDAHSnqoXgDilpaAExiloooAKKKKACiiigAooooAKKKKACiiigAooooAa33WI64r44/bVt4pPjj+zY00atH/wlLIAwOAdgwSenGOAeDX2QeBXyD+21dKvxU/Z4tC8qvJ4vWQbZCq4CEEkjvzxQB9Z2LeZEr9SR1JBP5jjrVyqViytDEUXYmOFxtA/DsfartABRRRQAUUmaWgAooooAKKKKACiiigAooooAKKKKACiiigAooooAKKKKACikozQAtFNZgikmuD+KHxo8JfCDw3fa34n1aOxtbSLznjUh52XPVIx8zHrwATxTA7ppFjzuOK8n+Nn7SngD4F6Dcaj4p1+C2aNhGtpAfNuWcgkKEXJBIzjOB7180av+0j8Zv2pLnVtO+CHh8+FfDVrNbxP4s1mMRXLKWJYwRSKV5U5yQSArDgsBXc/Dj/gnn4S0XxUPFvj6/n+Jfi77c2of2pqzSovmYAUCFJBEQMHh1bORjGKBnmFv8bv2hf2tNQhg+H3hif4feBftEscviC/CefOgGBiOQfKcEHAHB78EV7D8A/2C/h98G9UbXp9Ph1/xLKWP2u+iEqxEuxBRWB2sARlhgkjPGcV9PWllFZx+XEuxeu0AAfXgdas7aLtBcjjURqqqAoXgYHH0qTGOgxS0VOvUQUUUUwCiiigAooooAKKKKACiiigAooooAKKKKACiiigAooooAQ5xx1r43/bjtZV+LH7O16t00UFv4s2vbldytlchifYA/TNfZB6cV8gftqMV+MH7OqkJ5b+LQP3pKru2cE4IH0yOaAPq/R7hLm1ikQxsJEDAxtuXBGRg9+/NaNUbFQqoAFCgAAKAOeecDgd+BV6gAooooAq3Fx9nwzKzAnaFRS3X1qwtDKDzjmnUAFFFFABRRRQAUUUUAFFFFABRRRQAUUUUAFFFJnHXpQAAUtMMiquSePXBrE8SeNvD/hOya61vXNP0e2BAM1/dJAgJOAMsQM5GPrxQBukjvXP+J/GmieD7c3GtarZ6VBseQPeTrGCqLucjJGcDBNfJ/jz9u678YeJ4vCHwI8LTfEPxH9qe2ur2WNk0yBQpAY3AIUgsU5z0yfTMnw9/Y31r4of2b4p+PWs33ifWt0sreFppYpNNs5GOA0ZQAn5QBjJHODmgOlzMuP23fFP7Ql/d+Ff2ffCEmqXL2rSyeI/ESSWljAuCDsKg7nOcLkgZBPOMV03w/wD2CNDm1SLxJ8Udc1D4m+J5VVpZNbO+CAgH5YU3EAAkYJyTtPYkV9O+F/CWleC9DstG0TT4NM0uzQRQ21ugREUdAAK2I02AjA6/0x/KmBmeHfDdh4Z0m30/T7dYLWEAJGucDHTk9cdq114HrS0UAFFFFIAooooAKKKKACiiigAooooAKKKKACiiigAooooAKKKKACiiigAooooARsYJPSvjj9uKa4k+KP7PK2gYSHxapVQoJBCcEk8D6HmvsZ87Gx1xXxj+3Bar/wALU/Z6mSCMy/8ACWCINOpZCNmQCoxnkHB6jHWgD6+0ly9vCWZXJQEmMkrn1yeTnHf0rSrP0xpGhjLhkO0blYgkHnPTjrWhQAUUUUAFFFFABRRRQAUUUUAFFFFABRRRQAUUUhOKAFopu6q95fQ2ME01xIsUMSl5JGOAqgZJJ7cc0AT+YM9D+VZ2ueItO8O6bcahql3Hp9hboZJrq4cJHGoxkkk4A5r5Y+OX7fmjeB2i0nwBok/xK1y8tHuLZtEdZ7eJwcBZghLjBKk4GCGHPXHmUP7NPxz/AGo2g1/4s+Prvwp4c1O1hkXwp4Zu5rdFhY7minQ/KzbSuS2TnIwKAPQPix+31YXF/e+FPg9od54/8ZLOkEU1rEH09Cx5ZpFJOByDkDkHGcVk+Gf2c/ir+0Uz3Pxt1qLS9D/tKZpfCWnhZre6iU7UO9l3IMDAIIOPmBBJx9N/CL4I+Dfgt4bXSPCWiWelWwJ3Pb26pJIoJ2CRwN0hVSF3OWYgZJJyT3kduI5CwGM8kfU/5/M09AOa8A/DXw78L/DsGgeFdHtdC0aAlo7WzTaoJByT3JJPUk9K6lF25z60+ikAUUUUAFFFFABRRRQAUUUUAFFFFABRRRQAUUUUAFFFFABRRRQAUUUUAFFFFABRRRQAUUUUAMkUspCnB9a+N/25JIbf4s/s6PJdtDOvi4FYtxCsAgBbjByCR0IPJ9a+yjwPWvjD9va7EPxC/Z/JtnnK+LA37qMMwGw5GWyF7E5B6E9qAPr/AEnzls4vOKvKwBZljMQzjrtJJA7YJJHH1rRrC8JzpcaRayRmIxsgKNDP5ykEcEPgZHPB71u0AFFFFABRRRQAUUUUAFFFFABRRRQAlAYHoaazbQCTgd6qzXsNpuMjpEOuWYAYHUnJ4AzyaWrdkBbLdQagubqOCIu7qqjkszAD8zXz38eP2zPC3wlludD0m2m8aePcRC28K6ZvM9x5hGCrrG4yFySME4B9DXjS/C/9oP8Aar1Zb7x7fn4XeAJbvbL4Pt5Wa7ktgQcmaPB3EgAEEDqQMZFPVbgenfFz9u/wd4L1VNA8HWs3xI8ZPeTaefD+hyhriKeMkOJE5IAIIJAIyOccVw5+EHxh/asurPWPiXf3HgfwC0QltfBunSPY33mkAH7VIFZiCDIpAI4CkBSST738H/2XvAPwWjjbw7pCLdr5mL66YzXLb3dmJlbLEneRknoB6V62kAWNVJ6DFAHlfwX/AGa/BHwL0u2s/DWlor26eWl3cRRtcYwM5kCAnJ5P1r1XyV4B5HpgVJS0AIABwBxTJjiMnGakqKfIjJAJwQePrSsB5j8Tv2hPBXwdvtPt/Fur/wBjSahJHFbeZDI6ytIxUBSoIJBHOcYBGcZFejaXqEeqWUNzEsipIu4CVCjYPTIPINfmN+1xb2f7WX7TGs+C9POq37+C/B2oTiy0xTMv9qKzMg4KgsQY1AzhmAGRjNfWH7CXxIvPHHwTs9M1S1uINa8Lv/Yt81xcCZ5J4x85LDI4Jx1JOO1MD6Vpai85F2gkDdwMnGT6CpAQ3IORQAtFFFABRRRQAUUUUAJmlpP5UtABRRRQAUUUUAFFFFABRRRQAUUUUAFFFFABRRRQAUUUUAI3Qmvif9vS0e7+JXwA2DaV8U7dzSMoHyA5ypBzx2Gcn0Jr7YPSvjL/AIKDRhdU+CeJ5IIf+EvhWTb5ZQkxkfOHBB4GMHgg+uKAPrvSQ62sCyCTzNoBMpG7IHcAkA8dBxitOsXwzHFBpNlFbxQw28cSrHHBH5aKAOir2HtgdK2qACiiigAooooAKKKKACiimFgQQGwaAHN0461n6jqkOlw+bcXEdvHkLvlYKoJOAMkjknoK8k+OH7WHgP4D2by65qT6hfCQRDSdJQXF0GI4ygOQCcDJHUgd6+a11j9ov9siSwFtaXHwg+HLSSJdTR3Jh1W4KgYAJAZQWxgqVPXkjigD2b42/t5fDX4QwvZDVP8AhJPEM4ljstK0ZPtLyyKduCVOAC3GSeQCQDXhvhnw38d/2zdU1G/8a27fC/wK2nxwW+kxwLKt2JVAkDBxuwUkYEAjJG096+hf2dv2M/AHwAK3el6cuo66sRjl1y+XfdzMzbnJcnoSFAAAwF7kkn6BWCIEERqD9B/nsKaaWtgPHPgH+yp8Pf2ebOYeFtIjhvrhVWa/mAedgFAKhyMhSRkgEAnnFexi3TcWA5PU/hipdo6YpaL31ARVCgADiloopAFFFFACVx3xU+IGkfDTwLquu65ew2Vlbwth5pAgdiMKoORgkkAHPUiuxPSuD+L3w3T4seCLvw5Pqt9o9ld4S5l04qs7x5G6NWIJTcAQSuCATgg0Afj18Afgp8afjx4k8V/Ev4Ra7D4ea41Ca3nabVnjmRSRIFcYYsCCMbjyQCOxr3j9iXVvE/7Nf7VGufDz4ma/Zm/8RWouzN9uknSa8dwEUFgAHYl84XJwBnAFfoR8HPhLo/wX8DWXhXQVkj0izUJDHKcsBjnJ/iJJJ/HFcp4y/ZY8H+MvjdonxSuDqFn4n0lVWF7S42ROATjehBBOCQcY49TQB7IbdLgIXCkoQy47H1qwq4z3pkf3eBgVJQAUUUUAFFFFABRRRQAUUUUAFFFFABRRRQAUUUUAFFFFABRRRQAUUUUAFFFFABRRRQAjdCcV8Y/t/wARXxN8CLgTriLxdGv2ea3aZJCUOCUXDHHHAIIzntX2cen4V8Z/t/xxHxD8C5TPbRyjxjCI2ubgxxYKkkkAjJHY54OPXFAH1roDM1lAW4Zo1LDzDJ267zy31NbFZWhrJHZQRuXcqgG6RArHjqQAAPoBitWgAooooAKKKaSecUAI0gXGab9oQZGa4n4jfFzwl8LbS3uPFfiCx0CG5LiGS9lEYk2rlgpYgFgCDgHJxxXwFoP7UH7U/wC0FoXiLUvh94X0uDQ7prg6fcyWMsbpAHCJ5UrnZI5wScEgEHoMUAfd/wAUvjr4U+Eul3t3repRm5t4PtA06F1a6lXJGI4yQWPyscAHoea+YI/jF8av2xLO7svhnpT/AAy8FLdxWt54g1nzYdUePeHdrVVIwQgUEk8liAcZrjP2Tfhh8LfFni6yh+IGq6xrfxet4B9t0TxuI0lhkJkLpbwsNxQELICCwwVAJ+YD9ELOzhsoUhiXZGgCqoGMAdBQB8z/AAi/YP8ABngPU7nWfETt4/1y8fzbjUfEUEdzP5hAGVkK7gAARgYBJJJJ5r6djhWPCqqqvTbUuMVA90ivsJw2eBkZoAnpagkmEak5BIOMd80z7WpkChkPqM89cfzoAtUVxvjz4iWvgWxt5p4Wu7q7mFtZWcLAS3UxVmEa5IwSFPJ4AyTwDWBovx10bVviTeeB57S+07W4FLJ9oiYRTADJKMARgLgnJ43AHmgD1GiooX3LgdvWpaACiiigApMZ4PSlooATaBwBxRtHpS0UAJgCloooAKKKKACiiigAooooAKKKKACiiigAooooAKKKKACiiigAopj5Cn+tcFq3xo8H6Drtto+oeItPs9QuZxawQTXcavLKZPLKqu7JIfCkAcFgM80AegUVzVj4ys73X7nRYSWvbVd08e9WaMEZUsATgMOQe+DXQxMZFDYxketAElFFFABRRRQA1s7Tjk18a/t/fbDrHwVNn9qM3/CXRCP7LErkSFSBnOMjGeAQSMnOQK+y2+6cda+M/wDgoTIlnqPwRufKWWSHxnbld07wnlW4DryoP9PSgD650OM29hBEwUOigEKSQOOnJJ9Dye9alZ2kztc2sUrxeUWUErvD4Jyeo49OR1zV9pFC5J4oAXIppZeuRjOOvfNZOveItN0HT5ry/ukt7eFSzsxxwD2Hc5GABk5wO9fGfxK/b7ufEOuXXhL4KeFn8e+IZI2MF/bTr5MDCQqRIjYIIGGx0JOOxwAfXXj74i+HfhdoFx4g8Vaxb6LokBUS3lySI0JIAzgE5JOPyr5E8d/tp+L/AIy+JF8Jfs6+HpPELLdrb3fi68iP9mwZViV3AHttbdkEAkAZwaseAf2P/iJ8WtePin4+eLbjUd8imLw3pNzJBaNBtIMVxGhCsDxwMn5nyTkY+vfDfhOx8Iaba6ZpNpFZadbKEjhgjWNQvPAVQAByOMdqYnqfMXgf9i+XxbdweI/jHfzeKdfmzJPpX2qSTTEbGFIiPAYAnJGATk9wB9SeH/DWm+HdOistM023060iGEt7eIIigDAwo4HAHStaMNt+YAH0Ap9FwSseAftFfs62fxOeDxPpZk0bxpo0EosNXs1InTILKAR94FsgqePmbuc1p/sw/Gr/AIW54PNvfsy+J9FCWWsxyABlugqlwVH3Thhkds46g17W2dpx1r5z1qN/hJ8erK8snSDRPEkfl3NosMcCT6hJNgSO6oNxESMBuJOAATg4pDPoe5zsZQduR94dfwr4q/au/Z/8f6h4Z1Txra/E68sNZ0VZJ7GS3WWGNY1kDrG6xkrjAIZyDnAPAzn7TjYeWGwVOc7R/LjqK+af2yfgT8TPjJ4JvbPwP42bRMAF9JEYSO8jABKO+CSSQMDgEcEEGgDB8F/tNeIdG/YT034p+MLZh4hbTJ5NyrsE7LLIkMoB4AkRY3AOAd3HUE1fh9ouseOv2en+KJnv4PGN9pMuo2ltZ6iFtvOMRkjCBiVB34c7uNwJIwMH5o+L3xG8Y/Fz/gmvIfE1n5viHSdWgtZjbxqGlRLqQI3kqMhPKCDcMhgpIPWvuP4D3Eeofsl+FTcvHfxt4ejDhLMBGHl9BDwCBjGDwec9afQDxTwD408XftReA/hp4x04rHr/AIH1adPEGkNLte7mRDESpUbSuQ52kEE4GeK9vsfhdf8Ajr4laD8QNb0660G+061RVsGvDKrF1BdGCYUhScYOQSMgdh4z/wAEy1ll8CeNsOptYfFOoCJEByCZmJI7KDwMDjAB6mvttRtUDOT6mhgRW4wvAYcn7wOetTD3paKQBRRRQAUUUUAFFFFABRRRQAUUUUAFFFFABRRRQAUUUUAFFFFABRRRQAUUUUAFFFFADJfuEYz9a+Pv2+PgkvjTwjp3jXQZ5rXx14ZnN/pRtYPNmupIopHjhXkbSWUHHcKQASQK+wZM7DgZNeT618OvF/ir4gW82uano+o+AoElkGhSWAkkluBIDbu5kDD92uSCMEOFI6YoA4D9i/xvp/xY8BjxTc3a3/iVWMGonLL9mlKgyRFGYspB5IYAZ5AAr6XjA5wMZPNfJHw//Yx1v4R/tQat488HeIbTRvAOsLv1Dw2qSF5JcFiyjhF+fkEgkAkDrX1pbqVjAJyf88UATUUUUAFFFFACV8df8FFLSa+sPg9FDDNLI3jWzA+zkCXO1iAM8cgHOe2a+xW6E18Qf8FStcvNB+G/w/1GwtLm9udP8UQX3l2sTs7CON2wCoJAPTPqaAPsSwvYbHS4HuJIYEVBtZcJHk9gD0/+v718w/Gj9vLSvDniGPwZ8NNEuviH44ujNbraWqssNrOpAXzXIAAOWPB6KOxBr4H8XftaeKfjl4wFz49l8T6b4MhBEfhfw/azolwIyrRCSUOCCzFlZlIOFyMHBHv3w5/bK+DXwTsTZeFvhx4muT9ljDSC2lYzOC7EDzizBshc5LZBxk4zQB3tp+yd8V/2ldU0fxH8dfFLW+jLbrcJ4N0s/ZltpiFyrSQlWI4JIZiQWABG3NfXXgH4QeGPhxYra6DpkdlbxlRDHgN5KrEsQjQnkLtjBwSfmZiSSSa+V9N/4KheBryQrd+FfE1kmQqyHT5COi5JAXIGSQOpOAeMkBjf8FTfBot5ZIvCXiRrjaSIG0+XJYFhgHbgA4QjJ7nOKAPuOMrGioOB0FP3DOM18Gzf8FTfDc0dsIPBfiFy1yYpgbSVSkW6P94MKckq0hAHOY8HGQasJ/wVK8LssDnwZ4lyxbzVNi+EHllh25JZSMehHckAA+69w5pN4GcmviBf+CovgqTzSnhjxIkSqSrT6dIrMQemADgkY49Se2CXP/wVC8GNGRB4Y8TTyu4Cx/2XNuUYXJb5cAg78YJBAU8ZIC1A+3NwwRnn/wCtXkv7QFsIdB0jUo445brTtQjuoBKY1ClQSThhzgZJxyBk9q8Q1r/go14f0XVLKxl8La80t1CsysNNnCpkNwWZVBGQmSCQMtzwM+VfGX9v7TPiJ8HfFWiL4F1y4v76zuLO3jl0+ZYtxKosnmjIUAM5JGCSABwSRSv2A/QMapcXmiR3enwxXMs8avGrylUYHHIODxg5BAwRivM/Dvin4s+JtH1aDX/A2m6DMxlhh8nW2LlMMFkVkTKkjaQQQQSecivnH4Q/t9abovw68MeHpPBPiu81210tIjHZaRM6F44yDk8kgFVzjPBJ7AHef/gpV4UTVJrYeDfGBRSyqraHJ5mVIyCNw6Df36gfgtV0A9m0r9n21PwV1HwdrN3capf6qkkt9qDXUrNJcuoAYZcYQcARrtTAI2gEiuT8O/D3xx4Z+Dx+GUGgWh022sW0y2vrfWJ7WR7cQFVkDoQyMZm6BgdnUZ4rkYv2/GZAT8N/GEiyKiKV0CcDzPKJZQcnjcVIPXaSSARisrU/+Cj2m6esU8/gTxRaWiyhZWl0eY/8tcMB052gkZOA2ARg5Bq9kB9H/s8fA3R/2ffhtZeFtJklnKsbi7upZHkae4YAySEsSeWBOOAM9K9SLADJOBXxPD/wUXS40w3cXw+8VEGMvuGhXBjX5cAlweVL9SBwPU8Vct/+Cg3264ae1+GnjS70hsuLqPRJ8rEGKhiMEEngYBGCTzRqB9l+YvUnA9aXcOmea+NNS/b0vLW3jWD4ZeNnurhRHBG/h6dTLN5eWAOcAbhwMEkEk4PFa1j+2lrMmn2txc/CvxyjySsjeR4buHUESsoQZYYfZsJ5IJY8gDNAH1p5i9M0eauMk4HvXx3dftpeORpoey+Bnj6+1G4d/s6HQJo4lUIQHbLEsN+MgHIU9Cekkv7X3xKhvh5vwK8dPatIw8m30CR3UAkj96shQk8DIBGec4OAAfYO8d6N68c18X2P7ZXxRutJilu/gJ43s76ONWktToM7puCgMA+8EjdkjK9AAeeabcftn/FQLE9t+zz48llaVTIsmhSoFiMpJAO85cRADkAF+eB8tAH2iZFHOeM4o81duc8ZxmviK4/bM+MkcP8Ao/7PvjhpZIyFMugSkRybcAkCUFlL8kAghcgZPJvS/tl/FOHVFRf2ePH81krfwaJICRu5wzSjnaQMleSCcYOAxn2gJFZQQcj1o3jivi2b9sj4uLaWki/s/ePB8oExOiEksUwSAJsgbgTg5wCATnBMh/bI+Ky2y3Cfs9ePHRmyN2jkMF3txjzshgpUZIGSC2ACADlZNz7NEitwDzR5q7sZ5r4tf9rb413CwNB8APFarcFljabS9rRnaoGU+0A43FiWJAwQBkjJv6X+018cZLwvL8BvEktixO1ZLeGCYAFs5JuCCeAAcDoTzkYLD0PsHzk3YzznFO8xcDng18TXn7UP7QX9vRWS/AXxILePaJ7iO3i2klVyVBkK4yHIHmHAIBJIJOu37TXx0vLq4Gm/AHxGEjIUG+MEeMsWHBlyxCFVJDEbgWCgEKCzA+wvMHOeOcUeYvr7/lXxnH+0n8f7q1u5B8DfEVszAiLEduDExRQuA8oLAMsjEkAYcKcEDLm/ae+OOm6kguPgJ4subeSI5SFLdgrBnOQyyHBwUGGJHykgZbALCPssMDik8xeRmvjn/hpL46w/ZEn+B3ioM+TviS1lDABQcgSjyySGIBJOGx25mm/aG+Oc9k88XwN8TReZISnNqJI13yEAoZeQFKLx1KknGcAsB9g7xzzSeYvHOa+NdO/aU+O2rRahcxfA7xZDBG5ijWeK1gkUiGP5gkjhmHmLIcgEESAAnaCTSP2lfjo0kL3vwN8VyLGyrIm21Tfl2GQS4xwyDgEfKTnk4LMZ9k+YvXkj6Gnbgehya+Lov2ivj6trKh+Cvix5VUM0rx2QPAUHYPMwScMcZJ+bAAABPRf8Ly+OrXkpT4I+IntJF3qX1DTkeMlyQuN5yNpAOSCCBkDNID6u8xemaTzFOcc//Xr5Bu/jz+0GJhLbfAnW57RbYllm1OxR2m2jGQpJUZOTySCAORWbN8bP2p0kjcfBCeRBKjlRrNjESm7LLtO8jj5QdwJ65HSgD7R3gdf5Uu4cjNfFWpfHD9qS8+12+lfBC7AeEpHc3Gs2MUkDlCokC4ZWKsVcA5BK4IIzT5vjd+1S94ZI/gPNFFjPkL4isgoO/djcUJICjbnjg5xkcgH2lvFG8ZAzXw9H8ZP2tImMKfBW7uwip+9n8Q6crSYUqSQIcAsSGIGACABwTlbv4xftazSRPD8EriBVYF418QacSQJQ+MmI4BQGM45wxIIIBoA+yPFXiC18L+H9Q1e8mit7Syt5LiWa4fZGiqpJLN2Axyewye1cV8Lf2hPA/wAXoZj4Y1+z1O4t5BBcRRScrIM5AJxuAIPIzxg96+Nfjx8VP2p9Z+EvjCyvfhBJo+mXmkXNvd3Mmt2VyYomiZZGCLGrMxUkhVIJPABzg/l7o3ibxH4T8UPNp2oahpWsxTup+xyNFKHz8ygDkHPB4zkYoA/pY3jgZpysGGR0r42/YK+I3x58Z+H5n+KujSXGmGRobXVJ5IYrmJ42KvHJAqh+GV8sx3ZwMY5r7IXO0AnJ9cYoAdRRRQAnXPpUTwKw+YLkn0oooAij0+GNAghjC/3VUD1/x/WkksY2YSNGrMMcsASMdMenU9KKKAJ2hVskqpJ65FRtZoylTGm09sDnvz+NFFACraJHkIoQN12gD8aeIwi4AAA5oooAXaHByM896RYQOcDd1JAoooAXyR0HSmrCVI5BGMdKKKEwFWEcZ5H0o8vr6+tFFACmPPOaTyzknODRRTAd5fOTzQY8+wxiiikAnljg+lHkj8O9FFAAI14I6jpSeUOCeTn+tFFADvL9adjpzRRQAhB9aTyw2M8miigBPLH65pRHiiihsBojBPPX6U/ZxiiihMBnlcg5xS+WeOfwoopgHlcAd/WjaOB2oopNiBUHABoaMtjBx+FFFCYxBFtGO9L5eFwDjnPSiimANEGxnkYxSeSMHPrmiikAoi2rgcDOacBwR1/CiigBoT5sk0/HrRRQAY6Uc+uKKKTA5v4g+D4fHng7V9AuGEcGpWslrIxUH5XGCMe44yMEdQQQK+fPgP8A8E+fh38Dtal1mC1TWNVjnaWzurqMZtlLFgoAOCVzweuAKKKYH1BFbLCp2gLkknAxnJyTxU65A55oooAWiiigD//Z\" alt=\"\" width=\"200\" height=\"185\" />', 'Y', 16);
INSERT INTO `question` (`id_question`, `question`, `status`, `id_chapter`) VALUES
(98, 'Grafik yang menunjukkan komponen kecepatan ke arah sumbu y benda yang sedang bergerak dengan lintasan parabola dengan sudut elevasi 45&deg; adalah &hellip;<br /><img src=\"data:image/jpeg;base64,/9j/4AAQSkZJRgABAQEA3ADcAAD/2wBDAAMCAgMCAgMDAwMEAwMEBQgFBQQEBQoHBwYIDAoMDAsKCwsNDhIQDQ4RDgsLEBYQERMUFRUVDA8XGBYUGBIUFRT/2wBDAQMEBAUEBQkFBQkUDQsNFBQUFBQUFBQUFBQUFBQUFBQUFBQUFBQUFBQUFBQUFBQUFBQUFBQUFBQUFBQUFBQUFBT/wAARCAFUAeQDASIAAhEBAxEB/8QAHwAAAQUBAQEBAQEAAAAAAAAAAAECAwQFBgcICQoL/8QAtRAAAgEDAwIEAwUFBAQAAAF9AQIDAAQRBRIhMUEGE1FhByJxFDKBkaEII0KxwRVS0fAkM2JyggkKFhcYGRolJicoKSo0NTY3ODk6Q0RFRkdISUpTVFVWV1hZWmNkZWZnaGlqc3R1dnd4eXqDhIWGh4iJipKTlJWWl5iZmqKjpKWmp6ipqrKztLW2t7i5usLDxMXGx8jJytLT1NXW19jZ2uHi4+Tl5ufo6erx8vP09fb3+Pn6/8QAHwEAAwEBAQEBAQEBAQAAAAAAAAECAwQFBgcICQoL/8QAtREAAgECBAQDBAcFBAQAAQJ3AAECAxEEBSExBhJBUQdhcRMiMoEIFEKRobHBCSMzUvAVYnLRChYkNOEl8RcYGRomJygpKjU2Nzg5OkNERUZHSElKU1RVVldYWVpjZGVmZ2hpanN0dXZ3eHl6goOEhYaHiImKkpOUlZaXmJmaoqOkpaanqKmqsrO0tba3uLm6wsPExcbHyMnK0tPU1dbX2Nna4uPk5ebn6Onq8vP09fb3+Pn6/9oADAMBAAIRAxEAPwD9U6SlooA8X/aeuvipofgG91/4V3mmnV9LhkuZdK1Cxa4+3IoB2RkOpRwAccEHpxxXh37MP7Xnij9oT9nfX9Zkv9NtfiFY3y2Pl2+mu0MLSsBCfKMpMmVDkgMDhTxkYP2ncIJIXUgEMCDuGR+Ir5f/AGfP2KbH4G/G/wCIXjeHVxdad4gnafTdIt42hhsQ7l3BQEqxXIVWxkDPAzin2GfQPg2LV9N8P6dbeI9Vt9X1xYR9qurW2NvHI/QlULMQM8AEk/TpW+t1G5YBsleoHNfE3xes7b9kv9oqx+MF/FcP8N9cjbSNTaG6uZn067mkLi5MbOUEZZQpCqMFzhc817r8B/Bthfap4g+JaCSOfxWyNbW6zOYorONQkRClyu6QKJCdqsAwUj5eVe4j2mlpKWgAooooAKKKKACiiigAooooAKKKKACiiigAooooAKKKKACiiigAooooAKKKRWDDIoAWiiigAoopM56dKAFooooAKKTNLQAUU3cOOcelJ5ijIJxQA7FLWRqXibS9HkSK+1KzspZASi3NwsZYA4JAJGea4DxB+1J8JPDF3LZ6n8S/CtndxuEkt5NWg8xCTgAqGyBkjkjgcmlcZ6tRXxv4g/4KqfAvQ/tQh1XVNWaMsIvsOnuwmKkg4JxgEjgtgEEEcHNePav/AMFnNCSR00r4calcrkhGutQSNmGDgkKhxyBxk8Z56UXvsFj9J9wxnPFI0qrgk4FfkV4m/wCCyHjzUFI0XwZouisqFT9qnkuvmJGG4C9AGGO5YehzxNv/AMFBv2qPik0uneGBLPPzOD4f8PrLMsalQcfI+R86AnHGRzyMvV7IR+1JuEDEZyaq3GtWVnHJJPcxQJGCWaRwoAHck9K/GbSvCf7bvxmkmsp7vxpDFdxOWbUpTpsJUqQR82wKSDwAAR2wRWho/wDwTI/aK8WyCDxLrttp1rcSZmN9q8l2RyPmKqSGPAPXjAPUYpqL6iufqf4n/aQ+F3gsN/bnj7w/pjKwUpPfxhwTjHygk85HOKb8Mf2hPAHxm1jVrDwV4ltvEMuleWbprPc0abwcAMQAenbuCOxx+e2g/wDBF/UroSHX/ibbwvwA9jpjSk/KMglpFxg8cZ4565r65/ZP/YT8Lfso6jfapo3iPXda1DULVbe5W9lRLYkEkusSKOc9CxYgE4PJyrW6ladD6aPNfGP7dP7SHxT/AGWbCx8U6FceHdV8O6ldiwh0y80+RZ7d/LLmQyiYCQEow2hBgEcnrX2ceBX51/8ABYjxBpsnwi8I6at2kmoLrolEUcis6qIJMkjqM5GMccc9qBHtXgHxF8ePFXg3wt4lvPHngOwfW7OKeLSZtBny0zxBxEJFujnBzyoIxyAcivavgzc+PrnwoP8AhY9tp1v4ljuJUk/sgn7LJGD+7ZNxLYK4JDYIJIxwCfl/9k39lnwB4x+HXwW+IMN9qK67oFjDeNb2+qS3FtJO0IB8yGYsIyMkgRhQCRjgDH3AoAAwKbSAWiiikAUUUUAFFFFABRRRQAUUUUAIcHrSN90/SnU1mCjJ4H1oA+YviNq/ir49+LvEPwf1b4SahZ+AZpI1uvGN/dx+RLHGySnyoShLFmTYCHyud3BGK+j9F0e00HTLXTrG3jtLK1jWGGGMAKiKAAoA6AAACvi/xh/wUk8N+G/2rNL+G1jb29/4W8/+zdT1tWKtb3zMygKDwyKwVWOQQSSCduD9s28yzRK6sHVhkMCMEetIZPRRRTEFFFFABRRRQAUUUUAFFFFABRRRQAUUUUAFFFJuHrQAtFJmjcPUYpALRTWYDvWdqGv6bpKs97qFrZouMtPMqAZJAzkjrg4+hoA06TFeZ+MP2j/hr4AjR/EHjnQtNEis8ayXqMzhfvEBSScZHbvXk3iX/gpZ8AfDkiqPGn9qMylgNPsppRwSMZ2gAkjuelFxn1NSdK+B9Z/4LEfCizhb+ztA8Tajc4yFNtFFH0BOWMuRgkj7vbPQivMNd/4LTT/bJotF+GETW24rFNqGsFHIycEosRAJAHAY8k84FNagfqMWUcE1H5yDvxjmvx11D/gqH+0L4o1KaPQfD+l2wklKxW1rpUl06gkkDduO7ggZwAcZwMmseb4j/ts/Ga6We2g8XW0SuJIvsFgdOhG5lAG7CllBAPJOMk9M0Wkybo/aJriNMbm256Z4rB8UfETwv4KsWu9e8Q6Zo1spwZb66jhXPpliOa/IhP2Mf2vPjBoyjxDrF8lq2JRb+Iddcbw6sCAi7sYVmBDAcNjB5xveCf8Agjn8SLyd28TeMfDmkoFIUWcc16TkEZIKx4IzkcnkDPvXL3C6P0J8Rftu/A7wz5wvfiTojNDtLraz/aGG44HEYJOfYGvGvFH/AAVg+CmhxztYSa1rpSQoi2dkU8zCqcgyFcA5IBPdTxjBry7w1/wRh8N2sgOu/EjVL4sp3LYadHb4PHILO/Ax0IGc9q9Q0H/gkv8AAzSwguodc1SQIFY3GoFVJ+XkBVBB4PGcDceOhrO1ivRHnfij/gst4R0+RG0DwDq2rQMcF7y8jtT3yRhZPQEAgZyemK8s8e/8FkPG980CeDvBWj6MSxEjatLJelgTwAEMYBwCDycnB46V92+H/wBgn4CeHbNYIfhro92AAPM1CM3LnBJyWkJOTk5/AdBXr3hv4b+FvB+nrYaH4e0zSbJZDKLeztY4k3nGWwB14HPtVWXcR+QN5+1x+1/8e1Sbw1YavYWsJKs3hPRpEik3FQAXbfkgjghhgE5z2h/4V/8AtwfEWG7glbxwIYyFkiutQWyDghgMZddwwTkDI6Z5xX7SLbRxqAi7QBgBaXykzmq07C1Px38Lf8EwP2g/G+uRat4l8Q6focyuHF1f6jLdTgMcPgLk525BBYA5xkda9N0X/gjLdW15LNqPxSim3gJtt9DAJUkbvvTEAkAgEDgkHpkV+nwjAwaXNJOwz4P0n/gj78H7a0tRqGr+KtQuljUT5vYUieTA3MAISQCQcAsSAcZPWvS/CP8AwTb+BHhPYT4MXV5UAAl1S6kmJIJOSMhRnOCAMEAccc/U1FIOtzgPCvwJ+HngqaSTQ/A/h/SnkQRu9rpsSMyg5AJC5IB557812Froun2BU21jb27LwPKiVCOAOw9APyFX6KYhnlrknbzS+WvTFOopDE2iloopAJ14NeaeKv2cvhp4616TW/EPgbQ9Y1aQgteXlkkkjYAAySOcAADOa9Mopgcp4D+GPhT4YafPY+E/D2n+HrO4l8+WDT4FiR3IALEAdcAD6CuqpaKACiiigAooooAKKKKACiiigAoopCwHU0ALXg/7ZXivx34b+DlxZ/DfR7zVfF2uXUekWs1mQDY+bkG4YkjaFAOGHQkE4AJHuvmLuwDk0141kwxGSvT9D/QUAfjVcfsR6LP+1FF8INS1ia51jUPDjarLrEs5kk/tIxtI5AXOFL5J83BIBIJJBP6J/sTeMPFusfCNNA8caHdaT4h8MTto73MluYoL6KIlI5oSeoIXB4HIJHBFeH+I5bSH/grP4dWRJGP/AAijbBbq52uY5Pmfy+gIJGZMjJGOdpH3kkaKuAMj0/rQBLRSUbh64oAWik3AdTikLAYGaAHUUzzVwTngdTXKeIPip4P8K2cl5q/ifR9NtYzhpbq+jRQcEgEk9cA8deDQB11FfN3iz/goL8CvB+pNZ3Pj2yv5Y9wk/s1HughVlUglAcnLZGMghWOeK8z8Tf8ABWb4LaOqnSn1rxCxJDC3sjDs4Jz+8K5GRg9xkEAjOAD7dpGO0ZxX5n+I/wDgtBoqWeNA+HV9PeFwB/aeoRxRbcZJ+RWJOcDHHXrXmPiL/grx8WtdtGj8OeDdD0yfO4SGOW8IUlgAfmUZIABPqCQOcCdewj9ezKAxBH49qRZg5wOtfjFZ/tS/tkfEaS4fRrbxCEugZRFpmgbFRQVGUd0JAII6HvwOeGN8EP22vinsvLuXxdbJI/m4utaWwCAgAYQSqQMEcAA8HjIq7PqgufsbrHizRvD4J1TVbLTVClibq4SIYGMn5iOBkc+9eeeLP2rvhH4Jkli1f4g+H7a4jUsYFvo5HwCQQAhPORj8RX5v2/8AwSl+OPjy3g1LxX460uPUZotsiaje3F9NGMkhS5BBPPYkA9PWu70b/gjCm+CTV/ifcSDBMsNrpIBJ7YdpSO+eV55HFFhnuXij/gq18ENCmlhtJ9a1uVdu1rGwOxgwU5DsQOA2SDzkEAE1494s/wCCy2gLMi+GPh5qF+gyHk1S7SE52nACxhu+DkkHGeM16FoX/BIv4P2MQ/tW88QavPgBmN2IlbBUkgBSQSVIznox7gEemeEP+Cbv7P3haWKZfAqalPGhjLapdzTq/GCzIX2EkdwopWt1C90fGmtf8FkvGt1DdR6X8PNFgLEiB5L2WV1AJwSAACQBz0FeYj9vT9qf4jbLbR7m8dbhysY0jQlYkkkhAwQ8jBxzk4HJNfrvpP7Pvw00FkfTfAXh2ykRdqyQaXCrAYwRkLnoSPxNdxBptrajENvFEPRECj9BS5UGp+LOj6d+2v8AFq3iMV148trZ5Spmku205cgR5JAKHGGXGQQcMRyDjfsf+CWfx/8AG/nv4l8RaLauziRjqOqTXLSNliCdiMCQSTyR9445Jr9jRbRrjCgD0FKsSrjApqy6C17n5deD/wDgi/cvbl/FHxLWG4kiG6PR7AsqyHgjfI43LjodoJ7jtXpnhf8A4I8fC7THt21rxF4h1vy2LPGs0cEb/MTggISBjAyGB6kEZxX35+FLVXCx8h+Hf+CXHwG0V45Lnw7dau8cgkBvr+VgQAAVIUgFSQTgjqx7YA9n8L/sv/CfwdNHcaP8OPC9ldRlttymlQmUbicjeVLEcnGScDAHQV6rRSbbC1jPsdFstNUpaWkFqrYBWGJUBwMDOAOg4q4kYRcLgD2FSUUhiYpaKKQCUY5zS0UwCiiigAooooAKKKKACiiigAooooAKKKKACiiigAopM460bh60ALRRRQAUUUUAFFFFABRRRQAUUUUAFZPiTXbPw3o93qmozpbWNrG0s00jhFRQMkkkgAcetardOuK+Kv2xfivc+LvG+k/BuDw/46t9EvriF9X8U+HdLlljtySrRKCUKyJuxvPRQO5GKYHgeg/tdfEH4X/ttfafiPd6tpXgTxSoXTNP1dsQWVnLIDBKEwNpBVg2BuycEsFFfqXDIHTIHHUY6Yr8uf8Agoh+yleWfhLQtW07WfiN8Q/E0IFvZxyWwvoo13KXLyRxBowc5VemQTkd/pb9g34++MviN4GtfC3xA8J+IdD8TaPaKBqepabLBBfxKQgO9lH7wcZBxnqM4NFhHmutCSL/AIK2WlzJdqYIfChmlEg3CGIQMCAVI2ZPzEvkYJ4GVx7fr3/BQr4B+Hby5tZviBZ3M1uD5n2KKWdcgH5QyqQx4xwSMkDOa+U/2m/AHjX4kft9a5pHw91mHTfEN34IeLz7gJNGI2jKyQnIPkGRGIDEEgsCCM5H5xfE74Y+JfhP4v1Hwx4n0i403U9PkMTKYyUcAkbkcjDqcEhgSCB144Vm9ilbqfsD4o/4K2/A/wAPqz2Q8Q68F4xY2Cr0OCf3rpxjB9weOeK808Xf8FnPDMbxnwt8PdWv4sNvfVbqK2ORnAAjMmR06kda+Tv2e/2CdV/aS8L/ANs+HviL4XtL6M+XdaTfidbq3YAEEqE+ZSGGGXKk5AJIOPWF/wCCM/xJ2OF8d+FhgDayrcYyOMcpStbrcWvU5zx5/wAFePi3r0Kp4d0jRPChjlMkkkcZvHdc8DMmAAOAcDJ7EdK4rSv2wv2nvi9ejTtF8Z3he63Yjt2trOPaqqG/evtAIBU8EctkYNesr/wRf+JK7seO/CqBlCECO5PHHqnrTo/+CMfxKQg/8J54VJHPMdyM8Edk460wPNrf9nz4/wDxPvIbnXviPYaczyNE11rXjWP90NzEjZHIxAJzgKMAMMDBOOj8L/8ABMe9ur538RfGbwBY20gBL2GpG5mJ6kEMIwDx1BPSukX/AIIv/EpQf+K98LjscJdDI/74OPwoX/gi78RVwf8AhOvC+c84S5I9uClO9lawHWaL/wAEw/gzbyBr348W11G5w6W8lpESdwJIJkbkDIHB659q9M8C/sA/sseF1Cat4utfFd9tIeS/1+KJTkAHCRMoAzkjJJGcZOK8Jf8A4IxfEpskePfC4PQZjuDxnofkpsf/AARg+I4LSHxz4WEjY48u4IHT/pnz35p3A+1fCfwD/ZP8Jw3EWm6J8P7hJDhjqF1BeHIGCAZnYqMdQMD2r1jRfGnwm8MRrDpev+D9LiVVQJaXVtEAAMAfKR0ycfWvzcsf+CL/AI5VZ2uvHnh0uFzEsdvOwLEgEElRtGM8gEg9u9SN/wAEX/Gz6VIw8f8Ah+LU/NHlottP5Xl4HV8ZBB7bT9aVm+orK9z9Nl+MHgCFtn/Ca+HgRyQdTgH/ALNTpfjV8PoQrP428OqGOAx1SD/4qvzFs/8AgjF46aPbeeO/DpO4Y8q3mPBJLEkoOc4x2PPTvDH/AMEZPiHbzM0Xjvww45x5kNwB25wEPNFvMZ+oEfxq+H77tnjXw8dpwf8AiZwdcZx970pr/HD4dxEB/HHh1SeADqkHX0+9X5gRf8EZfiKsgd/HXhZypyI2iuCmSfQpzx+uKIf+CL3j/cBJ468Mohzkxw3DN14Iygx+dFvMD9PG+O/w4XaD478OgscAf2pB154+97Gmn49fDdcZ8d+HR066pB3/AOBV+Yn/AA5h+Iflqg8eeGQufnJiuCeORj5PXr0/GnD/AIIv/EAxMP8AhO/DKnIICw3A7d/l/Sjl8xXP07X47fDhsgeO/DpwcH/iaQ//ABVDfHf4cqpY+O/DpVc5P9qQduv8VfmPH/wRg8fTOEufiB4dECg7THbTlsnvjaP50+X/AIIu+NzMQnxA0Boh0LWswfgcdAe/v0ot5gmfpeP2hPhiRkfEDw2RkDjVIe/T+KiX9oL4Zw7d/j/w2pbOB/asHOPT5q/M+1/4Iw+OvtJkn8feHNhbGVtZ2OB0OCBz7E4zU1n/AMEWfFskbC7+IWiRMSTiGylYHnjJOPY/nT5fMXMr7H6Q2/7Snwrurw2kPxC8Ny3C4zGuqQ7hk4HG6i4/aR+Flnci3n+IfhqOYkKEbVIQckAgfe64Ir842/4Iv+Lg0hX4h6K2H+QtZzLuBHJIBODn0yOetSR/8EWfEhhUyfEbSUcgFkTT5CufQEsCRn1xSt5jP0Vh/aa+E9yspj+IvhphFIYnP9pxfKwzwfm9q3Yfi94HuMeX4w0FwQGBGpQ9CMg/e9K/Mtf+CLvihpHDfEXShEoIjb7DIWPXqM4APHQnvV1v+CLOs+REv/CzrMuDlt2luR+Hz+nsOaLeYH6T3nxg8DWMRkm8Y6CiL1P9pwf/ABVQr8avATPBH/wmegB51DIv9pwZIIJBHzegzX5vx/8ABFXVtwZ/iXYkgYH/ABK36+v+spk3/BFzXkkMsfxK0+V8Y2yaZIB0x1D5/D3oGfo9cfHb4d2qoZfHHh9BJKsKk6lDgs2SB97qQD+VNuvjz8OrW8S0l8ceH47iR1jWM6nCCWYEgD5upAP5V+cbf8EW9bjYiH4l2KoeT/xLHByBgAHeeCCQfXvT0/4Is615rt/wszT8MCM/2ZIT9cl+oNFvMD9F7H4/fDbUNSubC38d+HZbu3O2WNdThJU+h+arX/C6PAX2iKA+M9AEssZkjX+0ocsoxkj5ugyK/OD/AIcr6qzEt8TbEnbgZ0luPXH7z9etQ3H/AARh8RrCqQ/EvT2+fJZtPkXAz14c8+2OaLeYj9J4/jP4CkUFPGegMc4AGpQ/p81QS/HP4eQj5/G/h8HzRD/yE4fvk8L97rzX5y2v/BFjWMMJ/ilar2Hl6WzcZ46yjtVqH/gi7f27j/i59tIobd82jkbuRlTiXgEehpDP0En/AGivhnbzTwyePPDqyW4DSr/acPyAjOT83Ss1f2rPg9tLH4l+FwuSN39qQ44Gf73pXwLd/wDBFzVrifcnxOtIoySSq6W56nOMGQ5HuTn60q/8EW9W2sD8ULTk8KdKYjv38z0NLUD73h/ay+DVzJsh+J3haV842rqsWc+nX3qa8/ak+ElhbRT3PxH8MwxSO8aM2qQgMynDAHd1FfAE3/BFfVZJlf8A4WlbkZ5H9ksOnQgeaalt/wDgivqBjD3HxQtzOQQQuksyjkYIJlB6Z7U+wj7x/wCGvfgn0PxU8Jg+n9rQ/wDxVH/DXnwT/wCiqeE8f9haH/4qvg5v+CK99IzF/ifb7wDhhpLAk9ufN4py/wDBFO5ZQJPipGFK8gaMcg+x84UDPu9v2u/goDg/FPwoPrq0I/8AZqD+118FQcH4peFMYz/yFYf/AIqvhI/8EVbuaRHf4qRLt4yujEHGP+uoqX/hyzcMzM3xTjJJyP8AiTH8uJqAPuYftd/Bfq3xQ8KqOuTqsXrj19aev7XXwVdgq/FLwozMcADVYeSeg618NSf8EY7544oj8VozBGpUKNE2nBOcZEwJ57kk1T/4cn3HIPxVj2sc5/sY5+n+uo6aAfed3+1l8GtPuZbe5+J3ha3niYq8cmqRAqQcEEZ65rqfAvxe8F/E/wC0Hwj4o0nxItu22c6beRzeVkAjIUnAOR+dfnJ/w5RuI1Aj+K6gZ6HRjj6486vp79i39h9/2SNR8RXjeLW8Sy6wkcTL9gSAIqEkEMSz9SeAwU5yRkA0o7asD6H8fal4j0nQJrnwxpNlrWqRgslnfXhtUfA6CTY2D9R+Ir49+D/7efxE+OXxH1vwf4X+GGjtd6QrvPcXXiApDtSXyiwYQncC3TA5HNfbOrAmynCzeS5jYCTC/KSMZw3HHB5BHrxX5IfsA+A9Q8aftQfFGKw8Yav4YntYrtp59JEKyyH7aAFfdGUwcZAQAHkDAyCAfX3w0/b/AI9U+NcHwg8e+BtS8J+PJr02kaWlxHd2ZHlmQSGTKsAwUkAKTgjOOQPsEdAe9fjj4R17Vv2V/wBvx9G1G1034p6zqupxR3HiKRWuNTEc4UEoA5SF48kkBQdqkZCkAfscv3RTAWiiigAooooAKKKKACiiigBG5BFRfZwGJ71NRSAgFuAwweB0FOaEHBPBFS01uhA60AfCjWkN3/wVcL20Kyy2vhYNcSSEzmPMZA2guvk8EdA+dxJA3ZH038cP2dPA37QHhm60fxdo8d55kRjhvo1CXNq2G2SRyYyCpYkA5UknIOSD8u+HZHl/4KweIkaRj5PhhI9reTINpiVsAMQ0YywPybiSckAMdv3nxiqTYvI/D747fsNfFv8AZN1z/hK/C15d6voFrdf6Jq2kM32uEKC6maNQCAApJIJUY5I4FfSn7KH/AAVWTxFqNn4a+LkFppc022G38RWimOFnyFxOnIQkkEuCFGeQoHH6TzwpNGyMgdWBBUgcg9Rz618I/tb/APBMfQviw0eufDZdO8G+IFMkl3a+WRa3zNlgSF+627gYABB56AUmroautz7k0XXLLxDp8V9p91DeWsoyk0Dh0YexHWtGvwt+Dv7SXxm/YL8Xy+Etc0yc6RFMZbjw7qgZUZSwDSW8g+6GKnDAMpIJwTyP1S/Zw/bP+HH7Rmj2A0bWLew8SyQ7rjw/dyBbmJhgMFBA8xR1BXqBkgcgJXW4j6AopiyK+QDkjrT6YwooooAKKKKACiiigAooooAKKKKACiiigAooooAKKKKACiiigAooooAKKKKACiiigAooooAKKKKACiiigAprLu/OnUUAFFFFABRRRQAUUUUAcx4+8B2PxE8PzaPqN1qFpbSkbpNMvZLWXg9A6EHB6EHIxXh3h3/gnz8JfBuuXeq6BBr+i3d3xO1jrt1EZVLBirMHDEEjoSeuevNfTFIead2Kx4v8Lf2Q/hh8INeudc0Dw7G2uz3El0dV1BjdXSNIu1wkshLAEdsnqc5zXtA4FLRS1GFFFFABRRRQAUUUUAFFFFABRRRQAUjfdNLSN900AfCOiSTN/wAFXte+0wOIh4YT7PJJLGcgRJlkEg3AAl1xCcgkk5BbH3dXwZotxEv/AAVg12KdPOk/4RtRbSGRU8sG3jZhiQEtnniEqRkls/Pn7zXpQAtIRnilooA81+MXwB8DfHDw/PpXjDw/Z6sHiaKK6kiUXNvkH5o5ANykE54OPUGvya/al/YV8c/sm+Jl8b/D671DU/CttI91HqdkxW90kLtwZSoBwMnDqMAAg46n9rqgurWG9t5IJ4knhkUq8cihlYHqCD1H1p6dQPzA/ZC/4KoPJNZeGPi9LbQW6QCGLxOmQS6jj7QBkZIBG5QMnGRknP6V+FvGGjeM9Lt9T0PU7TVrC4RZIrmylEsbKwyCCCeor4y/a4/4Jn+G/i8kviLwBFZeFfFpffNDtKWd4CQDuA/1bAZIZRz3HcfDHhH4rfHb/gnh44ufD2oW1xHpbSFv7L1MvLp9yocEyQOMYJHBZccNyM4Anl7AfufS185/sw/ttfD/APaQ0WBLHUE0jxQqr9q0C8YCdGJIJTs6kgkEcgEZAr6IWZW4HBpgSUUUUAFFFFABRRRQAUUUUAFFFFABRRRQAUUUUAFFFFABRRRQAUUUUAFFFFABRRRQAUUUUAFFFRyF1xtAY5wcnt3NAElFJS0AFFFFABRRRQAUUUUAFFFFABRRRQAUUUUAFFFFABRRRQAUUUUAFFFFABSN0OelLSN900AfBPhm8V/+CsHicGCG2ceGkjRlYobkCKPLnIIkIxtIBXG3uVIP3tXwZ8O9akvv+Cq/xFicrbfZ/DsNqEBYNOBFAwJHIJGSccDAyORz950ALRRRQAUUUUANZQ3B5rhvi18GfB/xs8K3Og+MNDt9ZsJQdvnKPMiY4+eNx8yMMDkHtjpxXd0lGqegH4z/ALTX/BNXxn8BZE8X/D7UdQ8W6RDOZTHZ27Jf6cFyyOQpO9VwAXBBzg7ecjuf2W/+CqmraJqyaD8YhJf2lxMiR63bwhZbQ4VMSoANy8Ekj5gSeCABX6tyQiQEHn+VfKH7VX/BPvwN+0NBfa1a248OeNfJYQahYYijuGAJRbhACGGQAWADAdyMgv4hK66H0d4D+IPh/wCJfh+HXPDWr2utaVKxVLuzcNGxBwQPQg8EGuk3D1r8FtL1v46f8E8fiWljKs2jy3IS4lsZZBPp+owgAEjGVJzwWGGBGM5Ffqj+y7+3N4B/aMsLSxjvE0LxhzHNoV64EjsqgloSDh0IyQRg8YIB6zqnqVofTVFMjkEgyP5EU+mIKKKKACiiigApM1VnvorWOSWVhFHGCXdyAqgDOSSemAa+ePjZ+358Hvgm9xZal4iGsa3Gp26Xo6G4kJAJALj5FBIxktweDjFID6Q3DJBqjqmtWOi2M15fXlvZWkKb5JriQIiD1JJAA981+S3xW/4K2ePfFOvS2Xw08PQ6Np8ihLdryAXd7ISpGQgyoOTkAbj8o9SK8ysP2b/2qP2pr63u/EMHiKWynjCreeJrxraBYiVICxk5wN27AXDYOMkcvXsNW7n6WfET/gon8DPh3HdiTxjDrtzbFle10RRcyswIBC8hSec53YwDzXgfi7/gsz4IsZJYvDXgXXNXO0eVLqE0VopJAPzAGQgA5HGemehrO+Hv/BHfRpLXT7jx54xvpb2O3Ec9jozKYRIG6pM6BtpGTt2AgscE4yfpzwL+wB8CvAMmn3Nj4Dsru+siGS71GSS4kLDPzMGYqTz6cYGOlFrbsNOh8OeJP+CxHxD1CaOTw94F0WxgIkGy5nku3cbwEbCBShAByDkHIIxjFZJ/4KxfHNo3WPwloe9V5ZdPuDjrlj82AM49v6/qzY/DLwrpS4sPDWj2mSM+TYxJkDpnC8mtOLw9YQpKkdlbIkqeW6rEuGU9VPHI9qehK5r6n5LW/wDwVs+NNqyrf+D9FMW2Q+cLSeI5KyFepIAU7SeOQh6ZJHovhv8A4LRQYgHiL4ZSQjJEsmnaqJCAAuCFaNRz85xu4wBzkkfpFceFdLvdguNOtJtgKr5kCsAMMMDI6YZhj0YjvXm/j/8AZJ+EnxOmWXxF4D0a7nRdq3EMH2eQDION0e0kDHGSe9FkM85+GP8AwUk+CPxM2Rr4jk8NXLbQINfh+zEkjOAwLKR75FfTOl6xY65aJc6fdw3tu4BWWCQOvIyOQfSvgz4yf8EjfA/iiWS+8Ea3d+GbySUM1lcBZbMLtwQgVQyc85BPU8V8YeIPgt+0j+xdrR1LRbXXNHsFwZdR0Cc3djIAQpMigY5JyFkUEe+M0uV9GC6n7obgehzS1+Xn7Mv/AAVqX7RPpfxngWAN5f2XWdJsztGeH8+MHIHAYFQc7mGBgZ/RD4f/ABa8J/FTRbXVvCuuWetWVwhdHtZlZsAgMCAcggkAgjuKLAdnRTVYMMg5FOoAKKKKACiiigAooooAKKKKACiiigAooooAKKKKACiiigAooooAKKKKACiiigAooooAKKKKACkbuD0paRs4OKAPgD4R3BuP+CqvxXWMlFj0WNZPJuJQHIjtwN6jKsQTjDYAwCMkZP3/AF+fPwX3/wDD1P4vKiy7P7KQs0jTA4MVvx8pKlc4wHwB2AIAr9BqAFooooAKKKKACiiigApGAYEHpS0UAcj8Qvhf4Y+Kfh280LxTo9rrOm3cTRSR3CAsAe6t95WHBDAgggEEECvy3/aM/wCCXvjX4a66/in4L3d1q+lW5WeDT1lKanZuGJHlMMCQAgEHIYdOcZP67UyRd6kDind2A/JX9l//AIKgeJ/AOvWPg74wJNfaVCzW0uszRN9utnDcGZeNwBJBwNwAB5wc/qL4F+Inh34laHaa14a1i01rS7qMSxXFrIGBUkgE+nIIwRng+lfPn7Wn7AXgz9pe2n1S2MXhjxuQgTXLeEsJVXPyTRggOCD1+8MDkgYr81Nc8B/HX/gnh4+bWLNrix01pjBFqVuwl0/U0BBAkjBOMhhgMAQTwSRmjl03He/Q/dUEHpSMw78V8Yfs8f8ABTn4afE7wuw8X3i+DPEtlAr3dvdcW9wxJB+zMCWYZI+VgG54BAJrwX44/wDBXi6vLy60z4UeH1Fsf3Ues6spaYk5BeO3BxjoRuOepKjpSC3c/Srxf430HwJot1q3iDV7LRtPtYzNLcXs6xoqAgE5JGeSBjqSQByRXwr8bP8Agrp4N8L3Fxp/w80yTxlcp5iG/mY29qCIwVZQRucBjg8AEKcHkE/LPgv9lv8AaP8A20b4eIvFmp6laaNdMJU1LxFPIkbxM44t7YHgAEsBhVIBwSSAfur4B/8ABMX4VfCK3F5rdnH4812SPbJc6vbqbdDxzHAcqpGOGJZuc5HSjl7k310Pg/UfHf7Uf7eOpyxaaNTi8LSO6mPTkks9KRSMFHkUEy5HUMWOT0APHuvwR/4I+xSEah8VfEcjymQj+y/D7YUqAQC8zLnJIzhVHbnOa/TPTNJtNFs4rSxtYLO1iG1IbeMIigAAAAAAdB2q7t/zinddg6nkPwl/ZZ+GPwZhtB4Z8H6dZXlrvEepPCHujuwDmUjcThVGc9BnqST62tuiKAFAHtUlLQAlLRRSGFFFFABRRSUALUE1rHOpV1BXuCM1MpJGSMUtAHyl+0F/wTt+FnxotWubDS4vBmvor+VqGiwJEjMW3ZmiA2uM57A8nnpj89PiZ+zN8d/2GdWfxj4d1e4udDs5wF1nRWZF2lsItxDjGGJwQQyggcjIz+3FV7q1S6haF1V0YYZWAII9DT5m9HsM/Pj9mP8A4Kt6D45urTRPifZQ+FL91SKPWLdy1lLIFO4yZOYckDHUZOMjivvzRPEGneIrFL7S7+11GzkHyXFrKsiNwDwQSO4718ZftOf8ExfBvxaW81vwS1v4J8VybmZYoALG6J6q8agbCf7ygn1Br4h8J+MPj/8A8E6/Fr2GpaZMNBvJBLLY3G6fTbpc4LRyLxG5UYyAGGBkEcUctrtMD9vRzyKWvlr9l/8A4KAfDv8AaOW10sTnwx4vmdkXQr+UM0uACDFIAFfIOcDDcHggZP1EkgkwRyPWpEPooopgFFFFABRRRQAUUUUAFFFFABRRRQAUUUUAFFFFABRRRQAUUUUAFFFFABRRRQAUlLSN90460Afn98DZHk/4KofGcIrIn9kxq6tavggJb4IZflUE/wATZB6Dkiv0B+nSvgL4L27N/wAFUPjDIlosYTR4yxMRkIzHbjcGD4UknqQQc4wCcj7+oAKKKKACiiigAooooAKKTNIzbVyKAF+tIXVRknivOPjH+0F4F+A+hnVPGviG00eHaTFbs++5nIIGIoR8zkEjOBgdyK/OD9oT/grVrni2CfQfhRpU/h5WlwNcu9st065GBHDgqpJBHzbjgjAB5C9AP0l+K3x48A/BXRjqXjTxRYaFbEEpHM5aaXAyQkSgu5H+yp6ivzW/aU/4KiXfxO0vUvCHw88Kxrpt95ljJqGr2y3LzK5CxtHAQQGIzjcGOWHAIxXH/B/9gH4z/tOa9B4y+KOp3uhWF5cD7XcasWGpSxjnMUTKQgOSAWwB12kAZ/Rn4DfsQfC79n6EyaJpL6nqrLGJNU1ZhPOxQ5DAYCoc8/KoAIGOlVH+8K/Y/JLw7/wT3+OHir4ez+L7TwZMLNYzLFZXEqQX1wucMUhJDZAGQGAJA4ycAyfsf/tF+Fv2afGOpHxp8O7HXo5mVEu7m0D3+nyK4D48wEKApfKgBiQBnBOP3ohhWGMIOR7183/tLfsJ/Df9o6zWfULNtB8QRszx6xpMccUrE5JEgKkOCTnkZz0IJzRdMZ678K/if4Q+K/hGx1zwhrFnq+lyoCrWxAaI4B2OnBRgCMqQCPSu1Uqy/Kcivw28WfDH9oL/AIJ9+Jn1DTLu7stDuJxnVtP/AHtjeLG5KrMuCIywA4bBwWAOMmvv/wDZT/4KPeCfjhZx6X4omsvBni8yFFs55yILkZ2hopGABJOfkJJHYkDNS7rcfKfZlFQw3Czxq6EMrcgqcjHrUuaBC0UUUwCiiigAooooAKKKKACiiigAooooAbtBySKwPGXgrRfHnh2+0HXdMt9U0u+ieG4t7iMMrKwIP0OCcEcg8giuhooA/Iv9qz/gmd4n+FOpT+N/g417eaJZkXA0u1nkOpWJBBLQkfNIAeQQS4APBwDVb9lD/gph4q+F+uW3g/4v3F3qvh22RrdtRlgZ9SsWXgecCC0gUghgQWG7JJxiv16kjEiFT0PFfLX7T/8AwT/+Hn7Q9vqGqLZL4f8AGs4Upr1oCGdlBAEsedrAk8kAMQBzxTVpE7ao94+GXxW8KfF7wnZ+I/COt2+uaTdKSk0BIIIOCrIwDIwPVWAI9K64MH5Br8LNc8I/HP8A4J2/EifUdOluItODGNNVt7ZptLvY3biN9wKqxKcqSHAxggYJ/QD9mD/gph4G+NJstB8SR/8ACG+LJI1BS9kAtLmQnAWKQkfMeCFIB54JwSJd09S1qfatFRRTLModWDKwBBU5GPapKExC0UUUwCiiigAooooAKKKKACiimq2c0AOooooAKKKKACiiigAooooAKKKKACkpaSgD4B/ZkuINY/4KWfH6e5SSe9s7MxxTSIqrGiyQJtA5OcADORkZyOa+/wCvz2/ZMkMn/BS39owsWLfZpAM9MC4gAH4Y/Kv0JoAKKKKACiikbgE5xQAtMMiqTk4rhvid8aPB3we0GXWPF/iHT9CsYyQGu5gryMATtRPvMxAyAASa/Or9pT/grJf6ws2gfBrTJbYTOir4lvIiZHzgssNuy+pxub0OByDSvrYdj9DPjF8dvBPwM8OtrXjPX7fR7QkrHG2WmncDOyNACzNgg4A46nAr83vjl/wVq8Q+K473Q/hboUulC4byIdUugZrsg5BaONeFYnGMluO2a8w+Fn7Efx0/aw8QjxB42udQ0rTpZVmn1fxMZBNIjAHMELDJyADyAuMDPAFfpj8B/wBiD4UfAGS3vdB0IX+uRgj+2dUYT3POM7SflTpgbQD15NDj3C9lofnN8J/+CfPxr/ai1i38XfEjWbzQ9MuisrX2uSNcX1xCSSRHEWzHgAABioGQQCBg/ob8Bf2DfhP8AL6HUtG0JtT15IfJOravILiT7xO5VICoTkDKgHAHvn6MjjWPIUYFPp7bE2GrGo6Cn0UUDCkwD2paKAMrxF4c0vxXot3pWsafb6np11G0U1rdRh45FIIIIPUEGvzQ/ag/4JPyw+fr/wAG5xGqRvLP4dvpSzOwJIFu+O4wNjdwMNziv1EprKWGAcUxH4u/s1/ty/ED9kPxCngj4j6ZqF54Zt3xcaXfKy32n7gCGjLnJU5B2kkHOQR3/Vr4LfH7wV8evCsOv+ENZivraQkPbyYS4hYYyskZOVIyOeQQQQSCK5X9oz9kXwB+0boGoQa/pkVtrskIjtdet4x9qtmXJQg8bgCTlScEHB7Efk98RP2efjf+wv44k8XaNLfJptjIph8TaUS1tKjMwVJ0zjLAAMrArkgZPBqeXqitOp+6isGGRS18B/sh/wDBUDw98TvsHhr4lG38LeJpD5MWpFiLK8IAwSxGImJJBBO3gEHnA+9LW6jureOaKRZYpAGSSMhlYEZBBHUEd6EBLIpZcAke4PNKoIGCcmnUUxBRRSUALRRRQAUUUUAFFFFABRRRQAUm0HGaWigDI8TeGdM8WaLdaVrGnW2qafcrsltbuJZIpAeoKkYIr84v2pP+CUo1TUm8QfCO5htHuJpJrzQtRkCQoCCQLdlX5RngI2cZBBGCD+mlMZN2D0/ClqB+LH7P37d3xV/ZT8SXHg74h6bq2v6TbiOAaZrDtFdWCRsAzQlh8w2hwFJwSAQQMiv1j+Cvx28HfHjwhD4i8I6ul/aSEiSF/knt3HVJEPKkYPscEgkc1zn7RH7KfgP9o7w+bTxRpqLqEKsLTVbdAlzAxVgDvAyygtu2E4JAyK/Jn4xfsn/GX9ivxeviDw5qOo3ekQfv7fxDoLMgXaSAJowSV25GdwK4PXBNVyp/CK+p+5iyq/Q54z0NSV+c37Kv/BVHw5rmm6H4Z+LE76T4jYeS/iDywtjOxxtaQr/q2PIJwFyCcgYr9CdI1W21rTba/s54rq0uEEkU8Dh0kUjIZWBIIIOQRU31sUaFFFFMQUUUUAFFFJmgBaSjPWloAKKKKACiiigAooooAKKKKACiiuO+K3xO0X4O+ANa8YeIbj7Lo+kwmed8EseQqqoxyzMQoHqRSA7Gkr5A+D/7XnxT/aIsNQ13wD8JLCHwpG3l2mo+Jtfe0e6kAIcIkdvICFYEEg49ycgavwX/AG34/Gvxgv8A4UeN/C83gXx5a7wkMlwJrS5KkHEUhCscqQwyoyCRjIwW9APH/wBkny5P+Ck37RZDsJFhkwoAKkefDnJzwQQOAOck59f0Lr89P2T5Hk/4KW/tFGR2BW2kCjjGBPbjHTsMV+hRYKMk8U2AUjMF61l+IfEmmeGdNlv9U1G1020jBLT3cqxoAASSSSOwJ/Cvz7/aV/4Kx+HtBsL3RvhRGuuawWeEa1dRkWka4I3xg4LsDgjICkDqc1Nx2Puv4gfFbwl8LdFfVfFviGw8O2AdY/P1CdY1LMCVUZPJO04A5ODX54/tGf8ABWiLY2ifByxknu5AVbWtRgwFIbAEMRJ3ZAOCwHUYBzx4R4J/Zd+P/wC3B4mi8WeL7u8sNMvCA2u6sgRfLXACwwgqSOSQMKpJPPJNfod+zj/wT5+GHwFghvjp3/CU+JdqGTVdXRZNsi4JaGMjEeSM9z7mrSXUm66H53fDX9kT47/tqeJl8R+MbzUtN0icmY614kWQjbIS2LaE7dy5GBtIUAj6V+kH7P8A+wR8MPgAbS8stLbxBr9vKJ11nVyss0bhSMxgAKg5JAAJ55JIBr6SSFVwAKkpX7BYRUVQAFA+gpaWikMSloooAKKKKACiiigAooooASs7XNDsPEel3WmanZwX+nXUZintbiMPHIhGCrKQQQfcVo0UAfmh+1x/wSutdSXUfFfwiCafdkF38LsAsDEg5MDdUJwCFOQTkAgEAfPPwP8A2y/i7+xz4+h8JfEaPVL/AMOWKLb3GgagAJ7eMHAkgcgZxggZYqR34r9s2AYDNeH/ALSH7JPgP9pTw/JZeIdOS11RQPs+uWkai7g5HAYjkEDocjPP1bd1ruF2tjc+Bv7S3gD9obRbnUPBmuJfm1ZY7i2lUxTwswyAyHkDqM4wSpxwK9UjkWVdynI9a/D743fsgfGD9jPxBF4s8LXt5qOj2s5eDXtDDrJAoYlRcoPu5UAnOVJyCex+sv2Vf+CqWjeMrfTfDvxSgh8PayxSCPXIjizuWyFzID/qickk5K56Y6Cdtxn6JU1VCk4GM8mqun6hb6paxXVrcR3NtMoaOaFg6MCMggjgjHpVumIWiiigAooooAKKKKACiiigAooooAKKKKAEqtdWcN5DJBNEksMilHjdQVYHggg9QRVqkJo1EfAf7U3/AAS18LfEZr/xL8Omi8JeIREzDS4o/wDQruUEEEjJ8skZAKjA44NfHnhL40ftDfsD+J4NA1m2un0a3ZoF0nV982myggNugkUgLgAMNpwASSDkgft8yhuvSuT+I3wr8JfFrw+2ieL9AsvEGlmRZRbX0QkVXUEBx3BAJGQehNF7rbUex4b+zX+398NP2hmstKgv20HxXNEhfStRIQSTHhkhcnEmDyAMEg5xwa+nUkVulfk7+09/wSl1vQNTn8Q/CCVtS08mS4k0W8uAtxbkbmCwNgBhgBQCc5IycDNcp8Cf+CjfxP8A2efEEHhH4r6XqWu6VBJHHOupKYNSso9oA27gPMAAyFbBJGdwziizGfshRXl3wW/aM8BfHvSTf+D/ABHa6oVUNLZ5EdzBkkAPETuU5BHI7dT1r1AMGGQeKVxHK/Eb4gaL8LvBureJ/EF6lhpOm27zzSueTgEhVHdiRgAckkAV8pfCH4mfGf8AbGmuPFPhvW4fhV8ObeeW3sZE0+O7v9RYHBZ/MJRVUjGV4JYjtx7H+2V8D7z9oT4C6/4Q027ez1OUJdWZBASWaI7ljfJHyseOeAcHtXzF+wZ8aIv2cPA83wo+LlhfeBtXs7+4lsbrUrV1tbiMkb1EqptJD5IJJBDAg44qgPozULP49eBda8N21trWg+PNAuNVhi1K9vNPNlf21qxxIwEcnltgkYIUEAYIJOR9CjpXmmj/ABr8P+MNVsbPw09z4jiuXKPf6dAXtINoDEvKcKCARxkk5AAzkD0tfuip+QhaQNnIpaKYwoqJVkDHJBBqWgApCcUL70daAFooooAK+Ov+CpPgTWPGn7L17NpEjE6PfwX9zaojSNcxAmMqFB5IaVX5BACHp1rbk/aP+P1u0TSfs2X7RvKyER+I7Vm2gZDYA4zgg5wAdoBJOBdk+PHxxuLW33/s5XjuxAnjbxJZEKCBkrzyOGHOOcepwgMr/gnB4n0XVv2UfB1ppsqtPp4mhvY/KSJ45vNkLBlQnk9Qx+Yggnk18hftVaNP8dP+CinhOy8AzPq76edOj1G900M6WbRyF5Gd8lQVUZ4AGeMEg59W8VfD7xd4g1q41lP2SL7SNQvJd902g+OhpizlcBGdbYqpbqSSPU5ySa7b4XeJPin8HNMl0bwd+yd/ZFhJOZpJP+Ept2mnZsEvLIwLO3zAZLEjkdjV6fMDJ/ZXvtP0n9uL9pm9v54rQW86M9zNIqKELgHJY8DIXkY6DOcCm/tHf8FXPBHgWG+0f4cwv4u8SRyNA1xPC8djCRwW3HDSYPZRgkdcc18NePvhb8V/2jv2lPizF4c8J3dhrct95mraJFfxkQK0iqiSNuCSYYKTjIBBOQATXqHwP/Yt+Ifwn1o6n4w/Z3m+Il7uX7Lb3Gv2sVpERuLM8YLBgQBgMSAe2SAI1vqB5xB4D/aI/wCCg3jCPV7+O61HTFcQjUboG20qzG0n5Fxg4BOTGrHJGc5Br70/Zc/4Ji+CfhFarqfjiGy8b+J/NWVGmjZrS1IVSVSNuHIYEhmUEgjgEcdtpHxw+Muk6WllZfszXliltEqw20Gv2SQKAMbQRjAGGHA6bfXAsJ+0J8eJVPkfs43qCNRu8/xHaqWfoQBg5GccnHGT6A2nurCtezufTlvax2saxxIsaIAFVQAAAMAADpVivl8/tA/H43Xlr+zhciLIy7eKLMNjHOBjBOc8Z6Drk4Dpvj3+0GrRiH9m+Rxxv3+LLNceuOD+VSrsZ9P0V8qr+0D+0Zxn9m0ksSAF8V2oGc8ZJXgYBPT065qx/wAL0/aMEIf/AIZzgZipby18YWu4HJGOUAz0PUjBHfinYD6hzS18tL8fv2jOR/wzYucEj/isLTB56Z2dceuOlNX4+ftFtbyu37OKQyKuVU+LbZi5JAAACcHJyc44BOcgAlhH1Nmlr5b/AOF8ftHJIqj9m+GRcAmRfGNqAOBkYKZzn2/PrU958Z/2j7VXaP4BaZckn5Ui8WxFhzjkmIAnv1p2C59OZpa+Zk+M37RclmJP+FBabFLjmN/F8RbOG9ISDyoHX+Ic9SI9S+M37R9o3lwfAbS7pwGO+PxZFtOM4HMQ5OOM4HIyRzSsB9OZozXzLB8ZP2jZrRp2+A+lxsY9627eLY/MyMZXiLBb8ccHnplsnxo/aOGSvwB0xRs3gN4uhJJyuV/1Q5+Y+g+VuegJYV0fTgpa+Yovi9+0lOwJ+B2iwDarfvPFaHBOAVyIjkjcSccfK2CeM21+KX7Rvkow+DHh92YZw3isDHAyCPI65z0J6HrwSDPpBgSpAOD2NRxJInDybznOcAcelfOS/E79pKZQV+DnhmEAkESeKSW4BwRiHHJGOvcdOcLe/Ev9o6O8kgtvhH4ZnjjCv9qPiYqjgkgoqmHcGwByQB8wxmmot6hc+keKK+bm+I37SqzRgfCPwmYmDZx4nYlSASMkwjqRgYBzuGSOSIF+J37TLDP/AAp3wuAzgL/xVB+UEnk/uucDByPyNKwXPo7ULKHULWa3uIknglUpJFKAyupGCpB6ggkEH1r86v2tP+CVmkeJor7xN8JIrfQtUWNpZfDrDbaXDDLYh7RMegX7vCgBQCa+jL74jftL2r4T4S+ErjJADReJ3IGSBk5hBwM5OOwNUW+KX7TlrdW8D/BvwzepIAXuIPEm1IyRkggpk8jGQCMkduaVtdg9Gfmv8C/2sPi5+xT4ktPDXinTtVbw3GRJL4a1hGQrGSfmt2YfIM8gKdpOeMnNfrF+zf8AtVeB/wBpfwuuqeGb14r6IYvNKu123Fu3AII6MuTwykg/XIr58+PHg/4wfH7wXd6H4t/Z78L6jK0ZFlfweJlW5tJCGxJGxiBBBBJBODuXIIzj4Y139j39oL9l6O68cR6VdW0GkxmSTVtB1FS1uSSvmEKQ5UAgkFQACc4AJp77Br1P3PVw2aU89K/I/wCFf/BXLxzpWl6boWu+EtJ1+8Vo7WPVJb5rMEFlUNMWDAYGctkDqTnHP2ZpPxs/aF8QaPZavpPwp8Iarp19Gk1vLaeLQ/yEj5iRFtIIOQQTjB6nAIM+pcijIr5dX4uftMztbFfgl4dgRpQJFk8UKzKhJyTtTAAyMkZJ2tgHIpZPih+08khKfBzwtJGXKKv/AAkx3DJwGJMYGFJBOBkhWwMkUWA+oc0Zr5k0z4pftMXjH7R8GfDdsocrtl8UBTjAwciJgQC3PAPyngZGbf8Awsz9o+SRFX4O+GIu5aTxWSMdMHEGQec554BosB9IZozXzbN8Sv2lPLh8v4PeFw4lCSbvFJIKDOWGIRgHAwTkjIyOuIo/id+0qZ5A/wAGvDISMEf8jTjeckAqfJPHyk8gffX0NAH0vn35ozXzHJ8TP2nYbqMt8IPCctuhLSLH4mYNIMHAQmIYOV6kEfMo45IfL8Rv2nEvIY0+EnhHymdt8h8TOVVQoIBPlAgk55APUcAAmpA+mcj1qMyFSowW7E8cfXmvmG88eftWedGLb4Y+BFi+YOZNemYkknaQQgAA4JyDnnpVm38eftRSWKiX4X+B0vMcyf8ACRy7Mk9lEROACMjcclTyMimB9M7h60Zr5d/4Tz9q5oCn/CtPACXCqAZm16cxlsnJChMgYKjBOeDycjDm8dftVYjI+GvgEDyvnH9uTk+YF5wNgGCQcDPQgZPUuwutj6gyKMj14r5Wj8bftcLbu8vw7+HDsyfIkWs3IZWyCCwKnIwCMAjkjnANWbrxr+1ctsDD8Ovh79pCgFm124ZN2BuIAjBwSGwM5AIyTgmkUfT7Ada8U/aK/ZR8BftLaDPa+JNMij1YQ+Vaa5BEovLXDBgEcg/LkcjoQSO9cZqXjL9q+O5k+xeAvh29uqrgyaxclpDg7iPlGASOAegIyTyaR/GP7V/lyBPAHw7EjlfK3a1ckIMEkv8AINxPAGMYPrVWaJ3Pzq+K37CHxn/ZA1hPG/g/VbjWbKzc+Vq/h0SJeWylSS0seCVTIIJBYEHBwDX0D+zX/wAFZrQafBo/xg0+aC8h2RLr2mQ7kcZClpo85UgZJZc55AUHr9FzeJ/2uJlET+AfhmUbGWGrXRHJweMc8HP4Gvlv43/sFfFf42+I7LVpPh54F8GXuZDeXPh3VpFW5Zj990aIgEE545IBHcGjluhXZ+mHhfxpovjTQrbWdD1G31XTLlN0d1ayB0YYB6g8Hnoea1pLaKbBkjVxjgMAf51+af7Nv7H/AO0f+zH4in1PSn8P+I9OmjZf7GudcuobZZGCqZTGihWYAkZIPC5HOMfTdn4y/anjjdbr4dfD+WTPytF4guFXqeDmI5OMcjHIPHNTZ9SvQ+kobeK3XbGixjrtUAD8hU3Ar5rTxt+1ErQb/ht4DfG8zbfEU6lhztC5hIBHGScg9sZqvc+NP2rN4Nv8PPh4YwnKtr1wzs45OD5YAB6YPQkc07AfTmaM181y+L/2ozI6QeAvh+ECkLLLrdwCzA8EoIzgEA8bjgkcnBFRx+Nv2po5Fab4c/D+SERgMsfiCdWL4GSCYiNuc4B55HNFgPpjNZ+t65YeHNNm1DU7yCxsYBuluLmRY40HqWYgAfj3r5+bx1+04rxKPhh4HkUsQzL4llHyj2MPGeOefpWZ4y8R/tCeINAu9P1n4R/D+90i5jaO6t77xLJJC0ZxneDCARjJ9sUWYH0R4b8aaH4w0yHUtC1az1ewmUNHc2M6yxsD3DKSK2lcOOvFfht8Xbfxh8AviQZ/BD2XgDWrq6MM2h+Dtbn1GJRIq/KsRj2gcqSMk5bgDKivv39j/wCL37THjLUILf4k+BLOHw7JEsi65dEWFyFOQCIAG8wsVzjCAbs5wQKVmmPpe59n0UyNiVBx1ooEPooooAKSlpDQB8BfsdXyyf8ABQD9piFmj815RJt3HdhZgvAxyORk9iRjOePv3n618E/sawsv7dH7TQKqZVvRmQkltplJCjIBA7n1wPrX3tQAc0UtJmkAtFFFMAooooAKTmlooAbz9KdRRSAKKKKYBRRRQAlFLRQAlLRRSAKKKKYBRRRSAKr3dtHe28sEqLJFIpV0cBlYHggg9RirFFMD4e/aa/4Jg+BPijZ6prHgWG28G+L7pxKNoYWMrA/MDGv3CwJyyg4PODzn4V8H/F743/8ABPXx8+h6pptw9ih2SaXeuz2N5FvYh4n5CkgEArgjJBXIwf3KZQw5GfrXn/xg+CXg/wCOHhltC8YaJBq9ju8yPzBiSJ8EBkccqRk9D6UC16HBfs8/tl/Dr9oi3nh0HUxbazaxxPc6ZdgxSruUZKhgNyhiVyOuAcDNe+Kc44r8Xf2k/wDgnN8QvgZ4ql8R/D211LxD4WWTzIJ9NkL6hY4IYb1UqzAEcSL0xkgHBPqv7MP/AAVffQtHsvDHxftLu5uoZIbWPxBbIC2zcFZ7lSQSyjLEqCTg8Zp2sV0ufqfRWT4d8SaZ4m0m31LStQg1GwuEEkVzbyB0dSAQQR1yCD+Na1SIKKKKYBRRRQAUUUUAFFFFIBKKWimAnNLRRSASjn14paKAEpaKKACiiigAooopgIeaz9c0S18Q6TeaZfRLPZXkL288TZAeN1Kspx2IJFaNFAHmHwh/Zx+H3wL0tbLwb4ZsdKYgiW8WMNczZOfnlILNjoMnAAAAFcV+1x+1p4f/AGVfBtvdXts+r+INRLLpukx5XzduN7u+CFVQQTnk5AAr6Er4F/4K4W8s3w7+HjBZVtI/ESyXNxHtUQqEwGZyDt5OASQvrnjAI+xfhx8UND+JvhGw8QaLdRz2lyilhG4PlvtBZCe5GRyMj3oqX4Y61pet+B9JuNLv7fULcW8aNNbXMMw3BFyGaL5C2CCcYHPAxiigZ2FFFFABSHp6UtNZgOCcUAfBX7GDK37dX7T5zg/bU4Y5P+tYHGRntX3vX5//ALGMyS/t5ftLhJHdBdcMqnYf35BBOOoJwM9ga+/6AFooooAKKKKACiiigAooooAKKKKACiiigAooooAKKKKACiiigAooooAKKKKACiiigAooooAjkjDqQwyCMEEZr43/AGtP+CcPg748x3HiDwyIPB/jMq7yXVvADBfHadqyoCApLYy6jOM5B4x9l5pGG5eRRewmj8NPCvxI+O3/AATn8bJo+r2stvo12wmk0u8Imsr5UYq0kLAjaSAASpBxtyDwK/TT9mH9vH4f/tI2MdpHdR+G/FqjEug38wEjHIGYmIAkBJAwOR3Ar2P4m/CPwj8X9Bl0XxboFnrlhIrKFuogzR7gQWRuqtgnBBGK/Mz9pL/glh4h+GKy+Lfg5ql3qVlYAXR0ueYjUYWUlt0DqAHxxgHDDHBY035IF5n6zRtvXPvxzmnZFfkX+yn/AMFO/Efw3uLXwn8W4rvWdISUxDWnVhfWpLAYlQ8OqgnOAGGAMEnn9Rvhz8UPDHxY8MweIPCes2utaTKxRbi1kDAMCMqw7EZGQeRkcUtepR19FNVgygjpinUCCiiigAooooAKKKKACiiigAooooAKKKKACiiigAooooAKKKKACsPxR4P0fxpp76frmm2uq6fIP3lreQrLG/GOVYEVuUUAYfh/wfo3hPTI9N0bTbbS7CMkpa2cKRRpnrhQABRW5RTAKKKKQBVe6xtIJI4PzA4xViq10W2nA5Ck9cf0oA+C/wBiG5Q/tp/tJwm48yZ7qGVBvB3qHYFuBg/eHIwOenp9+1+fv7DN8W/bN/aMhZCXmlhlLxyu8SkOQQSQMk7hgnB4PHJx+gVABRRRQAUUUUAFFFFABRRRQAUUUUAFFFFABRRRQAUUUUAFFFFABRRRQAUUUUAFFFFABRRRQAUUUUAFMmiEyFW6U+igD5S/a1/YF8HftI2rapZv/wAIx4wgtTDb6haxgRSgHIWZBjcByAQQRk9cAV+bEVv8b/8AgnT8UIby4iuotMdRK0as0umahExAKOykgMAAOfmBAPQjP7p1geNvBGifETw3feH/ABFptvq2j30ZiuLO4UlJFyDg45ByAQQQQad9LMVj5n/ZV/4KJeBP2ims9EvUHhTxjMSq6Zcy7op25I8mUgbiQCdpAPtX1uuSoPevyk/ae/4JXa14d1vUfFfweufO05Cs8Xh3zHW6ik3DIgkJOQDggMQQM8nArh/2ev8Ago149/Z31IeEPidYal4h0SyY2htrohNQsCpwRlhmQAcYYjIAwfUtYLn7KUVwHwn+Nngz4z+GbXWPCGvWusW0sYd44ZAZoCc5WVM7kYEEYIHTjNd4sgbpUoofRRRTEFFFFABRRRQAUUUUAFFFFABRRRQAUUUUAFFFFABRRRQAUUUUAFFFFABVe6YKhOOx747dKsVXuiFjPHOOtAHwR+xBDcTftp/tJ3Mtw0x+1xg4LBTukYjIIGSAMZODyeOTX3/XwJ+wzcLcftg/tIO0E0cpvIvmmB3ECR+TkkgnIIDAtg4JBBFffQ96AFooooAKKKKACiiigAooooAKKKKACiiigAooooAKKKKACiiigAooooAKKKKACiiigAooooAKKKKACiiigAooooAjaFXzkV89ftPfsW+Af2k9HmbUrJNG8T4At/ENlCpuUIBADcjzF5PykjkAgjFfRNFHUD8LvH3wJ+NX7AXjoeK9IupI9Mt7kW9t4i08EwTo4J8uaMg4JBwQwIyOCTX23+zb/wAFSPDHj/Rvs/xHt4PB+rw3MVmL6KTzLO5Z+FbGd8fIJOQVAIJYZxX2z4s8H6L460O60XxDpFnrek3QAmsb+FZoZACCNysCDggH6gV+c/7VH/BKOK8kufEXwdkhs7mSRpZfDt1II4QCBhbZwPk5z8rHABGCAOXo9kB+l0FxHcRJJG6yI6hlZSCpBGQQe4xU9fin8Af26vir+yZqEvgbxrpt3rWkae4hOl6u7C6sljO0pbux4XA4U5UAAggHB/V74KftB+B/j34WTXPB2sxahBws9sxCz20hGSkiE5UjnnocEgkc1PWw7aXPTqKQMD0NLTEFFFFABRRRQAUUUUAFFFFABRRRQAUUUUAFFFFABRRRQAUUUUAFVbxgsZyueD6+ntVqqt4CVIA4wT/kd6APgj9hP7VdftjftG3vmbrRrtYyJLVo5C3nOFBLHK7QpBUgknByMEH9Aa/Pb9gzdN+2B+0XLOFa5+2AF1tyoRRM4Chs4QgBQUIJJGcnac/oRQAtFFFABRRRQAUUUUAFFFFABRRRQAUUUUAFFFFABRRRQAUUUUAFFFFABRRRQAUUUUAFFFFABRRRQAUUUUAFFFFABRRRQAVG8KyEFhk/UipKKAPE/wBor9k34fftIeHvsXibSFjv4pPNt9Vsf3V1ExABO8D5gQACGBHAOMgEflb8Yf2U/jB+w34ks/FfhvWru50mM+cmuaQrKsLKSoW4jIIB2uMEgqdzAd8/t7VTUNPh1C2lt7mOOe3lUpJFKgZXBGCCD1BHY07iPgT9k3/gqFofjWx0zw58U7qDRvE8snkR6tHGI7OUYyrSkkCNmIxgDaSRjHQffGlataazYR3dndQ3dtIMpNA4ZW+hHFfA/wC1d/wS90T4hahc+Jfhs1r4Z1doZJJdJ2YtbqYDKBBkCNmOQWzgEA4GSa+Sfgz+1J8S/wBhXXrvwX4g0i+uEt7jN34d1KRRCqkj95byDJUkdhuQjJxkkhS0Vxqx+3gYHkHilr5z/Zf/AG1vh/8AtLWUdppF22meKY4Q91ol8AkoYABjGf8AlogPQjnGMgHIH0WrbgCKSvYYtFFFMQUUUUAFFFFABRRRQAUUUUAFFIDmloAKKKKACiiigAqC65jbIyMHqPap6q3mNhJODg49KAPz9/YBks4f2uv2i7e0txhrtW8xYyAhErhkBJyoLZIXBAAxn5Rn9DK/Oz/gn3ozWX7XX7RUsloImjuzGGSOJVRWuJGC/ISAWA3YX5TjJOQM/onQAUUUUAFFFFABRRRQAUUUUAFFFFABRRRQAUUUUAFFFFABRRRQAUUUUAFFFFABRRRQAUUUUAFFFFABRRRQAUUUUAFFFFABRRRQAUUUUAN2L/dFeRfHT9lv4dftD2LReMPDlteXyRGG31SJfLvIAeRtlGGwCSQpJGSTjmvX6KL22FY/E/8AaJ/YW+J37J/iQ+MfAl3qOq6BaO1zBrOkllvbCNQSTNtAC8cEjKkAZxyK+gv2WP8AgqxbavcaZ4Y+Klg2m7F8g+JoQXjLAna1wgBK5AwWGQTkkAZNfpNcWyXcTRyqskbAhlYZDAjBBHevhn9rr/gmX4e+MD3PiT4ePa+EvFzsZJrfBWzvDgnlVHyMTj5gCMdRVaPcNeh9taH4i0zxJYw3ul39vqNpMiyJNbSq6srAEEEE9QeK0wQwyOlfhT4a+J/x4/4J6eOp9CvIprC2uSCdOvkM1jexqw/eQseBwWBKEHLcg4AH6kfsx/txeAv2k9Hb7HcL4f1+B0im0bUp40mYsBho+fnUkkAgA5HIHGYegz6PoqNJFccHJ9M09TnqMUALRRRTAKKKKACiiigApF6c0tFABRRRQAUUh4FfHX7Yv7a/jL9lLXtMT/hCNI13RNXdo9PnGpSrcsyqpffGIiq/M2AAxJoA+xqguMeUxPIwc/lXyZ4q/aw+KXwh8J2vjv4hfDfSY/AVwYWkuNC1OaW9s45UBUywyxIdxYhcEKATgkEc+4/Bz41eHPj78ObPxh4XnafTrpWRopQFlhkHDxyKcgMDxjkEEEEggkA+R/2DdSN9+1p+0UsUCw2yXceCII1IIlkAGVOQCASAAVOMggYB/QCvzd/4JzTG4/as/aAnhLw2sl2yi3lNsrZW4YEhIznaAcAphCCMkkrn9IqAFooooAKKKKACikzS0AFFFFABRRRQAUUUUAFFFFABRRRQAUUmaM0ALRSUtABRRSZpALRRRTAKKKKACikzS0AFFFN3DdjIz6ZoAdRRRQAUUUUAFFFFABRSUZ7ZxQAtFJRmgBaTaOuKM0tAHEfFb4P+E/jP4SuvDni3RodV0y4GNrDDxnsyOOVYdiCCK/LX9pb/AIJv+N/gL53i/wCFOp6hrujWsskz2sJKX9lHwQQVIMwAABKgNkZwRX7A1HJGsikNyD1BpqXcWvQ/JX9lX/gqjrPg9YfDfxeW61u085Y4tdgjUXFspKqRMgA3KuCxIBbkjByAP1G8C/ELw78SNAh1rw1q9trOmSnCXNs2RnAOD3B5BwexB718xftS/wDBOXwH8cLFL3w1b2vgnxXCXdL2xtwsNwWJYiZFxnLEncOQCeDmvz28KeMvjl/wTl8dxabq1lc2WkXciS3GnTSGbT9QVWAJjkBKq5AIJUhgGGRgjBZdwuz9zFYNkg5p1fK/7Nn/AAUI+G/7Q09vpKTt4Y8VXEpjh0XU3G+fA4McgG1ieflznjoa9b+Kv7RXgH4JyWqeM9fj0U3C7o2kgldSMgclFIGSRjJFTco9NpM14Lp/7cXwb1fT0vrLxY11ZOWC3EOm3TxkrywDCIg4HJ9B1xXpPww+LHhb4y+GY/EPg7Votb0WSR4luoVZVLKcMMMAeD7UyTsqKKKBhRRRQAUUUUANbhST0xX5i/8ABZCxVG+FuqpFvdJ7qAyMHPB8tgMqQRkgngg8cEYr9OmXcCDwK8R+I37Gnwk+LHiubxH4p8LJquqzYMskl1MqOQmwEoHC5C4HTsPSmI4v9obxpong/wDYS1abWpZLBLrwvHYwRrCUla4lhVI0WObcwJYjIYlgASTkZryv/gkv4J13wz8AtZ1fVbOSy07W9QN1pyyOcvCsYQyBCcKCVOCRyADyBXuGk/sE/BXSdS029HhN7/8As6TzLa21LULi6t0PJz5UjlD948EEdPQV7nHptvo+nx2tnbxW9tCgSOGNQqIqjAAAGAAAABjAFGlg16H4fW+qfGfwn8evifL8Cx4huFn1a4N1caHYRXbsvm5wSkbLgM/8ICnIOBxjsLb4oft4yziN4PiIj5Kgnw6ME4yAf3HA96+mf+Cet0f+GmP2gbSR45Z11Az+al2j+YrSuVOxUG44PLggcgbeQa/QvywBgCi67DPxdb4oft57T/o3xEBUgH/inQTyD/0wxWgfid+3LJYvbCH4iR3Cyq8bHwurOyspDFnEQCgEDCgHOSciv2R2jvR5Yov5CPxfh+In7eNxOECfEZXxkF/D6oMAcnmDH0zUn/Cy/wBvE27mO0+IhO4AM3h4ZAyc8+SB9SRxiv2b8tSMHpS7Rii/kGp+Mv8Awsr9u2OGf7Rb/EEhZAA40NVbJJAAHkfMCfTkYByB1hk+JX7drFj9m+I5aMggL4d4yMgn/UDPbjBFfs+0aMQT2pVjCgc5wMc0Nrog1Pxfj+J37eSsCbb4kFXB6+GgccDkYg5pf+Fjft5MoIi+I7Njg/8ACNAAnAwR/o+OmeK/aDaMEY4oCgZwKQz8YZPiX+3ioDJafEZgyklW8N4Cnpgfucn1/SpJvH/7e/2MTpF4/YEcIuhxmTOcHK+TkdO457V+zZUH2qMRKuAoxT0tsI/G3T/F37ferMHjTx3APuAXOkwwnJBIJDRKcYGM4xkgZyQK0Zta/b+h+zM48ZOJTjatpaNg4JBOEJUHGOcDmv2BMKkknknrzTvLXAHYUXXYVmfj5dap/wAFAbUAP/wl3lyOFwltaO2SMk/KhwMDqeBx3NFndft83k2I5PGg3LvxJbWsQwQvBLIMHnp1GCMDBFfsCYU49acsajJAzn1ov5D1PyEk/wCHgEyuA/isyKSCP9CHOSOAAMjGDkcVHLYft/ahaPbXL+LlRiVzG9mhI653Lhh6cHv+Ffr/AOWvPHvS7B6UO3YZ+O39n/t9iQO0njJmwcKGtQATgfToD24qzHo/7fn2VIPM8XFYyJELXFoDkHIBOckZ7E49q/YHA6YpuwA5Ao6AfkJBp/8AwUCmlYJL4pUhsHzHsgPQ4yRkfzqm/hP9vu4hjjMni4COVZBtvbVTuGTyQ3I56HIPpX7EbR1xg0u0dcc0gPx5k8K/t9STGczeMFmZFiIF3abQoJPQNjOTy2MnpnAxVaHwL+3r5wumk8aG4UGPH9p24XAyRlS+05J64zjjPTH7H4oC4paJhqfjlD4F/b4t4oESbxgghAxnUbdzgAgZJkJY885znPsKlh8K/t9Qs0sU3jBTMFQs95asAB0wC+AfU4BPcmv2Ix0PekCgUwPx5t/D/wC367yRxy+MCyHEhe6tADknkFjyMAdKP+EZ/b9vIZY5JvFwXdgr9stFJGBnDAg9K/YbaM5AwaUKFzigD8ez4T/b+8uHbceLgecj7Zae3U7iT35pknhP/goBIVVrnxWHOSFW/tBwDwMhx2r9iKZsHcfqTQB+Pw8K/wDBQVUKC58VFDkAG+scj3zuzVRvBP7fCqsklx4xIhbzAq39sSSM4zh8kYJ4IIPHHFfsbtHpQ0YYYNAH483Ph/8Ab2mjREHi6AMFTct9b5Y4JDHLnBPGSMAY6CoLDwX+3tbxMVn8Zk8kB9Rt2PHB+85PPPXjiv2MWNV7ZpdoXoMUAfjxH4I/b1uld55/GKzI25duo2qjdgAAgOARjr746c5G8L/t8KwQz+MCseQNt5bYYZABznJ69SffpX7Dlc89DSNGGxmkB+N1v8Pf2+YLiS5E3jMs5LHdq9uwySTgIZCAOegAx+QFqPwf+33bwECTxgUUZUnUrQkY6k5JJyOP8a/YdUC4GKXaPSmB+QU3hH9vO6hlt3j8ViJ3LpOdUtxKikEFARIAQcjJKk5HGASKypvhN+3K0OJJ/HUrswYBddjUADOVJEuT0XHPr61+yW0fhRtH1+tF+4H4ywfCT9vBYyq3PjZEwCFk1+JjnI7+aTxjkZqST4W/t2W0ksX2nxpKZGb54taRlY5JyD5vyjHTkdeK/ZVogwIPSk8tcAHmlp2Hc/G2H4X/ALdNrZS2UU/jQpNtMpOtxs/BzgOZcrznO0jIHNQWvwf/AG5Xa5C3HjlDGoLeb4iC7uRwmZSCT7Hpmv2aWNVJIFBRd2SOaYNn4yS/Cf8AbrnYGWfx3hgQAuvRqeTnkiXtk46dMVW/4VT+3LbM7pcePncHaQdaJGCBkgGUg+ma/abFG0elCfkI/F+b4W/txRwwhZPH6p94quthjkjB5MpIGAMA5weevNc/4q/Zz/a/8f6SdI8S6N4w1uyZg/2fUNUEsWQQQcNKQTkeua/b0qq4JGT+dL5Y3Z709OwH57f8E4P2K734WJq/iv4j+D1sfF6zLBp6X4jcW8agHzIwpYBmPJbIIxgAck+lf8FRWWD9krXyZxEZbu0jUGYoXPnKdoXB3nAJwSMYJycYP2AVB9q+e/2uv2c/FH7THgu38I6V42tvCehvMJtRSTSzdyXJQq0agiZAqggkgg5IGCMcoD4t/YQ8ffEzQ/hn8LPD+h+C3uPBmqeLbuHUfEEMgmDxmN98TwjBjUYJ3kkEoOMkA/pn4L8E6N4Gtru10WwgsIbq5kvJVgjWMPI5yzEKAPQD2AHavmP4I/sr/F39m/wja+E/CvxP8N6joS3klzIuo+GZFnJkBL4dbog8hQAV4BJ5xg+2/BX4c+LfBJ1u/wDGnji48Z6zqd0ZFYWwtbW0hDEpFFCGbAGTliSSMZxik32Qtj1SiiimMKKKSgBaKKKACiiigAqreH5SM7RtPOSKtVWvN3lnAzx0yR/KlYD8/v8Agn/qou/2o/2gked55ZtReXzDfF1kAl2khNihsEECTg842+n6E1+f37Aa3dv+05+0DBcz25WTVGnEKXZZiTJ9/YUDMCCAZGwckgjJNfoDTAWiiigAooooAKKKKACiiigAooooAKKKKACiiigAooooAKKKKACiiigAooooAKKKKACiiigAooooAKKKKACiiigAooooAKKKKACiiigAooooAKKKKACiiigBKWiigApKRmx2zS0AJto206igAooooAKKKKACiiigAooooAKqXzFVODg7TzRRQB4Z+zn8EfD3wx8VeO9X0qbUZ7/WtTmmvJL27MgdhKwB2gAZwB8xBbrknJr36iigAooooAKKKKACiiigAooooAKKKKACiiigAooooAKKKKACiiigAooooAKKKKACiiigAooooAKKKKACiiigAooooAKKKKACiiigAooooAKKKKACiiigAooooAKKKKACiiigAooooAKKKKACiiigAooooA//2Q==\" alt=\"\" width=\"300\" height=\"211\" />', 'Y', 16);
INSERT INTO `question` (`id_question`, `question`, `status`, `id_chapter`) VALUES
(99, 'Sebuah benda diikat dengan tali dan diputar melingkar (vertikal) seperti pada gambar, maka ...<br /><img src=\"data:image/jpeg;base64,/9j/4AAQSkZJRgABAQEA3ADcAAD/2wBDAAMCAgMCAgMDAwMEAwMEBQgFBQQEBQoHBwYIDAoMDAsKCwsNDhIQDQ4RDgsLEBYQERMUFRUVDA8XGBYUGBIUFRT/2wBDAQMEBAUEBQkFBQkUDQsNFBQUFBQUFBQUFBQUFBQUFBQUFBQUFBQUFBQUFBQUFBQUFBQUFBQUFBQUFBQUFBQUFBT/wAARCAFrAW4DASIAAhEBAxEB/8QAHwAAAQUBAQEBAQEAAAAAAAAAAAECAwQFBgcICQoL/8QAtRAAAgEDAwIEAwUFBAQAAAF9AQIDAAQRBRIhMUEGE1FhByJxFDKBkaEII0KxwRVS0fAkM2JyggkKFhcYGRolJicoKSo0NTY3ODk6Q0RFRkdISUpTVFVWV1hZWmNkZWZnaGlqc3R1dnd4eXqDhIWGh4iJipKTlJWWl5iZmqKjpKWmp6ipqrKztLW2t7i5usLDxMXGx8jJytLT1NXW19jZ2uHi4+Tl5ufo6erx8vP09fb3+Pn6/8QAHwEAAwEBAQEBAQEBAQAAAAAAAAECAwQFBgcICQoL/8QAtREAAgECBAQDBAcFBAQAAQJ3AAECAxEEBSExBhJBUQdhcRMiMoEIFEKRobHBCSMzUvAVYnLRChYkNOEl8RcYGRomJygpKjU2Nzg5OkNERUZHSElKU1RVVldYWVpjZGVmZ2hpanN0dXZ3eHl6goOEhYaHiImKkpOUlZaXmJmaoqOkpaanqKmqsrO0tba3uLm6wsPExcbHyMnK0tPU1dbX2Nna4uPk5ebn6Onq8vP09fb3+Pn6/9oADAMBAAIRAxEAPwD9U6KKKACiiigAooooAKKKKACiiigAooooAKKKKACiiigAooooAKjeRUUsTgYzkninNnHpXyb/AMFMNc1jw/8Ass6vcaFfz6fqD31pAsltcvBKd0gBAZWB79M4PekM+qft8O0HzFwe+Ripo7hZDgAjjkEYr88Phz/wTx1rxL8PdE1XV/jV46tr3UNKjm+yrqEpW1mkAbKgSYOASMcc16J+yfrnjH4NfFzxR8EvF2q6h4wsdNjj1DTPEt/NvlaKUDZE4Yls5DdCQMdaJLltZkxu9z7PpaZG25RkYOKfTGFFFFABRRRQAUUUUAFFFFABRRRQAUUUUAFFFFABRRRQAUUUUAFFFFABRRRQAUUUUAFFFFABRRRQAUUUUAFFFFABRRRQAUUUUAFFFFABRRRQA1s44r5C/wCCpaQf8Mi+IXlit5JFurby2nJBUmQDKgdW9Pevr+vlH/gpd4N1Pxr+yrrWn6Npl1q+oi/s5Vt7WFpZNolBYhV5wB1xQB4l4P8Aj9+054b8B+HdO8IfAhdT8PWem2sdnfz3BDzoYVPmbC/AJJ4zz7V7l+yD8IvHlnr3iv4mfFm2s4PHviF0gWGyJAtbSNQFjwDt65PHI9a9o+CNld2fwn8HW1/bCxu4dJtY5LYEnyiIlBU5GcgjkdjXexx7WJz17f1pt36ANjjKuWJySMY7fhU1FFIAooooAKKKKACiiigAooooAKKKKACiiigAooooAKKKKACiiigAooooAKKKKACiiigAooooAKKKKACiiovMK5yVzn1oAloqmmqW8k7wLKrTRgF4ww3KCcAkdqt5oAWiiigAooooAKKKKACiiigApkkYkXawBB7EU4sF5JwKjkkKqTjn3oAFh2ybgcDGNuMD61LVeO4EjY9s8H9PrUjybAD745OKQElFVvtWOShxnBz9eKdJcCPGRn/H0oAnoqu10Bg44xnNDXAUOQM7exIFA7Fiiq63G4EhcHnAJweDT4pBJnkEjrigRLRRRTAKKKKACiiigAooooAKKKKACiiigAooooAKKKKACiiigAooooAKKKKACkpaRsdTQBE0hXGRxnHHb3NfMf7U37WR+GN5ZeAfBEEOv/FXW3WDT9JzlYw2f3rkDAAAJwTyAa6f9rL44ah8JfACQeFgt3491u4Sx0GyaLzvMmYjLFAclFXJJ7YJ7VzP7K/7MN98O7S88T/ENNL8Q/EvULlri516NTJKQzbgmXB2lQSo2gcDFGtrsDrP2YfglrPwl8O6nfeL9ek8R+MNduPtuo3m5/KRiMiKIMThQc8DFe6exqJYR1Bxx/k1NSAKKKKYBRRRQAUUU1m2qSeQOaAFyKQsAM5qheatb2Fq9zcyx28CAbpZnCIMkAZJxjkgfUgV82+PP27vDWm+MNT8FeBvD2sfEfxhbqvl2+hQrLaFipID3AO1QCADnvxnPFFn2A+m5JdijIx0Pr3r8kf23v8AgoV4x1Hxzr3gTwkG8OaTomoyWsmoRyOJ70xnDggAbVDA8gnIA9a+ndE8XftTfFvxppUF94O034ceDdzSXzT3Ba6eIkkLuGSGBUEgYBDDPUgfm5+2d8JfE3wv+J2p/wBqaDPZaJPfTS2eqy2oi+3MQvmElSRgsCwBIJDEnrTs+wHWfBv/AIKQfFn4a+KrLU9d1q58Y6ArSGfS7plQsGwAwYKT8oyQOmeCcV+lfi79oL4y3bWx8EfB1fEGnXtpby2+pXGppDCskoDAPkH5VU4Yjo2ByOa/G79nn4M638cvidofhfSNMmv4pLkS3Tqp2w2+QXdmwQo25AzjJ6V/Qz4X0NNC0a102MRpBaxrDEsecbFAVc56nAGfei3dCWup8tR+BP2r/FEyanc+PPCvhIXgJk0eGya5Nmp52rIOGYZwT04zXKeGf2Sv2ippDZ+Jfj9Ne6JKWSS2itDna8bByGG1gwYjGGAwc54Ffc626hSOobqDSrFtwQcfSlougW8z4Wm/Yo+OejiF9E/aP1gP8pdbq1UgbRtQLndkbSc5wSQCcnmrGk/se/HXwX/adzonx/vry5uQku7VrTevmI4IBGThSpIbA5GAAOtfb8lv5ikFiAT24/Ck+zDOSSeMU29LWDXufHfhn4A/tJeAbq8udL+M9j4kS4uPONnr9gTCAcM6oVwy5YsBjIAA6UmofEr9rP4X3E9ndfDvw78S0kRriPUNLu2s1jC4/dFCDljk4JIzg+lfY/kKFYZJ3etCwjAyc/Wkrdim20fKug/toeJPDMN9H8WfhbrPg+axsxfz3WmKb+38ncoJAUbgV3DORxg1seB/+CinwJ+IEkcGn+M47W8kYJHa6hA9vK7E4AAYdfqRX0RPo9tdeb50Mc6yrtdZEDAg9Qcjke1ec+MP2ZPhh440S70rVfBOiy2tzIJZPKtEicsCMEOoBB4A49/Wq917EK/U9LhvEmhWVCHRgCrKQQQQCCCOoII5qaOQvnIHHGQa+LvEn7KPxh+HepTt8H/inc2HhaC1cW3hvWJWudspBICSMCFXIAGc4HAqx4V/bc8QfDCKy0L46eAtW8KalDHtl8Q2MRudNmIJUMSuTGGIAG7qTgDvStpcFJPY+zqK5Dwn8UPDfjiztZ9D1rT9QNyrPHFBdRvJhSA3yqSeCQDjOCRXVwy+dGGxjPY1CaZRJRRRVAFFFFABRRRQAUUUUAFFFFABRRRQAUUUUAFFFFACM3BPWvNfjZ8dvDnwJ8H3viHxFOVtrdCwhiG6SQ5wMKOQNxAJ5A716DcXC28MjuVVVBYsxwAB1JPYe9fF194fsv23vjxp2q2UoufhX4CviTdEK6atqSEFokBBBiUEbiTyTgDgGkNeY/8AZq8A/EP4wfFbTvj3431BY9GubSZdB8NXlsrTWNtIflYSAgKx6n5ckY5r7TWPJDZwe47VFDZpFGqINiABQigAAemBVkDHQcVblcBaKKKkQUUUUAFFJVa4vIra3kllkWJI1LM0hwoUDJJPYY70gLDMVU4GT6V5D8Y/2lvCnwhjNhcXSat4ruFUWPhqyYPfXcjZCKsYyQCR944AAJJ4ryX4qftVeM/FXjLX/h78GfCbeJNVsLNkvNeklVLWznkQGEIWIEhwwYgHOAcA842f2Yf2M9K+DOpnxprd/d+IviBqlsDqF9fMkixTMd0nlEKCBnjknjIHBp621A4PT/h7+0Z+0zDDc+PdZs/hV4ZkmC3HhXToPOnurfkESS7yASOMAn1GCK+lPhP8A/BPwV024svCWiW+kpc7TO8KhXlIUDJP4Zx65NehLbIpBGePc0/y+mD+v6U+bomLlTeoz7JHtII4PUVzfjj4YeFviZozaT4q0Ky17TmYP9nvoRIoIGMjPQ4JGa6uii7Gef8Aw7+BPgP4Svet4Q8L6d4fa8ObhrGAIZOcgEjsOw7V3ccYXJBz6/WpaKl66sNhKWiimAUUUUAFFFFABTCu7HYe1PpCaAI2hUtuPXH4Vl654X03xFptxY6jax3dtOMOkiA5wcgjI6g8j0NbNJQI+LvEX/BOfw14Omh134Sa9qfgXxRZP51rctcvPETu3NGwY/cY9QCCSB2rofhl+1X4u8K+JdQ8N/HTw5Y+AvKVm03XnulFpqCKwQkZc7WY/MASCAQCAa+rmXdjtWL4m8NWHibS7mw1Gyt723niaJkuIg64I7g9uOQOtXzaWsLbqW9F1yy8QaZaajp11FeWN1GJYbiFgySKRkEEdQRz+NaKncoNfAvjZ/i/+wfp/wBt8L20fxK+GJnLz6XLuS50wO5PlwBQcRZbAGDgD8a+tvg/8aPD/wAZPB9jrmiX1vIJoRJPa+Z+9tpOjRupwVIbI5A5HSpsNO56LRUcbh1yCCe5FSUhhRRRQAUUUUAFFFFABRRRQAUUUUAFFFcb8UPiPpvwp8Eax4o1qbybDTYWmk24LED+6CeTjOAOp4oA8K/as+L1xqXibw78GfB2qxxeL/FFx5V+0MoV7GwA3SyE87WZchQcEnOM4wfZ/g58FfC/wO8G2nhrwpZtYabCS7LvLNLIfvSOT1Ynkk89B0GK+W/2EvAM3jvxR4x/aC1+a5u9a8X3rrpSXMRhe2sI2eNFIJwwZQmDjgRgg8k19wxqEQAcgDuc0AOpaKKACimlgOO9RfaOCcjHYigCemscKcVELgHBGRnn5hVe81KGxt5JrieO3gjBZ5pGCqoHUknoAO5pATSXH2eJ5JSoRQSTnAwBnNfCnxk+IXxa/ao8eP8ADn4Z20nhfwAyhdV8UXIMM0gDMHEOSCRxjgEncDwCCaPjj4yeLf22vinffDT4U6tdeH/h/o4ddc8W20W5bpslTFGwPClSwBzk4PTg19seAfA+m/D3wrpHh7Sbdbex063S3jVARlVUDcckkkkZySTVRlZXaAwPgl8EvDfwL8EWPhjw3aLHbW3MtxLhp7hiBmSRsZLEjHPYAV6MqAc96Ng470+kAUUUUAFFFFABRRRQAUUUUAFFFFABRRRQAUUUUAFFFFABTCo3Zxz0zin0lAFWawhuMh1DAjBVgCOue4r5l+Mf7MNh4XfXfiL8LrS70nx9DIupS2tjfTQ2+qFCHaKSNTsbcAwAKnJI6V9SVG0CMSSOT1pisrniXwF/aq8K/G6M6ZFI+h+MbVANQ8N6hG0V3byAfOArAFlBOAw4P417fGxZQScn2r5C/a8/ZY1zxL4hs/in8L75tH+I+kKpMSsEi1RFePEcrZHCqrnnOeBXd/skftWab+0p4HmuHt/7L8U6WwtdW0liA8MwGCwB5Ckg4zyMYNIZ9C0UyMlkBzn3p1AC0UUUAFFFFABRRRQAUUUUARvJjjODnAr45/a38T6Z8bvip4W/Z1iuljGrMup67NHy8drGdwhUgEq7kAg8cfWvqbxn4mtfCfh3VdVvrlbK1sbeSeSd1LKiqpJYgckDHb6V8h/sE/BO91rVtY+PfjO9fWPFvigyJp9ySyCOwYqUHlk4ydikHGQBjPWgD7E8K+E9M8I+HdI0bSrdbXT9Nt47a2iTokaqAAPwArbpF4UYGB6U6gBKrTXH2dXkdlSJASWJ6ADkk9B+NWa/PD/gpn+1/e/D+xT4X+Er3yNZ1SEtqt2sayi3tWBUx4wSrMMkEYIHQ80m7AQ/tb/8FQrLwZ9p8NfCwR6lrkd0befWZ4w1rFtI3iPJxIcgjPQYPWvhHWv2+Pjn4k1q91Kfx9qloJxg2diwitYsqFYJGBhcgg8HqSfSvCr1SWUNI0rMGJCkgkg5zk9ye9EdxeSItqkreUpYbduVyQM8dD0HftQB7hp/7anxs0aztn07x9rsFsVjiijnuvPUBcAgBucMRk57ZHvXuGt/t/eJP2lv+EU+HHi3yvBmhahqENpr+p6XMyPeW5CgxgkkIGbk4IGCfSvjCxmsrOxuDe2k11dSQ+VbNHJsWB89WGDuwCcYIFMuNUtJrSGKLTVtprVADcCWRmcEEAkE7VwcnAHemB/RB8F/h/4D+Hvg22svh9pthp+g3BE0bWAGyckAGTIOWJxyc9Se3Fek7OnPSvy0/wCCZf7ZN7NrZ+HHj3WY5LWS3Emk6jqMwRxIGVBbgsQCCGAUAZODX6lDPHNIB9FFFMAooooAKKKKACiiigAooooAKKKKACiiigAooooAKKKKACiiigAooooAikhWThhkc5H1GK+QP2ovgp4n8G+OvDXxd+EGk2ia3oLyya3pcZEEepWhUlwyrjzJMFsE88k54r7EqhqWk2mrWs9reRCe3mQxyRtnaynqD7GkByXwc+Kml/GH4b6H4u0dw9hqUHmAfxIwJDKR2IIIxXcwsWjBPX65r4d8ReGL/wDYh+NUHjCw1O4/4Ut4kvDFqOlszNHpF3KQEkRQcbGY4JwduTxjBH2xp95Fe2sM8MiSxSKGV0bcpBGcg9wfXv1ot5gXaKQHIpaYBRRRQAUUUUAFFc9421rU9B8L6vf6Npw1jU7S2ea3sPM2GeQAkR5wcZIxnB61zPwY+M2kfGjwLD4h0x2t3jdra/tJAQ9ndRgCeFwQDlWyM4wcZHFAHzj/AMFJLjVfF3hPwZ8MfD+uf2dqfjHWkspbGDcJ57cfM7ZBA2KBuIIIOBjkGvqn4Z+C4/APgPQ/D8czzDT7SO38xpGfJVQCQWJIGRwO1fI/ga1h/aM/be8UeLR9h1rwb4FtY9LtboxkMt8QGfYQQcqc5bkEHFfa1reRXMIeGVZUPG+Ngw646juDRpe19Ra32LvTgdKWkHvRQMjmlEMbOxwqgk8V/O3+0V8S5PHn7R3jjxNaSXUEd3qFzFEJnJdYxmMIMfwgA4Gehr+hLXI7q60m9is7r7JdSRMsVwYg4jYg4baSA2DzjIr+avxpZ3ll4v143Dk3KajcRuzKUJYO25tpBxk84BwKVgMLaZo5I8NLNESN+4k4xgj860odQuV082kUW63Bx5ZJxuPVutVY4ZYJLlpU2Jt2twR/Fngirs8ltqFvaW1tDFaTwxGORoy264ZizhnJJAIBC4GBhQepJLAgkk2s6NO8alBu25ADZIyAPb9DUckknnQlWjYMv3uAOBwCO/41H5kkkkaeVgK2JSxxnJxgfgMVNcLAkjPGPMJVgVbI2EYwQehzmgDU8D+JJPCni7w5rCQLcyabqVvdeQ3AcRyq2MjBGSCMjsa/pT8O3o1LRNOulG1ZreOQLncOVBwD3x61/NDoSHWPEOkWEdss01xdRW4R5BGpZn2gFzwOSOTwOtf0oeB7d9P8H6JbNbraGGyhjMKyiQIQoBAbvj170COjooooGFFFFABRRRQAUUUUAFFFFABRRRQAUUUUAFFFFABRRRQAUUUUAFFFFACUhzz6U6ik7gcr8QvBWmfELwjqvh7WraG707UYmgljlQMMEYBAIIyDyDjrivlv9jP4nXvgn4keM/2e/Ed/c6hf+FZDPpGpXylZLyzJBVcE5O0HAPcDrX2VJGrA5XPrXxB+3p8G/Emla5onx0+HdrM3i/wqwN7b2rANd2QA3AjqcDIwASQc44pp+QH3CjblBHSnVxPwn8bXPj34d+H9fvbNdNudQs455LVZ1mEZKgkB14PJrtR69aAFooooAKKKKAMzVLMX1rPAX2rJGyNzg4IIJyORgH/9Vfmx+yr400v4LSftIeGrzxHY2Wl6HeXV2szeYGcuGCkLIexIXOcljnJBBr9NXhRs5UEnivxs/wCCq0et+Df2iJrPSkNnonijTbSaW3gUbbyaJmBZwBksCVAJPJx6UwPS/wBn7xZ4g8P/ALLnhLwJ4Bu0Tx/8Q9XuLmW4tFXz9Ps2l3PPJnO0iPgE5BJwDX6EfBn4VWXwZ+Hun+F9Ovr3UYbYuzXV/L5sjyOSzMT2BYkgDgZr5u/4Jz/srn4Q/D208ZeKLCaLx1q0PllbqQubW03ExRqMnaSCCQPpX2isaqoBUfh0qbJu4x65CjPJpee3NHSlpiIzGoGQOg4FfhZ/wUY+Cs3wj+O+o6taWUlt4e16Q3UCgs6JKSTIpc4GTncACcAjNfuseRXk/wC0R8A9C/aG+HN/4T1oGKOZS0V1GgLxPjhlJ6DOM4xkD6VStfUD+djcs6od8gi3BnYkk4JJOT9QKZbSxM0ZFvIZNu5SoHIzx1Fe6/tNfso+MP2Z9eTSNb0+O50i6d1tdbtCTDcjcQitnhHAGSvJ78814irlGhLlYjCQqsQTwQSBj0PB/GpD5ksirtAlCSSqFAYOAEJOeQOpBx+dVmaW6umZAztMpHl8Dk4wAPrintIeATGPLJ3FQT5hPIBz0PYY9K9d+CP7MPxF/aG1CGXwd4cmn0pbhbSXVpCqWttnqWLEFiAM/KCc9cUAcx4H8D+JppT4r0jQLvWNG0OeO7uphamaEFJMqsgXkgsNpB7Emv14/Zl/4KMeAfjJqNl4a1Vh4S19bWNhDd4itpGEalwkhIAAJIAPJAPtn2n9nn9nDw18AfhTZeELC0huSUEmoXMiAm7mYDezdcjOQAewFeA/tU/8E1PDXxovpfEPhG+j8JeI/LSNoo4B9kudpUKWAwVIAIBX2zScVLVPUWq3Pti1vEuo0kjljmiblXjYMGBGQQR1/CrQx61+QPg349fHz/gn7qlv4Y8e6NP4h8EW97tWaVi6mM43CCc54AIIDYGc+hr9BP2cf2vPBP7Sun3tx4fvmsryxkEc+nXwEc4yBhwp6qScAjPPenZ9UVoe+UVAreY3DYAOP8Rip6BBRRRQAUUUUAFFFFABRRRQAUUUUAFFFFABRRRQAUUUUAFFFFABRRRQAlY3iLTX1jSbywS4ktWuIygmhIDpkYJGQRke4P0rZprQozZIyaAPhn/gn7quueCfHPxV+FWv38QTRdWluNOs57lpbmOJmIYgkAGM4BBAxknGAQK+5kYFAfbv1r4V/bY+IE37OHx8+G/xPsP7OtbO836PrUbErc3luTu3YwQVjBB3DngDkYx9C/B39qf4cfHbUL3T/BPieLWbuzjSaWGONkYI3G4BgCQCCCQOCfTFAHs9Ge2KRc+WM9cV8t/Fi4/ajtfiFrcngBfCV/4RkRBYpqMnlSwYHzliAcnPTJx7UtegH1Lu7Ubq/Of4P/H39rj42eH7y78Pab4NKadey2E9xdz+U8jwyFZGCYPy5BGcDOMjrX3B8Krzxpd+B9Pk8d21jZ+JcH7UmmyeZDnPG0kdMUwO4bpXwP8AtX/sw+Lfjp+2V8PdVstJW18MaXaJLd602JEcxyhzGyE4B4AHrkk9K++CM03y13E45xgmgBsKRiJVRQEA4XFSdOBRjpS0AFFFFACUzYoyQoznP/16fVOe6W2SR5HCIoLFsgcDqTnoBQB8U/EL4f6v+0F+3Rb6Zri2svgbwHp8d8unyzxv9omuA6hjFtORlSCGIIwCODivSfH3/BPv4HfELUrW7vfB1vYy24Cj+z3a3VgNoAYLgMAFA57E1wP7HIsfHn7Qnx++IMqK1+NfOjWzGDAjtogCp3H+JgQWAOOAeM19rbRwcfpTuxWPnLwX+wL8FfBeqvqNt4RgvrnzRNEb9jMsGDkCMH7oHYV75pPh/TdDs1tNNsLawtVO4Q28SouT1OAMZrS2gZxRgdcUrt7gJ5a88DFGwHIIB5zTqKBnM+OvAOgfETw1e6H4i0q21bS7qMpLb3MYdSD0Iz0IPII56V+cn7Qn/BL+/wDCd1D4k+B001pPAgebS7q+beWQgqYiR8xJwSGOBjj0r9QCM9aiaNQrHGPfApqT2Ya9D8wPgF/wUq8X+EfHyeEvjxp8mi26RiBr5tPaCa3mBIBkTHKt0yo4AB7195/CH9obwB8cLe6n8GeJbfWYbSTyZVUNG4YjjIYAngHkcHFZnxu/Zb+HX7QUMKeMPD8V5cQf6q8hJhnjznjeuCRznBJH5Cvzl+KH/BOv4o/s7XGpeOfh14nF1YaRLHNZQWIlF+csARsQYbbvIIJ5AOaairaC5ns0fr4ueDnjHcc0+vy//Z7/AOCskiyppHxZsBCd5C61YxsqYABIeMAnIA6gnk9AK/R3wn4v0rxlpdjqmj6hFf2V7brcQSRPnMbAMCR1BwRwQCOh7VIHR0UmaTJ9KBjqKSloAKKKKACiiigAooooAKKKKACiiigAooooAKKKKAEqtcF03bCAcZAI/T8atUxolfIIyD1oA/nq/a++Jni/4kfHvxfJ4tune603UJrWC0ik3RWsSSEBEAOMHgkjk1574B8XXvg3xlp+saZLNYXdgyvDJauNzSqQyEgghlD4JB6gEelfpR+2R/wTEvfGXjTVPG/wteziu7svcXuiXjhFkmYklomJCqDkfKxABGQe1fPv7Av7I0fxc+NGrnxppk1tpfhMobrTbljHI92GGI2BGSo2knAx90ZIPL5UlcD9gfhHq9z4i+GPhPUryaea7udMtpZ3uI9krSNEpYsMDBJJ4wK6yUKiM23LbTwO9JZ28VrawwwRLDDGgVI1G0KAMAAdsYpZi3lsE2iTB256Z96APjT/AIJuRuvw58WTJbRMknirVAbjeRJn7S3y7cH5QOc5xk4x3r7PMat1UV8b/wDBOCzeL4d+LZZ7eITt4o1UCRiRKF+0sQu0j7ueQemT+NfZVDAWiiikAUUUUAFFFFABXmf7RGoLpfwL+IN408dsq6DfESSkKobyHAOT3JwAO5Ir0uvl7/gordwQfsn+KxdS30VtK0Ech0+PczIZV3BgeApGQSeM4Geaa1YGd/wTP8It4Y/ZL8K3ktvHFe6w0moSypHhpg7koznqTtwM+gA7V9Z15Z+zbpelaT8BfANjokdymkW+jW0dqt/HsnCCMbd69m9fevU6kAooopgFFFFABSYzS0UANKjuKimjV0OVB4I6A8HqPxqeigD5X/aE/wCCf/wx+OmlQLHpVv4U1e3VvKv9Jt0RskYXeoADqpwcHn3r4nn/AGRP2g/2KvE0PjHwDqJ8X6bbvIrW+kpI7LA5BbzIGxwQgJKkgEDnjFfr7tX0/lUUtvHJGVZVKEYKsoI/KnzaWsSlZ3R8L/s1f8FM/B/jDR4tI+I123hbxTDMLcpdqQsuSAC7AAKSTkggAAivuSxvIb6GK4gmWeCVAySIwKsDyCCOox3FfKX7Uv7AHgf45WOva3YWa6P4yuYMwXdrhEkmU5G8Ac7uASeQMelfD+i+Mv2kf2AfFWlW3iOC/wBY8OXGGeynu5L6zeMYUKsgB8phjgA45HFDTsrAnd6n7MZHrRwa+Xv2aP25PB/x58HWV3dz2/hzxDJcvZz6Xc3CjbIoBLKSQShBABxnJx1FfTFtJ5m1gd6kZBByPwNR3RRaopB70tUAUUUUAFFFFABRRRQAUUUUAFFFFABRRRQAUUUUARtGDztBbsTXxL4Q1K/+H/8AwUi8d6LPpcLaZ4s0S31GC4t7cyT5jWKPJYE7E3B88YPGe1fbrfdNfGHxUsE07/goT8N9SM2vRTalodzZKbO2DW7iNg+0uQSVwxLZAAwuDk4oA+zIQFjUAYwMYp7ANwRTY/uLjpj1p9AGNpXhXR9Dnkn07S7SxmkGHeCFULAsWIJA55JP1rZoooAKKKKACiiigAooooASvk7/AIKTWd9qX7NNzYWklxFJeapZ2rPCCUw8oH7wj7qA7STg4IFfWNfLn/BQyYL+zrdhtRvNMik1axSSe3JACmZeXI6IDgknjIFAHt3wr0V/Dnw58OaYJbqb7LYxRFr598xIQDLHJyfTkcV2tZvh9VXQ9OCv5q/Z48SH+L5Rz7561p0AFFFFABRRRQAUUUUAFFFFACUYpaKAE2juKoatplpqlo0F5bRXMLYJSVAy8cjgg5rQpCoPUUbC3Pz4/aF/4JZ+HvH2oax4j8DanN4e8QXlzLfSxy5e3ldm3eWqgjywOQNpHJ54rwr4V/trfGX9j3Wh4U+Lvh/VNZ0eKFYrW2vAIp4wqjBjlIZZAARkZJyccGv15ZRjnp7VyPjr4ZeFfiJY/ZvE2g2Guw7GiWO+gWXCtgEDPTOAeMdKpNPdEWcdUeTfAX9t74YftBakdI8N6tJbawsXnGx1BRFKRkDCAk7jz0BzjnFfQsJJ6njHH/1/evz18a/8EqLF/ipbeKvhx4vHgawt3jljsYInmeORWJZkcvwCcDbjAGRX39okdzb2NtBdzC4uo4UWWZRgSOAAzY7ZPOPek0r7lq9jSooopDCiiigAooooAKKKKACiiigAooooAKKKKAEbpXzn8aNK1DT/ANoD4Tapaay6WtzfXME+nEBnk/0dsGMkfKoxlwCAQAeoFfRjZ28DJr5f+O32O4/aW+D2mXN3fQXVxe3N3bwpllcxW7ZCEkBFAJ3gYLZXrjgA+nIVyiN04xipaZHny1z1xT6ACiiigAooooAKKKKACiiigBK+Y/8AgoP9hh/Zt1a91JLi4sLG9tLmS3gTeswE6hkk9FKk8kjnHIr6dr5w/b88Nw+IP2T/AB/FPetYrFZi5EuSFLIwIBAHQ9Prg9qAPXPhjqA1P4f+H7lLK6sklso2S3vGV5lXaMbmVmGcY712VeKfsgaq2t/sx/DK8IuN8mhWm5rqQu7YjX5i55b6nk969soAKKKKACiiigAooooAKKKKACiiigAooooAKQqG6ilooATaB2ox6DmlooAKKKKACiiigAooooAKKKKACiiigAooooAKKKKAEbOOOa+TfjBc2i/tq/CLTLmDVmFzBe3kU0Um6FZo4wqjbklF2lgxAGSVznmvrJuAT1r5A11U1b/gpLosUgmD6X4Nkni3SFk3PMFJVAcA7WIJPXA9KAPryHPlrnrgVJTUwVGOlOoAKKKKACiiigAooooATd6kUbh61heLfFGk+CvD+oa3rd6mnaVYxtNcXMhwqKOpNfEOm/tCftFftLatqmo/BfS9F8P+B7Kd4YtZ16Ik6htJAaMMpG0gjkAd6S1dgWqPvosAuScD1rhvjX4cbxh8JfGWixRpczX+kXVvFFIMqZGhYIcf7xFfLngD9sL4g/Dn4gaL8Pfj/wCEofD9/q0pt7HxTpzD7BcvjgcjAJbA4xj07169+2V+0NJ+zd8Eb3xTZQRXeqyTR2tjDOCUaRick4IOAoJyO4FV1sBxf/BNzVL+6/Zl0bTNQlCXeh3E2mS2rIUlgMTAbXBJIPU4IBAIyK+sgwIBzketfzmWvx38f2+reI9a0/xbqml32v3o1C9W2uWiSaYyebkgcZBwe2cY56V+q3/BPT9sLxf+043iiw8U2Vih0dLfyLixQr5gYMGLgnkkrkEehpAfb9FIPpiloAKKKKACiiigAooooAKKKKACiiigAooooAKKKKACiiigAooooAKKKKACiiigAooooAKKKKACiiigBrNwcHBr4d/Zlk1jx/8Atw/HXxe5V9I0/wAnQo3ZQzCSMBSsbgkKAEJZcckgnkV9h+LPEFl4X0e/1bVbpLLTrKJpZrhz8iIByWPbkH6V80/8E87a08RfDjxP8RY5Xe98ZeIr2/mhYBRDtnkjUDHBBVQc+9AH1pHny1z1xT6RSNoxS0AFFFFABRRRQAUUUUAfFf8AwUzv7jUvh54L8GQag1jb+KPE1pYXvyFg9vuDEHBGAGCEgkZHHcivrLwn4Z0vwb4d03RdJtIbDTbGBbeC3hQKiIAAAAOnTOa8a/bY+D/iH4x/BLU7DwpeXNj4i06WPU7EWyrummhYOiAkEgkqCCCDkDkjivEfCf7f9r4X+Dd5p3xFguPA/wAVdI01kGn+JLWSFL6ZFwsgOzJ3tyQACDntyH8gOv8A+Cnng3TPEX7LmvanfRKmo6JJHe2E7SFGjk3BflIHJIJGMjpmuK/bI+GOv/GT9hfwvd6BO97Lotpa6tLBCysLlUgG5txPVck8EknI57fMXir9uq7/AGvPDvg/4bePdK07wxpd7q1u2qeKFuXW3CKxYqFONoIwpJY4znjFfrl4QXR5vCmlpoc1rd6Ktssdo9s4kheIKFBDDIIwMZ5zTA/mvvrS+0e6ktNRspLS5jc+Za3CtG6/UED+VfqV/wAEm/2edZ8INrPj/XNGvdMTUbRLax+2TbTKpbc8gQADaQUwTyMEdzXv37a37J/hX4zfDfVtWh0eGDxZYj7VaX9uEidyqsAsjFSWQFixAGSVAFdV+xb8fLb4/fBTRtZcwxazZqLLUreIjbHMmV4A6bgoYA8gNRp2A+g+lLSUtSAUUUUAFFFFABRRRQAUUUUAFFFFABRRRQAUUUUAFFFFABRRRQAUUUUAFFFFABRRRQAUUUUAFFFRSSKqnJx7DrQB8r/8FGvHjeDf2bdd021u/sep+I549JhkRwrfvCSQckYUqhUnOBu59a9n+BfgC0+Gvwp8MeHLCJoLWyso1VGcOwJAYgkDB5JGe4r5S8TeLrr9oL/goTpHhu00hNW8H/Duyma+lkZhFFevwWyoA8wcJsYkEAnFfd0C7Y1BULxjA6CgB6gKoAGBTqKKACiiigAooooAKKKKAGsNykdPpXM+Kfhv4W8bGP8A4SHw1pOvGM5Q6lYxT7T7blOOprqKSmB5V4q/Zx+HXi7wXd+Er7wdpKaJdEsbezso4FRiQSybQNrcD5hgkcZrtvCPg/TPAvhjTNB0e2FrpmnwLBbwL0RQMAc9e/X1rfwOuKKLsCu8KzxlHTejDBVhwR6EGvhf4I6y/wCzX+2F4z+GmqWdn4b8GeLimqeGo3mjAkmYrG0aBRyzOWIUnKjHHNfeNfK37dX7NI+NXw9PiLRonh8eeFVa+0a6SVlJKkO8RwedwUAZ4BwRTXUD6kjmR1yCMfWpK8o/Zz+Klp8Xvg74Z8S21wstzNaRxXirgGK5VQs0ZXPBDA4B5wQe9er1AC0UUUwCiiigAooooAKKKKACiiigAooooAKKKKACiiigAooooAKKKKACiiigAooooAKKKKAEzXlP7SPxYt/gr8I/Eni25DFrGzk8jETSDzmBEe4L0XcRk16lJKkYyzY718R/Frw2n7W/7VFv4Ptddux4L8BxJc69Yrn7Pd3ZcFIDgjI2gZzkDsKaWpLdj0f9iP4RzeBfhm/ivU57i98UeNiuu6tPcgqzTSKCAAyhkAH8JJx7k19LLnaM9cc1Bp9tDZ2NvBbxrDDEioiIMKqgYAHsBxVugoKKKKQBRRRQAUUUUAFFFFABRRRQAUUUUAFQyIJI2R1DqwIIIz26Y71NSNnHFAHwbqHiq8/ZA/aq1mW90q40/wCD/jFrYG8Hz2kOpSOVZycjy8qACAMHivuiz1K2v4I5re4juIpAGWSNgysD0II615r+0V8GbH45fCPxD4Ru7aGd76BhbSS4JhmxlZFJBwQcEED+deE/sW/FDWfh3b2XwS+KJh0zxlo3mW2lSMzldUt4xkyIxUAhd20ZOTgkZ7HqB9lUtRJMjchs84qWgAooooAKKKKACiiigAooooAKKKKACiiigAooooAKKKKACiiigAooooAKKKKACm7gDgnBpN43YzzXKfEj4gaV8MfB+teJ9ZuRbabpVq9zPIeuFUnCju3HT3oEeW/tj/H3/hRHwpubmxSS58Ua050zQ7ZBkSXTghcnIxgZOfUVgfsI/A3VfhR8IVu/FdsB4z164bUNWkadpnaQn5S7HncBwQOAa8Q/Z9+HeqftqfE/T/j543uZoPD+k3U0Gh+GfLdYh5eAk+/IDA5JwBjIGciv0JhQLGABgYHH4YxTegD0UKoAHFOoopDCiiigAooooAKKKKACiiigAooooAKKKKACiiigBDzx7V8wftffssW/xY0uLxzod5qGlfEbwtbSXOi3elsqmSUYYI67SXBwQACMlucjivqCmMo2kZz9eaNLgfOn7J/7Ulp8cfC89prls3hrxxo7C31TRtQbbKpUhTMAQpwxPUDAJxX0VHMkgG05r5p/av8A2X9U+KTad4w8Ca1H4W+IejKyw6g8YeO5tyQzQyKQQRkAjIOCPpil+yF+19pXxw00+HNblh0b4g6SXh1DSZXJZvLkKblLBdxOASFHy5wcU3boB9T0UxZAzEZ5p9IAooooAKKKKACiiigAooooAKKKKACiiigAooooAKKKKACiiigAoqJplVgpOCenpVLWtdsfD2mXWo6jdx2dlaxNNNPKwVURQSSSegwKTATVNTttLTzbqeO2TBw8rhV4BJySccKCefSvgL4h2+u/t/8Axi8N6VaaVqNp8D9CvJWvNTaVY01WaMsN0eM7kKkgHGDknPAr0K48dz/t2a82g+FAIvg9aybtR15ZClzezLgm1EZAaNDggtk7lJxjNfV/hPwrpng3QbPR9Hs47DTbRfLhtoshEGc4AJOBk9Pw6cVWi3GHhfwvpvg/w7YaRo1lHp+m2cKxQW0ChVRQOAAMVuRghQCMUu3aBzS/dqbtslKwtFFFMYUUUUAFFFFABRRRQAUUUUAFFFFABRRRQAUUUUAFFFFADJFLKQDjI9K+bf2lv2TbT4meD3v/AAatv4U8fabcSappuq6dGlvJJdHJ2yyAZKseCST1J6cV9K0113KQehFNMD48/Zd/axudQ1TUvh58XHs/CnxB8PkwTzXd2FivlUKPNV2wMknIAGCDkdDX15bXkN1CksMqyxuAyuhBVgeQQRwRjnIrzr4ufs++CfjV4av9I8U6DZ3sV2AWuFjCTq4HysJANwIOO/avmvSvGnxG/YivbPQfFllqXxE+G9xIxtddsY2mutMXICQOhJYoiAAEc8EmnZNaAfcNLXC/DX4zeDPi5pcOoeEvEFlrNtLH5o+zy5dVyRllOCvIIwQDmu2WZWYAc57jpUASUUUUwCiiigAooooAKKKKACiiigAooooAKKKjMgViD1xnpQBJTGkVeGOKguLyK0heWV1REUszMcAADJJPYcV8tfFr9vLwxpOpXHhj4bWF38TPGW9rZrPR1bybOQEKWklKlSATnC5BweaaTkOx7t8VPip4f+EvhG/8ReIL2O2s7WIt5e4ebKx4VET+JiSAAOpr5I8I33j79vXVx/wkvhybwZ8G7G++0RQyPJFd60EJCI6kghME7h0OMc13Xwg/Y81S+8Qad48+MXia48d+Ko1Fxb6fcErY6fKTuISMHadvABI4IyMV9UwWMdvHsiRYlzyqgAfTjtStbqIxvC3gXQ/BOniy8P6NY6NaDAMdjAsKtgAAnaBuIAxk/rXRxrtUg+tKqhVAA4p1LcAooopgFFFFABRRRQAUUUUAFFFFABRRRQAUUUUAFFFFABRRRQAUUUUAFFFFADWzg461T1DTYdSs5ra4hjmhlUo8bqGVlIIIIPUEEj8avUUAfEnjL/gnpJ4J8Q6p4y+B3jC/+H3iKcBhpaYk06TAY7dmMgFiCMkgE5xWV4A/bC+I/wAC/Ekfg39oPwxMEitTcDxZodu88BjGAXlAAwqk4ZgOCRxivu2XJjO3GfesbWfC2n+IrO7tNTtIL+2uYjBLDcRq6uhGCpBHIIOCDwe4pq3VAYPgX41eBfiXbtL4W8V6VrioV3rZXccjKWGRkA5BNdmtyjYIzz6jHHrXyX8T/wDgm78NfE0dtfeDRdfDnxDZHfb6jocrKN4yULJkAgMQeMHAxnFc3oV5+178J759KuNM8P8AxG8N6erNHq1xMtrd3MaZwpUMQHYAAHaQCQSTUvfQD7cjkWRQQQR7Gn18far/AMFDNN+FupadpHxa8A+IPAupzp5s0kCDULSNCCQwkizuHQEAZB7V73pH7Qnw413RLfV7Lxlo0thOhkSU3iKMBdxyCQQQOSPr6U7PYD0aisLRvGmi+Ith0vU7XUAyeYGt5lcEHuMHmtjzgMA8HuM0noBLRVdbpHYhfmI6kUv2tMZGT+HT6+lFwJ6Kz77XLHTVVry7htQzbVM0gUE4zjJPpWVrHxC8OeH7Bb3Udb0+ytDIIhPNcqqFz0UHPJNAG3e30GnwtNcSrDCoJaSQ7VUDuT0Arg2/aK+F662+jt8QfDa6qr+WbRtUhEm7GcAFuuK+Kv8Agql+0ilr8PdI8FeGNXJk1eXzdQ+zKwBtlB4ScHaGDgArycEHGMZ/KGaaSNi5dwS4xcbTu5IGSwwTn+maFfsB/S/feL9F03SRqt3qdrbaaVDi8llVYtp77icYx3r5s+O37engjwPoKjwJd2nxG8VTXK2sGl6POsy8uAWd1ztHYHuSK+JP2KfhL4j/AGwvh+vh3xL8QNag8KeF9VUtpMJDRTQlVYxM5YOATwMhgOeBmv1F8A/A3wN8Nlnfwz4V0rSWn2l2t7WNS21QBkgegHTqRk5PNNbgfLFjof7Sv7UF0NM8awW/wl8BSOZJ/wCyLhv7TmjydsYfLLg9zxx2r6T+BX7OHgv9nvw9NpPhHT2hS5mM9zc3LmWeaQgAkuRx646ZJ9a9PSEx/wB0n8jUqLtXGeKbl0QlfqEahBgDA6Cn0UVNhhRRRTAKKKKACiiigAooooAKKKKACiiigAooooAKKKKACiiigAooooAKKKKACiiigAooooAKSlooAa4JXioJLbchAOD/AHuh7dMfSrNFAGJr3hXTfElhPZanYW9/azqUlhuIw6sp6qQQeD9O1eH6h+wH8CNWuElufh1pu5YxGvlvNGAATg4VwCfUnk96+iqNtPma2EfJU3/BNz4Y2HiRta8MXPiDwRP9m+zFPDmpvAGBJLEswZjkYGM4GM07V/2GdXu/KtrL41+PLXTtwM8Ul/5kjqSA4D4BUkAAEdCM19Z8+tIc+tDdwsfIFr+w/wCOdAt4otA/aB8ZWRDmSRrzbd7yGJjxvPG1SQRnDHBPSmyfsSfEO90+ws739oXxbLDazeb+6iWIkDJQZUgnDHJySCOCAK+whmlouwPjnT/+Cb/hzXrie4+JPjTxR8RZZI8Imo3zJDFKVw0iIMhTnJABAGcYPWu08F/sE/Cjwf4UufDs+m3niXSp7o3Zi125adkcxlPlIC44PcHHbFfSVITii7A+Jv2tP2APCvjn4SxaZ8O/DFjoviGymiNq1rGqeaArR7ZHY8qAxJJJJIB5NfnLa/sBfHa71iXRn8C6lH9knWJZ2x9mcseWWUcFQMEk8ADiv3um5ZAT3qKOMMzEEEg+mcZ649Krm0s0Ty9j5x/YY/ZiP7NXwvm0u/iC+IL2cy38ysHWRgAAVI5C47HByDX0uihVwBxUccflgjdnnj/CpVz361D8ilohaKKKBhRRRQAUUUUAFFFFABRRRQAUUUUAFFFFABRRRQAUUUUAFFFFABRRRQAUUUUAFFFFABRRRQAUUUUAFFFFABRRRQAUUUUAFFFFABRRRQAUUUUAeFftl/GjWfgH8ENR8XaFFZzajBdW0Ea3wJj/AHkgUkgcnAJ6dOteSeH/AIlftearYxX1t4O+H9xYXUST285vplVkYAgjpnIIPNbH/BT3UrfS/wBlnU5JJoI7gajYvbi4GVZlnViMfQEn1AxXJaX/AMFHtD8N/DjRtV8TfDjx7YxpZ263V7HpCJZeYyAZRjIAFJyV4GQRxT3A6P4V/tleK7P49RfCH4veGbXw94kv4ll02800ObWdiuTGCxO7nOGBA4wQDX19GxZTnrn1r84fhvceOP22P2pvCPxYtvD03hT4ceEVZtNvb6IGW+JBBAGRkHceVBAIPJNfo1b52nnIz/TpxQBYooopAFFFFABRRRQAUUUUAFFFFABRRRQAUUUUAFFFFABRRRQAUUUUAFFFFABRRRQAUUUUAFFFFABRRRQAUUUUAFFFFABRRRQAUUUUAFFFFABRRRQB8s/8FGJPI/Z5ac3hsY4tY092l+zJOAPtC4OGIBwcHGecV7fN4P0bx58O4dF16C31/S9QtI0uPOgCxz5UZbZ0UnqAOhxitjxd4f0zxJpf2TVtPttTtSQ5gu4lkQspDKdpGMggEVetG2w4HAUAAAcCmB8B/BPUpf2Hf2gNV+EWqXsdz4F12SPUdJvtR1GK2Ns0h2iONHIL/NgEK2RwSOpr9A7KYTRkgYGcj0wRxXK+Nvhj4R8fTW7+JPDOla5LbtiGS+s45Xj5H3WIyPwNdPpkSQ2MSRqEVUVQB2AUYoAu0UUUgCiiigAooooAKKKKACiiigAooooAKKKKAP/Z\" alt=\"\" width=\"250\" height=\"248\" />', 'Y', 16);
INSERT INTO `question` (`id_question`, `question`, `status`, `id_chapter`) VALUES
(100, 'Mobil bergerak dengan kecepatan (v) dalam m/s dan waktu (t) dalam s seperti pada grafik v vs t. Jarak yang ditempuh mobil dalam 8 detik adalah .... meter<br /><img src=\"data:image/jpeg;base64,/9j/4AAQSkZJRgABAQEA3ADcAAD/2wBDAAMCAgMCAgMDAwMEAwMEBQgFBQQEBQoHBwYIDAoMDAsKCwsNDhIQDQ4RDgsLEBYQERMUFRUVDA8XGBYUGBIUFRT/2wBDAQMEBAUEBQkFBQkUDQsNFBQUFBQUFBQUFBQUFBQUFBQUFBQUFBQUFBQUFBQUFBQUFBQUFBQUFBQUFBQUFBQUFBT/wAARCAF0A0wDASIAAhEBAxEB/8QAHwAAAQUBAQEBAQEAAAAAAAAAAAECAwQFBgcICQoL/8QAtRAAAgEDAwIEAwUFBAQAAAF9AQIDAAQRBRIhMUEGE1FhByJxFDKBkaEII0KxwRVS0fAkM2JyggkKFhcYGRolJicoKSo0NTY3ODk6Q0RFRkdISUpTVFVWV1hZWmNkZWZnaGlqc3R1dnd4eXqDhIWGh4iJipKTlJWWl5iZmqKjpKWmp6ipqrKztLW2t7i5usLDxMXGx8jJytLT1NXW19jZ2uHi4+Tl5ufo6erx8vP09fb3+Pn6/8QAHwEAAwEBAQEBAQEBAQAAAAAAAAECAwQFBgcICQoL/8QAtREAAgECBAQDBAcFBAQAAQJ3AAECAxEEBSExBhJBUQdhcRMiMoEIFEKRobHBCSMzUvAVYnLRChYkNOEl8RcYGRomJygpKjU2Nzg5OkNERUZHSElKU1RVVldYWVpjZGVmZ2hpanN0dXZ3eHl6goOEhYaHiImKkpOUlZaXmJmaoqOkpaanqKmqsrO0tba3uLm6wsPExcbHyMnK0tPU1dbX2Nna4uPk5ebn6Onq8vP09fb3+Pn6/9oADAMBAAIRAxEAPwD9U6KKKACiiigAqpfSyRrmMZOCcDGc9hz69Pxq3UM+DtBGSeAM4NAHxz+zj+3hd/Gj9oLxf8NNZ8Ow6BPpskq2TrM0ryNE5SSN8DAI2lgc47Gtb9r79tSb9nvXvC3hbw5plnr/AIu1q8jiNjdzNAsUTsFRs4wcsQMg8EHOK+f/ABp8P9c/Zf8A+ChGi+L9DMNh4I8aXaw309xNHDCWlP72MBiMsGAYYB5YntWppqTftSf8FJ9Re5gS58MfDqx8sR3ARtkwkBDJjIIL5IJ5ABFAH6H6bcXE2mwS3Maw3LRq0kYOQrEAkA9wDkZ74r5T/a7/AGvvEHwV+KXw/wDBPhC10zUdT16Xbdw3zPuhRnVI2woJAJJ7E8A9M19YogaPCL8uCNpI59B9K/MT4b2th8W/+CqvjfUlsk8Q2mgvHNby3NyYVsZIY4ozIiYO4q+/CjAySe1AH6dWt081nDLIoSRkBZAehIGRnvgnFSMzlkO/CfxdOcjGc9ufSvy2/aQ0H4m/EH/goLceCPBHjvUPCx1LSbeWSSK7aKJIAG3EKnLdiBgEk8kcV5Z4K/Z9+LVx+0n4t+Akvxb1XTWltTfXN/DLPNFdxjayF1LgqTvBwCQCOpp8rA/ZlrkbmUOSeMYPfpgV4fH+0JrN9+1xc/CSx0Wzn0ay0CPWb3VWuSs0bu7KsYTGDyFzznBr5G/4J1+L/FPgn4zfFL4Y+INVk13QvC63DDUruVnlieOUK+0k5CuBuxyBt7Z50/2Z59a8TeIf2j/jr4Ut11vUbprjTdAt4yNlwIwHBG87gcbDggAkkAGjW9hbbn6Mw3DbAzDr2/z2rwb9sz46eK/2ePhKPGnhrSbTV4rG9hXUIbqQriF2C5UgdSxAz2zX4z6d418QeKPGHiG58Z/ELWPDniGYyTxSXM86QrdiQAibaGMaAA42ockAYAr9a/ibZx/HL9hXX18S6lpN1NJ4fe7lu9Jmka0EkKeYjByCxUMgJJGTg4AzigD3j4R/EC4+J/w38P8AiuXSpNGOr2Ud6lnLIHZEdQy5YADkEHHUZruF5ANfGn/BK/xZdeLP2U9Phu52uTpOo3GnRswOfLUIwXJOTguQDxgADAxivspc7QDSGOooooAKKKKACiiigAooooAKKKKACiiigAooooAKKKKACiiigAooooAKKKKACiiigAooooAKKKKACiiigAooooAKKKKACiiigAooooAKKKKACiiigAooooAKKKKACiiigAooooAKKKKACiiigAooooAKKKKACiiigAooooAKKKKACiiigAooooAKKKKACiiigApKWigCpLHMbpGWXZEVIKbR17HNWUBCjJyfWl2g4yKWgAooooAKKKKACiiigAooooAKKKKACiiigApKbIwVQT0zXK698SfC3hbUPsmseItL0y7MYk8m7u0ibYTgMAxHGaQHTXDERkhsHqCTgV88/FD9s7wZ8Jfjl4V+GmtPIl5rURle9wfLtyxxEGwMENySQcADmvebDVrPWNPivbC7ivbWZQ0c0Lh0YZxkEcYr86f29v2VIPi5+1R8NJ5demsrLxNHJYTKSZWjMQ3DZGMlVYEguQACRnk0b7Afo7Y3H2iMOHDqwDBgcjnnggAHirhUN1Ga5n4f+GU8F+EtI0CO5nvE021jtVuLh97uqqACWwMkAYzgcDpXTUwPjX/gpz8DNb+L3wZ0zUPC1tqF/wCI/DuoLd21jp6kyShvlYjAJyo5GOarf8E2/wBmbxD8F/A2ueJfHNnJaeNPEl0ZZkumV5ltxgqHYEnLEkkHBBJyMmvtJkDEEjNAQDIA4707gVuFwpGWY5C45/yK/NK5m0/4Af8ABUtprnwt5tl40gjSxnjAYRyyhQ86Kq8EshBHXLEnrX6bFQcgivFfj5+y34W/aA1rwvq2t3upadqfh2Yz2F1plwIXRiQTkgZwcDoRSA8B8U/DHxzL/wAFJdG8dad4Z+0+FP7Fjt5NUZgqLgMrncASWBIwuACD6c1saD8G/GVn/wAFItd+IB0iZfCE+gLbJqjMCrOI4x5eM5yCp7dq+x7OFY7aOIln2ADdIAScDGT71Z2j0qua2gH5reFf2eviFoP7SH7QviTUPBlzc2GsaHqMentBdiKG9ErKY41YHKuQhyexJzjjPs/7Nv7PPjL4bfsbx+G9AeLwN8RtQWS7kubgC4CTsSF8wMCPuBQQAcYJxkmvsLYOwx+FJ5a8dOKV+onqfiv8dP2U/wBorxz4qTSdZ8Baf4h1u3lyPF2mIsAukYkgMQVUqMnllDAcZHFfbS+AX/Zl/wCCf/iTSPGmrWt1q0OgXdpPckBEZpVkWKAEj5gu9YweQcA45NfZpiRgQVBFeX/Hz4D+HP2hvBv/AAjHiZrxdNW4W4AtZRGTIpBXcSDkZ7e9G7uw2VkeXf8ABO/4e3nw8/ZX8JW15dx3EupodWWOMriFJgrLHkDnAGTnkEkdhX1Gv3QTWZ4d8P6f4Y0TT9K021jtLGxhWCCGNQqoqjAAA6cCtSkMWiikoAWikzRQAtFJS0AFFJS0AFFFFABRSUUALRRSGgBaKKKACiiigAooooAKKSloAKKSloAKKKKACikzRmgBaKSigBaKKKACiikz7UALRSUtABRRSZoAWiko5oAWiiigAopP1ooAWiiigAooooAKKQH2paACiiigAoopKAFooooAKKKKACikzRQAtFJmloAKKKSgBaKKKACik5o/U0ALRSUtABRSfSloAKKKSgBaKTdRQAtFJS0AFFFFABRRRQAUUUUAFFFFABRRRQBBdErFkAtgg4Ar8jv2vG8ASftqeKF+NKeIm8NtpMTaM2lYHzkRqMAHJUNvOQQMggiv1xum2Qs27aR0J6Z7Zr8bvF/jTQPgv+2f4/v/ANonwt/wmT39u/2NLJfOto1cqUMaT84AGAVbCnOAc8NJPRgfav8AwTR16XxJ+z/Ncrpc+maVFfta6csk0jrNDGir5gDE7SWDFguAWzjA4qh+1jrR039rH9niGG4+x3Et1dBZLUk3U+VA8kr0ETHBZucEDI5rmv8AglXqHiHVPBfja4is30z4byaxK/hy0uCzTRIzMWRWJwVUFRkDk5PrWl+2hDayftYfs5iedreZb2YxNYQiS+3cYAyP9UecnBweaWwH1bb/ABBtpbWJ5rHUrc+SkuDaueTJ5YXgHJ3c4wOCD06X5PEjWNuq3lvc/bFR5DDbxvIflAJUEAAnDDHIyc46Gt+3DEAscEgHGf5VY2Din6gcLN8RY4ZZIhpWqB45Wgw9s2WdYxIRkZBUgkBgSCwxVnTPiDbakzbbDUon8yOMK9q4/wBYpYEkjAwBg+h4PWuw8sdfyo8sc445zT07Acvb+KpLzTxcxaffRtJEsiR3EWwncxUKeuCOCRjgHPNZNv8AEQyaD/ah0bVGmRJWksxbt5oMcvlkKDgHJBIx94DIwDXfbO1Hl+vPpUgc3F4rhaJy9rfKyPMhCwMcmNAxI9cg4GOpyByKbH4rS4uWhhstRkKlRJJ5BVVDRiQHJIJGDjjJB4xXT7QMYFJ5Y4Pf6UvUDmW8TmK1t5nsb4xzeWF3ICy7yAMgHIIwc/UUHxpZrMsP2fUWIWI7vsrlf3hIAJx1BGT6V0zKGxSMAF45/KnZAeP/ABS/aS8M/CPwne+IPEH26w063haQPcWzIXYOUEa5I3OSMhQckc1+Wfjj/gqx8XdU8caje+GNQttI8PvL/otnc6fHM0a44Dk9Sccf1r6Q/wCCxfxTtrH4eeGfh/HEktzqV2NRnkyC0McWQMY6Elj17AGsn/gmD+yv4b8U/CXUfG/jXw3oniO31qfbp0V/amaWEQs8bEhsqASCRtGcdznFAHzOf+CoPx+eQSr4hsdkhJ2Jp0artBAyM98dqsL/AMFUP2gfLiRNb0osrAMX0qLcR9c8n1NfrNa/sp/B6xmt54fhp4XimhJaNl0yLKk9SMjrV+8/Zn+FV+oE/wAPfDkwwR82mxHr17d6fuid+h+SNz/wU8+Oc1lb2yeILUXsEhZpFsIgjAcjJxznJBycHAGKqP8A8FOvj7bqB/wkmngqucSadG2TuyAMYyccY9BX66Rfsw/CaCOVIvhz4bRJAAwGmRcgDAHTsOKT/hmH4TH7MP8AhXPhsi3YSRD+zIhsYDgjjg0e6GttD8q9H/4KufHS3027t3k0XU5mUNHeyaeVaEY5OAQG59QcZrAuP+CnXx7+0yXKeIbOMbmYQtp6FcnHy4PPABPOAM8V+udv+zL8KbVpjF8O/DsYuF2yBdOiw4JBIIA5GQD+FIv7MvwmGoPqB+HnhwXsrFmn/s2LezEEEk4ycinaIan5Iv8A8FWvj6gTOt6YGb5RjSounr05qvZ/8FO/j7bwoU8TWk43ecTNp8bAjOdoPoM4x096/Xe6/Zb+EV6iCb4beGZQh3ru0yI4I6EcdatWv7O3wvs7NbK28BeHorZQwEK6dEAAeT270tA16H4/t/wVO/aCWYeXrulgqcDdpUZBySeR347VNN/wVU/aDmDRHXtJRsg7l0WNR1HfPTrX68W/7OHwttYraGHwB4dSK3O6JDpsWEJ6kcdfrTtT/Zx+F2qNbveeAPDlzJbNvhMmmxEoR0I+XgijQWp+RC/8FQv2hGxcDXtLlePLPGukx7cYHAB6kdfbrVG4/wCCoX7QSx75fEGmo7tu2rp8e7aBjAA6cmv2Atvgb8NbpnQeB9EzDI2A+nxg5bkkZXoTkZHFR6v+zL8J9fuI5dT+HXhu8ljB2tNp0bYyc8ccc0aLUep+RcP/AAVI+PcMMSJ4gsWAGWaTSoy3GQeSeeSKlb/gqx+0JCxjTWNJcYBDvo0Z49+fpX61w/ss/CCz80wfDfwzG05/eMumxAtjBGTj1ArUHwB+HDMpfwNoJKKUUGwiwFOMqPl6cChcvUm8j8gYP+Cq37QaxjfrOkOWBO5dIj/l2qaX/gqd+0I0ZA1zRUDjAP8AY6E5wPQcV+utv+zz8MrNCsPgLw7DnqqadF/8TV6H4J+AoQvleDtFQLyALCMAfkKPdD3j8dT/AMFUP2hovNKa3pLhSq7n0mPBz6A96fN/wVU/aIjkOdX0cxKBuY6LGpGfTJ5+tfr/AH/wI+Ht+jJceCtClVmWQq2nxk7lOVPTqDzVjVfgz4G16Mx6j4P0W7iZdhWSxjbjGMdOmPTpijQep+Odt/wVM/aFVTO+uaWUBwP+JRGQQSDyM8nHp2pJP+Cqn7Q6qDHrGlFC3zM2kRk/gM8fSv2K/wCFJ+BFtUt08H6IsEYwkYsIgACAMAbfQAVXj+Avw8W3kiHgvQzHK+9lGnx4LZHJ49hRoGvRH5BWv/BVT9oaaSQjWtHMSnBLaPGDn25pzf8ABVL9oJ5IyNb0kwPlWZdGjBGByc5//VX69af8A/hzo7Smw8EaHal5DI3l2EY3MRgnp1I4qjffA/wIsGn6LB4R8P2+jlnaS1ayjBYkEgKAMYJOTTaiK8up+SEf/BU79oWFhHFrWlyxgklpNIjZvpkGkX/gqp+0HLIQdc0dCuSV/siNdvBxnJ5zxX7Fab8GvAlnbSRweD9FiSWQzOqWMYy5xknjknAyazb39nn4aXN5d3kvgPw/JcXKos8jadGTIFBVQ3HOASPxpaD1PyLuP+Cpn7QbMMa3pZTYGLR6NGF+8QMc9ximr/wVQ/aESNZG1nSTnPB0aP356/Sv2H0/4L+BLHT7e0g8IaNFbQxrFHGLKPCqudoHHQUlz8FfAt0rJJ4Q0V0aMxkNYx42lgxBGOmQDS0DU/Hy6/4KnftCCF2/trSQMZDLpEYP86pj/gqL+0NHIznX9NcFeF/shM/l61+x0nwW8CXVi1rJ4Q0byGQx7fsUYGCMEDjjirUPwf8ABUTFx4U0USsNpYWMY49OlXoGp+M03/BUL9oBZAJfENmhZASy6ZGFBPQHI4q0n/BUT9oeaMBtd0sbcghdIjDHjqOeRnvX686x+z78NvEjTrqfgXQb5ZhGJBPp0TBgmdmQVxxk4x61Y0P4KeAvDbW76X4P0Swe3h+zxeRYRqY4yc7BgcDJzip0Hr1Pxxl/4KgftDhMjxFph34GF0yMlewz6c+vemt/wVA/aAvFWKbxHZxsnVodMjUHHr+FfsND8APhxBPLJF4G0GN7hzJM40+IF2LFiT8vJLEnPrTG/Z7+G0t5NcnwL4faeUt5kjafEWOQA2fl7hQPoKdkSnLqj8dNU/4KZftB6h9ljfxLb24hctm109I2bHBB6gj0z1rWtf8AgpF8fWgSR/GekwGNTJ5ctiN7EEAJgKclgSQCecHkHg/q/wDEL4J/DxdBvtTPgbS57+3BnhktdLilnWTATcikYJAOCO4Bqxb/ALPPw41Wzsp9R8C+H7q42wOzyaZGDujGUOMcFSSQOxNGi6j1PyKb/gqH+0HHI7jxLp8sSsCB/ZcZB5HAOaaf+Cnfx+WZVbxNYsu7A26dGAQCMHnk9cV+xFr+z38NLOwSyg8C6BFZrIJRCNOjC7gdwONvUHnNU779mP4T6mbYXfw88OTi3LCESaZESmW3EjjueaPd7j16n5Exf8FSfj9skgHiPTUclgTLpcZK88AHg9QB070H/gqH+0HGsBTxBp8jyEEn+y4yoyMBfc8Zr9cJv2Tfg1dTmeT4ZeFZZmYOXbS4iSR0PTtUkf7MHwks7yK8h+G3hpLuFg0Uh02IEEAAY46gAUtA16H5Gn/gqN+0ClqhHiXSWJwSy6UmQASe/bnH4U2T/gqX+0E2149f0sRZEbMdMjJzwScfQ1+u1v8Asz/Cq3t5Yofh94djjmiMMsa6ZFh49xbaQQeNxJ9zzUcH7K/wfg3CP4a+GEVskqNLixkjBPTuBj8KPdJ1PyFvv+Conx+na2A8TWUSKC2V02NQ+M9cEZHTitWH/gqH8e2tri6XxHpATIUwyaZGHyykhlwCABjABOckV+r6/sh/BPaR/wAKs8KEMc/8gqIg/pUbfsg/BJSCPhb4TAyORpUXbpnin7o9T8pB/wAFSPj7Z2xLa1pZkkKtvfSo2CqARtxnqSQSfUUf8PRP2g9sUh8QaPF8zKVOkxk8gEEgc9CK/W2+/Zk+FGqWMFpd/Dvw5PaW4Iihl06IogJyQBjHWq//AAy38IoLMW0Pw38Mx23mGXy/7NiC7yAC2NvUgYpaBqfnh+zT/wAFQfFkHxBtrT4uajDd+H9Q+RL21tljNqwBOSE+8GO0Y7ZzX6X6f8RrfWNdFhZafqE0HmGIXywEwE+WsgZX6MhDYDA4yCK/K/8A4KffssaT8KPEmieMvBWhDTPD1/DJFqEFjbN9ltpVKhJCQSqBy4UAAcqTk54+lf8Aglz+0rqXxU8D6j4Q8R31pPqOgiNbNFIjm+zFVVVCBRlVIPzZJyeaBn2lb+JS2pT2jWF/GEeJBI0Q2sXUnggngYwSehIHesi4+KVlbojf2Zq8kjJBIY0sXJ2yz+SPYFT8zDOQvPQV20LB0BAwe+af5YOP8KSt2KOVtfFjX2pPBDZT7CzKjyK6E7JCrnleAOCDnDA8etW7bXvtuo3FqtvMI4SUaR42UFgoYFTjBUg9c9eK3/LX0o8scVWnYRzNx4mW1v4rX7JdkGUQtIkTFAzLuUkjOVABBPY8d6oQ/EawuVhZ49RhDJFIN9lKMiSQxgEAHkMORxgcnjmu18sdhj8BSCMDHf60tOxFn3OMsfH66jePbW+m6ip3TIsklsyjdE2GGWwADwVJOCM49K359UaCFmNvcSlHKkIOTgA5A7g/zrV2cetLijToUr9TlNP8cwalIscdjqcJk2kGS1ZR8yswBJ6YC4PoSB3FVpPG263iuYrK7WAxrK8l0vkiNXyACCRyCOc4wDnmuz8sZJqvcRo0UisqMCpyJACv457UhnGxeNL++kjEOg37xBBK0jMoUru2kIQcsc8gEDIGc9q37rXpbdc/YL2UhZGxGgP3Rnnnq3QD164rVs8/Z4twUNtGdn3e3T2qfaOTQByUPi5pSUfT7+GXzRGFaIsOVLKSRxggYPoSAeuatf8ACSyNpIvX02+hJAY2zIDKFJAyQCRn2BJGK6PaB04o28AdaAOTm8Wi33u2mas7CNnEawgkgNggc9T1AOCR+VWI/FQbeBp+oMVLAkQD+EAkjnoQePU5FdJt9OKNnT/CgDlrXxgbqaWNdL1JBGqMWkgCg7wSCPmydoGDjoSBVaz8dS6lCj2uh6sHki81VmiEY+8V2kluCDyRg8YIz0rsdgyCRzQIxyDzQBy154ul0vUEs7jSr+WRrcz+ZbRiVOMBlLZADAngEAGo7jxfdzaXqFxZaPfS3NqzILaZBE0pUAkoSSCCDx6kYrrtvOc0Fc4zQBxsPjC6uL61hGgaottOARctGgVSVLfMC4IAwQSBkHjBzkW7jxU1rsH2DUHYIruqxgsNzYA64JHUgHIHPNdHMp8skHHc/T/9Vc/Z7T4xmbzb4s1kp8oqRaj5jyDjG89CPQCgCovjiOSJpRpepgqtxII3typIiO0g8kEseVAPIqHUPHjWt0lsNG1Ke5MnlsI4j5akRiQneeCMHA9WGOtdqEA+lJ5Y5zyPSgDmdJ8THWIbhreyvIpI445Nl1EYixdNwGScZGMHHQ8U2HxUq2qO9hqCSeXGzRtEW5aQx4yD1B5PovNdR5Y5zznrxS7eAKAMG+10Wmn3V6lreXC2yyMUjiO9ihwQAepODjHWoD4jj1BJkt4r2OaOV4lJhIJZVDEjOAQQcA5wTXSlAc+9GwelAHP3HiA28doTZXrtOyKFSMMYywPL84ABBB5ODio7zxAbW3WZrDUHiaMNmNASCWAwQDnIzkgDGOc10ZUH2P0pdnQDgUAcfb+LGmsbm9k0y/iihZ4/LMJ81ihOSq91OBgkjINbtnqouFT/AEeeJmIykiAFcjIBwTj/ABrT28YPNIFAyAMfQUAc7qniyPTpEAsr6fc8cZ8mEkDcSAxJIAAwST2GK3bSb7TbrJ5bx7v4ZMbhz7E1W1SFLizuIHQSRyIVZGBKkEEEEDqDnkelM8PeWNHthFFNDHt+WOcEMo7Ag8j6UAalFFFABRRRQAUUUUAFFFFABRRRQAyRQykMMiuN8XfCXwb49vIrnxJ4V0jXZ4VKxzalZxzsinsCwJA9q7SijXoBi6L4f0zwrpsGn6TYQaZp0I2xW1rGI4oxnoAAAM+1fGH7c2nx3X7Sv7N5LyQytrTqZdNJN+FABwgwRsOME4J5NfcdwrMqhSBlhnPp3H5V8TftuLf/APDRn7N2zzZNPGvSEw6YP9P8zZjKseBGFBBHuTT16gfatuGDkZJG0AE9+vXjg1bqrb58wjsqgY7VapAFFFFABRRRQAUUUUAFVLiQhXAUkAHPcfTjnPsKt1xnxX8VP4H+HfiXX4vJMunafNcos5ITcqkgEjsSKAPxa/b/APiFZfG39qSaLw9aR2jWvl6QrXMZt5ZrkNtYSFjggEgAnAwDknqf2T+A/gix+HHwh8KeHdOmE9rY6fHGJVcOHO0ZIYcHnPNfiL+zD4N/4aE/aO09tTeVEe7m1++EEYnZ0RxIY1DcYJIB3HAANfvT4fksJtHsW0ryRpxiU2/2fb5ezHG3bxjHpxT6Aaq9KWkpaQCUYpaKQCYHXFFLRTAKTA9KWigBKjmyImIODjr1qWmucKTnA+lAHMeFbWKPUtUk33kty1w26S8QKduAQqYAzGMnB55zzXUViaTqdtfarewqjR3kBCusgAYryAwx1UkED6GtygBKWiilYApKWimAUlLRQAlFLRQAVzWqW7yeJNMkEFm5VXBkmYiZQQOIxjHPfJH410tYGrTzLremQq9iIpC25JmxPwpOYxnk56+2aANuMDBGAOelSVHDnyxk7j3NSUAJ+FGBS0UAJS0UUAJgUYFLRQAmM9aD0OKWk9aAMDxMJF0W4Mcl7C23iTT4xJOORyikEEnocg8Ve03zfscBIkHyqd0wCueO4AGD6jFVfEG/+y7goLtjt5/s8gT9eiZOM/Wrmm7/ALLEXDKxVf8AWHLnjo3v6+9MC/RS0UgEowD1paKAEopaKAEopaKACmSYwAefpT6SgDzP4vfCbRfipo+o6NrcNxd22pWEto0DAvbgkqQxXoHBAIOQc5weK/E3WNL8X/sF/tTWzgNcz6PPHNAzR+Wt/ZscZwecNgjPPIPYCv3p1C3L6raTFrn93HIPLjYeU2SvLDuwxx9TXyX/AMFGv2Yrn46/CKTWNEtkPiPw6DeRQwwK015GoOYtwG4nBJVc4z2zVboXW59JfB34naR8YPh7o3i7RZVex1S3WbbuBMbYw6H3Ugg/Su3DA9Dmvxe/4J2/taXfwR8fReA/F95NF4S1iYxwRyxMzWV2WChcEgqrE4IwcHB9a/Zu32gHaQATnGam1mMnooooAKKKKACiiigArM1RmW1uXUxblU7ftDBY84PBOOBnrwa06y9ZUtpt0R9l5jODeDMXtv8AagB+ib10uzDpbo/krlbU5iBwMhDgZX04HGOK0az9F3f2TZbjbs3lLlrP/Uk4H3P9n09q0KACiiigAooooAKKKKACiiigCK4z5TY5P4/0rGt45m8TebvuTbi0x1Xyd288Yxndjv0xgVszA7eDj1rLtWddYCsJf+PfJYH9397p9f6UAbFLSUyaRYwGY4H0oAfS0i4xx0paACiiigAooooAKKKSgDP1Tzzazi2YJP5bCNm+7uwcE47A4P0zUXhizk0/RbaGWae4kALM9y258kk4JwOBnA9hVXxffXNjo9y1opNy6lI5CoZImIIEj8jCA8nBzgVZ8LxvDo0SSS3EzqzBpLg5YnJ5H+z6e2KANeiiigAooooAKKKKACiiigAooooAKKKKAGSfd64984r44/bJmguv2gv2ebSU6jcyLrU08dlpLqlyxEeA5OQQgJ55HGfXFfY0i/L75yK+PP2ytPS6+O/7Pkn9nXmov/bcyvFpkhhuQvl5LbxglQQCVyMjPPUEA+vLUHeeGA2jKt61bqvbjaACPmxz6/jVigAooooAKKKKACiiigAr4a/4Kw/Eefwf+z9Fo9jq/wDZ15rl8kEluqtvuoACXQEEADAGcggjjHNfcm4Dgnmvxd/4Kv8AxE0rx1+0RY6DpEjTzaJpwt7iaG4aRWuHZiYvLPyxsoAyV5bcM9BlAekf8ErfhXc2fgvx143MV5NBqCxadax6aSk4KS5Yq5IAxkAgH7oPTOB+o/h3yF0WxFsYvJ8pQnlABcY7AcV4T+y78K9K+GP7L/hrSNDs7ordWK3s6CYpM80qqzncWG057ZHAxxXvmkxtHp9srOHKxgEqCB09CT/M0wL1FFFABRRRQAUUUUAFFFFABUNyu6F+SOP4etTVHNjymJOBjqaAMTRF26lqBKSJMXG5pGDBgFABQZJCggjBxyGOOa36oWckk1xMzpsjBAjJIO4YBzx05JGPar1ADfMXeE3DdjOPan0zaN24jnGAafQAUUUUAFFFFABRRRQAVz+sLdf21pZhks1hHmCVJoy0zfKdojbOAc4zkHIz0roK5vWbl4fEGlQf2pBarceYos5IiZJyFzlG3YXABJyDmgDdtc+Su4AN3A/lU9RQfdJznJyOKloAKKKKACiiigAooooAKSlpKAMDxZZvdaBdxJHeSNIuCunzeVOcEcI+5cH3yKtaMymwtthZv3ajdI+58AAcnJycggnJyRUXiSR49DvGSCe5KxMwjt22ytjkhTkc46etO0eRLvT7OSAPEhjUqso+dcAZBznBHQ++aANmiiigAooooAKKKKACiiigAprY9M06igDFvoG/t60dY7pt0bhmjkAhXkY3rkZJ5wcHGDyM1eKmSMlhvBBBXGTj6dzWfqlqJNdsJvs9xIY4pVEkcxWNAxXIZARuJxwSDjB5Ga1IcgsNpUcHJx6dKYH4o/8ABRT4F3/wP+PVx4v0HRW0bw/qssdzZXkbKqfbATJIUAbK4IB5ABJNfod+wt+1Mvx7+Etg/iHVbNvGNvNJa3NuitEZApJRgG4LFMMdpIye1eq/tHfBbSvj58LdX8JarbidZ4jJb/OU2XCgmNsjsGxkdxX4wfAzxdc/sZ/tHWlp450y80+6068a31YLLuP2Z1XDIgXjBAbcDkqSMcZqWJH73x98EEdsU+sHwb4q03xj4Z0zW9LukutN1K3S6tZlJxJG6hlYZ55B6Hmt0EMMjpQULRRRTEFFFFACVlax5osbtopYInEbFZLlS0akAnLDIyPUAjitWs7UmEdrcMZViCoW8yVSyqQDyQCM49Bgn1oAZ4buPtWh6fMZrW5MlujGaxGIHyoO5Bk4U9RyeCK1azNBk87SLGTz4rrfCredBH5aSZAO5VycA5yBk4z1rSoAWiiigAooooAKKKKACiiigBkwLRkA4rHtfM/t5QYblV+y/wCsLfuc7vu7cn58c5xjGBnsNeYnYQDgngZrGtQE8RAeTcZ+y8y7iYc7z8uCcbu/TOCOe1AG7SUUtABRRRQAUUUUAFFFFABRRSUAYXiu4ksNGvbmBVMqwt80mPKTA+84JAKjqeRwDT/CM0txoNvJLBcWzsWJS4cM3U8ghmG09QMnjFN8URh9KuSzFQoDBgTwQeCcEEqDyRnkAjvTPA83neHLZhaXNmNzYju5C743HnO5sg9RyeCKAOgooooAKKKKACiiigAooooAKKKKACiiigBrfXBzxXx9+2Q1tqHx2/Z80e702+1C3k12WdfsMhikjcR/KS45Cg8kZGQMV9fTHaASAR7nFfHP7akg/wCF9fs3Rosk0sniaRDbwOYnZTESTvyBgYzjuAR3oA+wbOPy1AJJKgDOc8dqskgck4FRQ/MAQWx6GluFkaIiJgkmOGI4oAk3Dpnmlpkasqjcct9KfQAUUUUAFFFFAGVr2rw6Hpd5qFy2Le0ied8HBwqkn+WPxr8L/CeuH9pj9t2w1l/D0moQav4gF19ihuBC32dGBDO3QBQgJ45Jx3r9R/8Agof8UW+Fv7MHi26tp1h1XU0TTLJdxDFpSQxQgfeCbmx/s18W/wDBIX4X6zdfEbxH4zlgVtAtdPFos1zbgs8zyBiI2I4ACZJBznA6GktHcD9S/EFgmoaDPbC2+1AqB5ccxgPUHIYEbRjnqM9K3LNla0hKghdowCc9qx/E0Msmi3sdpB58vllBF5ph3AgAgOASCBnBAJBFaek3KXem2sse7Y8akbwQcY75AOfqKOtwL1FFFMAooooAKKKKACiiigAqG5BaFgCAcd/51NUVwC0bADJxwKAMfRUhttQu4lj8uaRxI37wvv8AlA3c9OQRgY6ZxzW7WRpNr5N5euIBGJJQ+8Sbt52AZx2xjGPbPetegAooooAKKKKACiiigAooooAKwtUlaHWNPQXawo4cG3MQZpjjgB8/LjqfUVu1g6vHI2raay3TxqrNuh8kMsnykjLEZTHXIIzjFAGzb58lcnLd+KlqvZo0cbBjuO4nPH9KsUAFFFFABRRRQAUUUUAFJS0UAYniaxOqaHeWhSZzLGRthl8pzzwA46H3p+israfbNGWMexQu5s8gYIyRz9eMkVH4qt5J/DuopFayXsphbbbxy+U0hxkKH7E9M+9HhsS/2PZiUOsvlruVwMqcDKnHGR0z3oA2/p0paSloAKKKKACiiigAooooAKKKKAKtw2LiLCZOD83YfWp17HOT9KpXiv8A2hbsI8xqjZk3kbSSMDHfP6Vcj74HGepOaABwSwGD9a+C/wDgpn+yPH8RvBrfEnwxb2tp4m8PxST6izqQb62UKcHqCUAJGRyCR6V98Vna1pNvrmm3enXtul1ZXULwzRSAFXVhgqQeoIJoDrc/MX/gl3+19cyZ+FXiy/gSKMGTRLy7mEf3mAEBJJ3ElwVUYACkdq/USBt0YIAH0IP61+Dv7ZvwF1P9lX46Tw6MZrPRboJqOiXisSVALKVLAABlfPyjJwQT7frb+xb8eYvj/wDAjQPEE95Bca5Cn2XU44YyhSdMA5Uk4yMHI4OeOlPZXC6ue+UU1WDDI6U6kAUUUUAFZ2pusNrcO06wARsS7DcFwCSSO4A/lWgf1rL1QgWVySfLwjYZU3nABJ4wc/QdaADw3fRaloenXcF0l9BcW6SpdRqVWUFQQ4HYEYIHoa1ayPDEiyaBpjRymZDbRlX8kw7htHOwgbf93AxnGOK16ACiiigAooooAKKKKACiiigCObKxkgEnqAOtc/aW23xY7y28jS/ZyUuVJCKm4DYRnBYkE5x0PWuhkxgk9O9ZkKxNrZdYGEog2+byFxuztxnrk5zjvigDVFLSUtABRRRQAUUUUAFFFFABSUtIaAMfxBNNHaSi1CifaQruRhCeNxB64znHfGO9J4Uimh0O3jnjEcylgxVshzk/OBk4DddvbOO1N8SW8F3pd3HK6x7YzLvkG5UK5KtjvggHHfFL4SieHRIhJEsTl3YlWJ35YnecgYLZzjtnHagDbooooAKKKKACiiigAooooAKKKKACiiigBjEdD+FfFH7dludU+N37OWmxxNdyt4laYWxuDbAgJ180AkEddo64x3r7XlxsOTj8cV8V/t16p/Znxn/Z5L2VpqcTeInBtb2TyYwTHjzBJkYYAEgEkE4GDmgD7Ms8fMQQQfTP0/Ee9W65yHxZp1vCjzz7UaRIhOwwhZgSBnoMYwcng8HmrWp+J7DSbWOe4lwskqxALycsQBkdgCRn0FAGzRVGDVrW4naKKZZWRdzMjAhc9ASOhI5HtTP7atWmt0V94mLBXX7uR7+/OPpTA0aKqNqECsiht5bsgzxzyfbg/lVS48RWNvZw3TSFoZHCAqM4JYKSfQAnBJ6UgNambhyM8jrVK61i1tPKEsqr5h2rlgOgyT16Acn2rKk8ZacbeWTeyMjBTE6jeST8uFzkkjkDuORQB+af/BZLxZqTax4K8MC+t5dFMM2oy2Mar58coIRJHbO4Kd5AGAMg8noPpn/gmR4BbwT+ytoU8kvn3GtXE2pOd4bYrEKqAgngBM4OOScjNfmj+0F4ytv2ov207mfTBqB0vU9TttMgjVRcMIYgkcjIgJBUlXbAwCDnGa/bHwVH4c8HeG7HRtFitbHT7OLakNoqrGigAlsKcAFiQTgfMSOtAF3x9p66r4VvrN7Jb9JUG6Frg26sQwON4IK9M5Hpg9a29M2/YbbahjHlqArEkjgDGTyenWub8Zapp95oN3AWsL1pEJFreTrGjAEZD85AGRk44JGcVf0fxVps2m2jmVbTdCreVOQjLgZIIOMEDk+3NAHRUVnTa1axxiRX85WUspiw2/ABwMdeDnjtUkmrWkZgD3CKZiBHk/eJ6Ae9AF2ism/8R6dp9m9xJcRuqjhEcFnJPCqM8kngAdTxUsGuWFxbmWK6ikXGflcE9SMcHrkEY9QRQBo0Vz3/AAmml/Lun2ZKj5sDG44weexwD6EgGr1jrlvfvtRZVIBLF0I2kHBU+/fHpzQBp0VmDXrFruW2W5jaaI4kVWBKHAIVsdCQQRnqOasR6lbzxrJHKskbHAdDuU+4I7e/SgC3TJPu4NULrXLOxlto5pChuHKI2CV3DsT2J7Z61JeanaWsbme5igHltITI4UbVALMST0GRk9qAG6fBb28kwg5LOWf5icN3Ht9K0K5ez8Q28eoX0fkKAJk2vAwfzgyKQ+AeMDOQegGenNbUOq20+7ypBMQA2EIYkEZBGOoI6GgC9RVaa9ht4RLNIsEZIXdIQoySABk98kD61nzeKtLhuordruPzZJDEBuB+YDJB+nT2JA7igDZoqF7mOKMyO6og6sxwPzNMW/gkUssgKgZLe3rQBZoqta39veIGgnjlXsyMG6jI6e3NFxeRWsbPI4UDHU+pwPzPFAFmiqlvqEN1bpNG+UYA88Yz2PoeeaZdata2bxLJMoklOI48jc3rge3egC9WHqltqEmsaXLbXiwWSGT7VbtAGacFTtAfPy4OD05xitUXcWVBcKWJwCeTjn+XNYWseIrSz1jSrRp5Fe5kYDylDJ9xiN5H3QSCATjJ4GTTA6CH7gAGAvGKkqnDfW7ZVZVLdSB7nGalW6idNyyKRznBz06ikBPRVQ6laqWBnjUqSGBYDGBk59OOaZ/bFlxi5iOSAMOOSegHPU849cGgC9RWZdeINOsbSe6nu4khhTzHbcCAvTP58fWo9O8U6Vq2lw6laXsU1lNGZY5s7QVHU4OCMZGcjvQBr0VlTeILS3jid2YCRwgAHK5GckdsDk56Dmrn263VYyZUVZOELMAG4zx60AWaKxpPFWlrfRWgu43lkjMoZGDLgEAZI6Elhgd+cZxViTXLKKGSV50VFyd27rjrj1wePrxQBD4klmj0W9a1tfts5iYLCZBGHyCMbj0+tJ4dla40WxlZWQmNSVkzleMEe+Dxk9cZqjrGvadPoau482K5G1I3JQliMgN0KgcZJ6d6bo/iiwk0WC5EqouAGRnG5OMkEE8cAkD0BPSnYDqKK57UvGem6VaNdTyN9nClldF3B+MgJg/MT2A64OOlT6b4r0zVJrmOG5US27bXRyAe2SMnkAnBPYgjtSA2qKof2xZeYUNzGCoYnLD+H73Oe2Rn0BqVNQhkk2o4fGMsvIGRnBP05oAtUVSTVrKRsLdQsfl4DjPzfd/PHFSSX9vFIUeZFcDcVZhnGcZx6ZoAs0VRuNXtLVisk6K2CSu4ZwOpx6DvTm1K23MolVnB2lVOTyM4wPbn6UAXKKqrfW7SGMSr5gwSuRnB6HHvSNqVssImMyrCTtEhYbSc4HP1oAjurSGTULa4YkTxK6xgORw2M8d+gq4gO4k9e1c/d+JNPXVoEZ0Dqp+ZwSeSVwuO4I59MjOM1pzata2sYaaURksVCMwDEgZIAJ545+nNAGhSdeDWLb+K9OuIJ5jN5UUMnls82FDHjBBJwQc4BHBNSaf4js9UuLiKByTCQPmGAwIyGXPUZ4z0zxQB4/8Atgfs46f+0l8Jr7QZFSLWrcG60u7ZQTDcKDjqR8rZweeh9a/LT9iP9obX/wBlb42SeDNfmtNO8Oajqy22uRXhVPssiBoxLv5IAOcgHByCetftcdWs3jkkS5jdY22yMrghGBwVY54IPUHpX5g/8FTP2Z7K4uLL4o+EtLmnmk3DXvsSbo/L4Cztg8HjB65Bz2FUm2mieqZ+ommahb6lYwXVrMlxbToJI5Y2DK6kZDAjqCMVdByM1+cn/BMT9ryHxH4du/hx4v12F9T0kD+xlnJWSW2C5K7mOXYHAAHOMADFfoFb+KNOmWYifZHCQGdwQuCu7Oe4A6+hBFQr9SjaorOt9csbpXaK5R1QBmbOAuRkZP05q0t3E0ayBwysu4MDwRjOR60wJqyNWkMdhdP58lp+7Y/aEUOyYBJIBBGQORkEe1aLXUQBbeuBgk5GMHv9KyNc1KL+xb6aK8+yjyW23EYDlTjIIHRiMggDOelAEnhS7S+8OaVcR3kuopNaxyLdzxiN5gVBDsoACk5yQAME4wK2q474f+J7DUfCuiBdZ/ta4ayiL3UiCKSY7RudkGNpJ5IxwTg11X2yHcyhxlRk+1AE9FVY9Qt5gSk0bjaH4YdD0P0qGHW7C4hE8d5BJC2SJElVlwDgnIPQHg0AaFFVY9QtpiwjnjdlYqQrDII6jHqOKRtQt1kVGmVXZwgUkAliMgY9cDNAFuiqg1K2Y4E69u47nj8+3rTmvoBGWMyBRkklh0BwT+fFAFmiqUmq2kKkvPGgALHcwGAOp5PbOT6Un9rWjZ2TrJjH3CDnIyAMdTjB+hzQBafGMEZyeeKy1OfECstqSDbFTc+YMcNkLs6++cY7Uf8ACTadJexWaXKvcSNtVVOe2Q30PQHueKwLfxNpreLpY5FZJbdfs5uJsqAxOQoHQgkZz6nGc0AdvRWamuWMlxJClwjPGu5sHgAEg8+oI5HbvU39qWpRX8+PYxCq24YbIyMHvxz9KALlFUI9aspE3pcxspIUMrAgkgkYx64P5VHPr1lbIHklCRnB3ngAEdTnoO2fXApgadFZOm+J9K1ZYjZ6hBcGUEoFcZbHXA9R3HUd6syaxZQyGN7qFHBAKs4Byeg696QF2isz+37BngCXMcqzZKujgqAOMk54BPA9TU39q2nzAXUWVDFvnHAU4YnnoD1oAu0VWW+gdXZZkZUOGKnIHGefw5pralbKsbGeNVkICFmADEjIA9c0AZXiiO+msZorB/LuZF8tZAQCgbgvkqwJUEkAggkDPGan8LxPb6SI5IEhZZZAWRw3mfOf3hwAAzfeIxwTiota1QQ2Us0TwbVAJeRuCuQDj1bOQB0JwO9S+F5HbR4zLJbzSl3DS2wwrHcckjsxPUZODkZoA2aKT09KWgAooooAKKKKACiiigAooooAKKKKAI5M7QOfwr49/bg8Pvr3xU+AcbaRFrdvH4jd5La+m8m1XEeQ5bPLAjIXnJAABr7DcZA6Zz3r40/b1ka4+Jn7OtmkEM2/xaXK3rFbZv3RxvI5yDyBjrigD6pk8IaVfQuktjDNBKCWjYHaxJBJI9cjPNO/4QzSpN/m6dA25mb5sk5YYJ5PGQAOK2rVSud3Jx9B+VWKYGRYeG7DS/tAs7OG2FwAJfLBGdowufXA4qDT/B+m6TsFpZxxLGQUUElQQSRgEnHJJ/Gt+igDPXTIYpjNFEqSY25Xg4BJHPbkk/jVCXwbpM1u0TWMRRlkQqcgbZH3uDg8hm5Nb9FIDn7jwbpd3IjTWUMpQyMrSAtgumx8ZPAK8EeleK/tka/ofwp/Z38a66JItI1EWPlWNxAqib7UVEcJQEglgDgEcgAkdK+iq/OX/gsN48s7f4b+GPCkU5n1C81MTvAhUrEI0JBfPIJEgwBjIyaAPl//AIJZ+AbH4g/tLJqWr6ZJeW2jWMl9FKA3lxXJZVjLkjGSCxAJBJGe1fsvD4G0OFjJFplvE7R+UTGu35S28jjtu5x618Pf8Eifh9qPh34N654ju7eGCDXr7NuzQFZZUiyoYOWyUBLYBAOS3JBFfoBGdyAkY9hQBymu+FdOvDNcPpdhLchWUSXUYK4bBfJHJBxk+pA6VesNG0zVNNWU6bCI7pCWWWEK2GUAgg+oGPoBUviaFpdG1Bcwofs8mDcAtHnBxuAIO31A7Vp2IIs7fO0t5a5Kfd6Dp7UAU7bQ7Wyt4oYLeOOOJQkaDkKAMADPTjj6VJJpsbNEDBEyRsrIGAG0gcEccEe1aNJQBkyeHLCeFElsbeVVIIVo1IUg5BGR1B5B7HkYpll4bsNNjENvYW8cOSdoQAZJLZxjruJP4mtmloAxJvC+nTxurWNvhwQw8sAkFgSMgdyAT6kDNWF0uIwyI0EYSTO4LweRgknuT6+laVLQBz8fg/S1vGuTYwicyicyAYZnEflhmI6nbgc9qtnw/ZmNUSFYkVlYLGSoBU5GAMAYPbHPfNalLQBjp4cs44VgWBRCoICEkrktv5BJz83PPejU/Dthq6uLyziuQYpIMOoI8twA649CBg5rXpG6dM0Acnofh+zsdR1MJo1vaS3EgkMy4bzQI1QMfQgArgdh6GtWz8M2Nm2IreOJcRj5Bj7gIQfQAkAVcs7mCaaeKJwZInxKoOSpIBAP1BBq7QBmXWh2t5ai2liWS3VlYRsMjKsCDz7iq1x4X064iaOSwgdHJJG0DGSGJyOTkgE+pArcooApzafHcqgmRX29A3IGRg8dDx6imjTYkVwEU7xhsjgjGMY9KvUUAYdn4S03T5N9taxwn5fuZA4BAGPTBqzJotrI6FoVIUg4bnocj8jg/hWnRQBlx6DaR28sKwKsUrFpEUnDEnJ+mSB0qObw3YXNxBPLaRyy2+fKkYklcjBA9iOK16WgCm2nxSeWWRcx5K8dCRj+XFcX4m8L6LN4g8PJcxTiaWb5VgjZklMUbMgkYdApJYZPJAHNd/XO69II9Y0fddXkYaV1ENvGWjkOw/6xgDtA6gnAzihNrYCew8M2NlNFLDbrE8StGhDMcAnJwCT1JNWrnR7e6s57eSJWimBDoOMgjBHGKuW6hYzjoTUtGvUDnrfwTpFnJJLDYoJJZhOxLE5fYI9xyTn5QB9BUknhHTJpVkeyhLq0bgquACgIQgDptycfWt2igDFXwvp6xCEWkKQ7dpj25yA24D6BiT9TUEngXRpLW7tmsI2huvMMyknDmTBcnnuQOldDS0AcvD4B0i3W7SOxiCXjFp1JJ3koE654yoAOMcCtZNHto7e1gWBDFagLCpGfLAGBjPtWjS0Acy/gHQ2YONLtw/7vlV2/6tsoOMcAk4Hap28H6V5Zj+wQGPDAKwJ4ZtzD6E8mt6ihaAcxrXhuyaxu7l7C1uJtsjFbhtqksuH3Mc4BAwSegFQ6b4R0ibToZJdOtnklEcsjY3ZcRmMEkHnCEqD6GtrxIgk8P6mhS3kVraQFLo7YmBU5Dnsvr7ZpmhgR6Pp8ccUMaLBGAsBJjUbR9wnqo7HuMUwKS+BdGRbdE06AJbiNYlK8J5ZJjwO20k4x6mlh8EaPbkmLT4IiVZCyqMsrOZGUn0LknHrXRfWikBiP4P0l1ZTYwkP5u8leT5oAk/76AGfpU9roNrZySPBbxxGQqzFcnkLtH5KAK1aSgDHXwvpqtvWxiV8xMDjvGSYz+BPFRt4VsJLmSeSziklkQRs7Ek7QdwXJ7AkmtyigDLvdAsr9iZ7aKUtG0RLKM7WxvGR2OBn6CnLolqrSlII0MhBLKo3ZChc57HaMcdq0qWgDLj0W2jYMIIw67MNyT8udvPtk4qCTwxYyaX/ZrWqGwyCIiTjIbcCPQhufrW1S0AcjdaLDZ69p0EGmWj28kV1vlZyskZYoSFHcMSSeRjArQbwnps0zTyWcUkxYuWZcncVKEj0ypI47Gr11CkmoWzmKN3RW2uzYZc4yAPQ45+lXUxtBHegDnZvAeivbCD+zbcxKIwseDtAjOUGM9j0qe18IaZp7ZtbKGA7Am5AQcBt2M56biT9TW7S0AYlv4ZsLGG5S1s4YluZWmmTHyu7HLMR3JPX1rK8U/D/T/FHhfWtGnhSCDVIjFLtUNgFdoIyCBgdMDjr1rr6Y6FtwPKkYxTTYH4F+O/Afij9hH9pzSrmfT4rpdKvhqGmyMN6XVsSQcbuSwVipJ6EA84r9fP2X/wBobw3+1J8MX8QaXpkumR+bJb3unXSfKjEZODgBgQwyR6kEVxH7f/7KFt+0X8Mp7/Srb/it9DhebTZlfYZhkExOe4OCQOzema/Pv/gm38dYvgj8dR4Y12CP+zvED/2bLcXchR7G5LAAAE7QGIAYcEnBB4IJqB+zH/CL6ZdWtxEbSJre6LNKqgjcWUKc89wAKfb+F7G1htoorby0g2iMK5+UKMLjnsO3StS1kRolZDuUj7wGBU4OeRSu0BhW/hWxtbgTpAPN8pYMlyRsBYgYJ9WP5+wxQ1TwppUfhmfTDAY9ORCwiQMfLIywKjOSwPIx37V1nFZ+ofJbzsZJIxtJ3KhYrgHBAA5IPIHOTQBxng7wDobaFp04sjNJLaAm6ulKXMpkCtIzjjazEAkAcH0rs7fS4bMSJBAkaSHLcnnjGPyxVfwzubQrAvczXhaJWM9xF5Uj5AOWTA2n1GBg9hWwoA4AwKAM610Szs+IbeNPkEfyqPuqcqOfTJquvhmwS1NutjbJBgoI1jAUKTlhgY6kA/WtqkoAzINGtrOWR4baNHd2kZu5ZuCfqQBSXWhWt5JFJLbRySQyeahIwd20qDn1AJH41q0mQODQBiR+FNOhVESzhVIxHjGc5jOY/wDvk8ipJPDdjNGyPaxuGUoVbO3BYMQB6bua2KKAMS98K6bqUge5soZz5csR3rn5ZABIp9QQAPwp9n4cstPeRra2jh8wgvtGMkIIwQO2FAH0FbFJ+FAGKvhfTbe4W6SxhS5RI41kUYbahJQZ9ATnFU7zQ7bUNaBnsrZwIMK7N85IfcAV7qDg/UV0cgJUEdc55rI+xWf/AAkEFw0ULXqwsiysw81VJBIA6kE9foKAGr4X09JUlSzhR1aWT5RgbpOZGx33Hk5oj8OWIQRm0jJjYupYEgMVC5HpwMYrcwOlLR1AxLLwvp2nwiO2sobdcKCqjj5QQv5ZOPrUC+D7JpJnnQ3LyE7jOS52ltwXnjaDyB2roqKd7gYA8HaV9qSb7BCsqlyJFUBvnGHJI7nAyfYU7/hEtMaQyvZQtMSjb2XJyowpJ74BP51uUtIDAj8F6TGhRLGFE2rGFVcDar70H4Nz9acfC9h50sv2OAvIjI5KDkMcuMe5wT6mt2koAzk0qFScQRr8xJ28AnaFyR34GPpTJNFtZPJ3WcTGEq0XAIQjgEA9CATzWrSUAYGoeF9PvLB7Z4I0XYAp2ghSrbkIHqrAMPcVN4X01tJ0dLV0VZFZizggmVixJkbAA3Mck+5NWNWj+0WdxArPEZEMfmRttZcgjIPYjOR7is3wHKW8L2imdroRloxM2fMIViAXBAw/HzDHXNAHR0tICD0paACiiigAooooAKKKKACiiigAooooAa2MZI6V8d/t43cum/ED9ny8jeCPyPFuWkvfltgDEQTI2DjrxwecdK+xGwOpwK+TP25byC18U/AwNd29vPN4tWNLfUUBsrhDGd4mJ6ADle+7HIoA+rLWYTKCpVlIzlTkVZqnYqPLVuo2gDb0xjtjtVygAooooAKKKKAI2k29uO9fh1/wUe8ZJ8VP2ttW0jQtO3XViIdIKRQkTz3KnBBxnccsFBI5AHav2X+K/jQfD3wDr/iQ2810dLspboQwgFmKoSMAkZxjJGegr8V/2NdBuf2jf2z7HVPEEsl1FcX0+u3U3zBiQCUG4D5SG2EE9duKAP18/ZY+Gs3ws+APg7w1d3jX91aWS+dMZGcbmJYqpIyFBOAOwGO1etxgqoB5NR2cKW9ukcaBEUYCgAD8qmoAx/ElxHb6PfSyvDHHHCxZrnPlAAEndjtxz7VpWrK1rCyFSjIpHl/dxjjHtWfrjRLpt35zwpEI2LmdQyKACcsD1HTI9BV6ybNrBgqw2DlRhenYdhQBZooooAKKKKACiiigAooooAKa7bVzTqjmYLGxPTFAFS0tUgu7h1iRGkYEsowWwAMse54x+FX6zdOkkM9ykkkLBJNqLHnIG0Ehs98kn6EVpUAFFFFABRRRQAUUUUAFFFFABXPaxG39saQRNdxnzmDJbxho3HlsAJDglVB5ByMnA74roa57XMLrGiuRqGPPYH7IB5JyjDE3fbnkY/ixQBuwrtjAzuPrUlRxMCuAMY4xUlABRRRQAUUUUAFFFFABRRRQBT1aMTaZdoREd0TLicZj5BHzD09fas7wzCkeiWCRgpGI1AU57DoPb0Hpir2ttIuj3pjFuZBC+0XRxDnB+/6L6+2azvDsxvNLsXKeW5iVmRBhBxyU7Yz09iDQB0FFFFABRRRQAUUUUAFFFFABRRRQBnXiz/2laNGkDRLuDtJneM4xtwMfXJFX16n8qztQkuV1GzWE2/lEMZFkz5hAwAUxxwTzn1FX423Env8ASgCSiiigAooooArz2/mEEAE98jjHp+eD+Ffkd/wVR/Zh/wCEA8ZWfxO8MaRHb6JqZEWqyW5IEV2WJWQgABVYDGQeoOcEg1+vNcd8UPhvofxW8G6r4Z8Q2MWo6XfRbZIJ1LJuByjEAgkhgD1A4pptAfKP/BOn9sLT/jN4RtfAGpx30Hi3w9YJunvpVl+2xLhS6sACSOOCM4IOTgmvtyM7kBxgV/PlHc+K/wBj39p5BbSnT73Q9TeCKWViguLTzGTLhckK6AkjAOG/Gv3r8D+K7TxZ4R0fV7W7tb+K+tknW4syTC+QCSm7nGc4B5pAdJWfff6iYh5AQpOYxluc9Bjk+grQB6cVn6ht+zz/ADyA7SCYz8/Q9Pf0oAi8PyCbRrJg1y4ESjdeJ5cxwMZdcDB9RgVq1h+HlNvolkjPeHbGMtf4M/8AwPHGfUitxelAC0UUUAFIwzj2paKACimMTxgZpwzxnj2oAWiiigBr4KkEZHSsaTzDr9pgWTReU5JklIuAeMBVAwV9STkcVsSfdPrWJOsR8TWRxYCXyZMGTH2nGRnZ32+v4UAbinIp1NXvj1p1ABRRRQAUUUUAFFFFABRRSUAZWuRTtZSC2kMczYGdxBA7kYByQMkDByQM8ZrI+HcN3B4bjiu3jmeORlWXnzZAGOGlG1QJCOWAAAJOOK2tTZ1t5NgZi2F2g5PJxkD15rD+GqiPw3t81ZGWeZWJIMmRIcmXBP7z+9jjdnFAHWKTyNuB2pVYt1GKVhkY6fSmxr5agZJ9zQA+iiigAooooAKKKKACiiigAooooAa1fFv/AAUNtIV8TfAfU7uKyTTLPxasl3d6pn7HChjODIQQACRgE8ZxX2ic8Gvi3/godp0l54q+As0txb2Glw+LVN1e30YltYgY8KJEPBBbAGe5FAH2Pps0VxbxSQOktvIiyRNGQVKkcEEdQex9KvVQ0wILeIoysuwbWQAKRjggDoPar9ABRRRQAUUlRySeXgn6DnFAHw5/wVq8dah4V+AVlpdhrENgda1BLWa1KN5tzEFJZUcEBRwCc9RwK8e/4I4eC5Fg8a+LLmCdmkaPToLhyhhRVAbBIO4MSSMYwQOTXnX/AAVu8b6T4s+OWg6bYX8d++kaa9vewxyFhBMz5CkDo2CDz+OBX6A/sE/Cu5+E/wCzL4Q0nUbKKx1OaA3l1HFzl5DuBJ3EE4I9B6AUAfRUbblBxin0iqFUAdKWgDE8SKF0u9Pnx2zeS2LiVA6xEggMVPBAPY8GtHTyDY2+JFlHlr86jAbjqB2zWV4ukEWgapIbyLT9ttITdToHSHCEh2BwCoxkgnBxWppp3afanzVnJiU+aowr8D5gPQ9fxoAt0UUUAFFFFABRRRQAUUUUAFRTcRkkAgdsVLTJEDqVPegDM0u5Sa7uwk0Mv7zlYh8ynaOG5OTxnPHBArWqlZ2r28sxYqwZsqVUg4wOCSTk5zzxxgdqu0AFFFFABRRRQAUUUUAFFFFABXPa4rrq2kOsN9MFmbc1rKEjjzGwBlBYblJOAADg4OB1roa5bxNHI2raGy2F7eItyQ0lrc+XHCCjAtKNw3rzgDDYJBwOtAHR2v8Aq84wT1zU1V7P/UD5CnPQgD+VWKACiiigAooooAKKKKACiiigCjq88Vvpd3LNLDFFHEzPJcYMagAklskcAcnms/w7eHUNMtrhIzEjAFRlSGHADAqSNrA5GCeMVc1+TydFv5PPitgkDsZp13ImFJ3MMjKjHIyOO4qvosguNPs51njuN8SN5kClUfIHzAZOAeCOTgYGTQBs0tFFABRRRQAhpu871GOCMk0+kwPSgApaKKACiiigDH1KC8k1jTpLee3jt0EnnxyRlpZAQMBGBG3BAJyDnGK04V2r1yOvSqN9fQ2+pWUD3MMUswYpC/LyYAzt57ZH51ejJIyfwPtQBLRRRQAUUUUAFRNGzNkNgdCMVLSUAfCf/BTn9ls/FT4b/wDCa+H7bd4m8OqzyRxRMzXVuwAcAAj5hgNuIJABAxmvmH/gmX+1he/Dvxzb/DDxNdTT+HNUYxaYV3MLe5JJOVClmDcADgLgn1r9gJrYSNyflOcjGc5/p/Wvxy/4KBfsxah+zz4yn8aeGrKOLw1quordxarG8jXOn3RBYxkcIEZyWBwWyCMgYFNJvYV7H7Jo4K4XkY9ao6g2LW4xHI5EbELCQJCcHgEkYJ7HI5r5r/YN/awtv2lPhcqX7rH4s0NI7fU4iAu8lcLKBk8Ng475Br6UvAslvMQrMCpGI22k8HAB4wT6549RRs7DKXhSEf8ACO2QeG9ty0QLRajKJZ0JGSHYM2SM4yCfqa3kAVQB07YrJ8PWwtdJtYhHNDtjHyXEnmSDjoWJJJHTJJPua1x2pALRRRQAUhG7ilooAQLgACkCncTnI9KdRQAUUUUAMkwqkk4FYly8i+JdOUXFkkbRSZikjJuHIxgo2QAB3BBzkc1tyY2nJwKwbq6sV8VafbvdWa3pgkaK3dAZ2XjcVbPCjjIx6UAb6/dp1IuMcUtABRRRQAUUUUAFFFFABSUtJQBk6wk7W8ptlUzKA2CC2QCMgAEYJGQDnAJBORxWT8Oo1j8OJEssUuyWRW8s5dMMQFlO5syjoxyctk8ZxW5qcbTW8sSMAWXDdScHggYIIJGcEEYOKyvBdwlxo7COeOVIZ5IcRnc0ZVypjdsnc4IIJzyQaAOlXtg0tNXOMHrTqACiiigAooooAKKKKACiiigAoprNjBqMSNuxjv8AhQBLXxr/AMFEdNvJtQ+CGpQz2dpaWPi+Mz3V+gkhiDqFUlP4sngAdCQTX2RuPpx2r4z/AOCiesQaRrHwJFxe2+l+Z4vUjUrqNporbEectEM79xwBkHBwR0oA+xbHDQxsWDttGWUYzx1x2z1xVqqenzLJawlWDqY1beON2RnOPfrVvNAC0UmaWgBPr0rP1jUoNG0+4vrp9lpbxtLK2M7VUEk49gK0a+X/APgoV8eG+Bv7PeqSWguRq/iAPpFjcWzhPs8jxsfMJIPAAPHfNAH5USxxftWftoXhFhcPpHiXX2XydOl2yeQCUEqMwIGVCsScYyR6V+8XhnSE0Hw/p2mRO0kdlbx2yuwALBFCgkD1xX5Uf8Eg/htLqXxI8W+NXtIZrOxtBYpcM2HWaUhiQCMkFQQTnqa/WeEbUAznHH/1qAJaSlpOKAMbxBcR2ej39w832VI4nczshdUwvLFQeQBzjvitGxkEtnbur+YrRqQ+3buyAc47Z9Kz/EhEWi6gwufsREDt9pWMSGLCk7wpzuwcHHfFaFiwaytz5nnZjU+Zt27uBzjtnrigCzRSZpaACikyKKAFooooAKKKSgBaKKTNAC0UUUAFFFFABRSZpaACiiigAooooAKwdWEjarpxS0edVcl5Vm2CAFThiM/MDjGMHBOe1bua5/XbeWTVNHljsBdGGZiZ2m2CAFCCwGDuJyRjjrntQBs2hHkjacjP3gQc+/FWKgtSPKAClADja3b2qbNAC0UUlAC0UmaWgAopKM0ALRSZpaAKuoBvsNwEkELeW2JGXcFODgkd8HtVbS9zWsPmyCVwgBkA2hjgZOBwAeoFWr7P2OcrI0LbDiRV3FTjggd8elUdHjMNjGgT0IbPL+rHgYJOTjtQBr0UlGaAFopM0tABRRRQAUUUUAFFFJQBlapdC31CwDS7BIzoECEknAIOR0Ax+orQhxtBAxxkgjHNUtUz9qs8XLQKzlTGEDCXgnBPUYxnIq/Hnkk5Bxj8qAJKKKTNAC0UUUAFFFFACY968r/aO+Ell8a/hL4i8K3tvHci8t28hJNoIlUEoQx+6d2Pm7DI716pVeazWWQvuYE9QDjOKFoI/AD4A/GDxT+xt8fWlNszRQ3A07V7DcypcQmQAsgJALBQSrEYBJPQ1+82n6tB4i8PxXsCtLBcwbvKSQAjK/dLA4yDkZB4xX59f8FOv2Qx4gs5vir4YiaTVYRHa6ta+YVE0ZASOQEkKu04BPHBJJABrof+CaX7S1p4++H1/wDDjUxM/izQoZpLdXkLGezB2ou8nllJK8DIABOTk03fcZ90+FQy6DYhrSSxKxAfZpJhMyY4wXydx98nPrW4vSuU+HK3MPgvRxd6O2gTiAbtNe6Fy0J5+VpABuI7nHWurUkjJGDSAWiiigAooooAKKTNFAC0UUUAMkwFyemaw7jUEi8SWFqt5GnmQyMLXySWfGMkP0UD071uSY2kk8VjySSf21Zotyyo0chaAQZWTpgl8cEc8ZGc9KANoenWlpq9OTTqACiiigAopKWgAooooAKQ+1LSUAZ+pSRwxs8srImMEKT6gcY9zWP4Ft1s9DNrHe/bI4ZXRNyFTEoY4QkkliBgFicnGT1rV1iOSa1kVJ/JG0jKqGbnvWR4JmjXS3tY7lp2s5PKaNusJAGIyxA3YHG7v1yetAHUrkKMnnvSio4fug4Izzg1LQAUUUUAFFFFABRRRQAUUUUAZ2rajFpmnz3dwyxwQIZJGZsBVAJJJ7AAGvi79l39qjxH+0J+1R8QLHT9Tkf4faXAv2K3S1UrkMFDGQgMC+HOMEcdRxnP/wCConxh8QeAfCfhPQLKee08OeIppbXWZLVzHKYAFJVJQcIzDIycggkYr5k/Yl+N3gLwr+1pqEvhTwZrGm6Tr8UOl6ZY2kpuJIgoAkklG7GGIDHGcc4ABxQB+xC5zjAAwMevvXx1/wAFDpIrDVvgbqE08dklr4tVjeMod4SY8ArGQd+c4I2nAOeMZr7Ct5PMx9B1/Q18c/8ABSKSDTdN+Emr3Opw6XBp/iqN3m8g3F1hlKkQQjIkY5wQQcA54pfMD650/UoZLdJBMjqyrtZcDgjIyO3pVj7dGuQZEJ5yM84BwTz6Hr6VyHhfwHpZs7a7KSkTQxN5cieX+7GGiR0PQqTnHBBPNb2peDdJ1RWE9qu5kaMshKkhiCRkepANMDSa9RVdiyrGvBdiAB9eelC3y+XvZkC9c544GSc+mOfpVOz8L6fZ2U9r5XnxTsWlE53+YSACTn1xT7nQbSaBIkQW6rkDygBwQARgjoQMfSgCeTUoY1XdNGCxwMsOTgnA9TgE/Svyt/4LFfEh9S8QeBPCdrqNvPYQwTX1xZwSB28xiqRsRjAIXfgk85PAxX6b6t4R02aKTYps2YZEkKJuRguA67lOGVQQCOME+tfgj8bodL+IH7VHiay0orbaJfayNPtJY1DqkYYRBkAPIJBIAPOe1AH6tf8ABN34cX/wk/Zs0yLWbm3W51idtXWGN0bZHKq7SXUnOcDqcAkjg8V9Wx36FWUSRlhuyN4GCMZH4Z5rzfwh8DdG8P8Ag3w7o9vtSHTNPg04ssEYE0cYBIIwcBnG8jJwRXcL4P08QIhTMqEkz7EDvuIL7sKAd2BnjmgDRXVLfzPL8+MSEkbSwByBkjGc9OenTmnG/QBSZIwWOEG4ckjIx6/hWTa+B9IhZZZbSO6vFkMv2yeGMzbiu3JYKP4QF+gAOaqa94Li1JkNtMLAwxj7P5cKYgkBAEi8cEKGUdgCeKANHWb+J9LvB9qaFxEctAA8inBwVUg5PcDBz6VNpOrw3el286yZjZBhpMK3pyMDB9RgYPGB0rF1vwvpken3ty0TIY4CzSRRKzjapIZQQfmU8gAdam0nw/ps1kFiAls2YMYWRCN2BkEYyDuBYg87iaAN46hFyFkU8E9ewOCPz4obUIsHEig5I5I4I655rJfwtbteSyDYts4VRbxwoFADFmHI5Vjgkd8Cr8eh2SAqbeN2ZmZnaNdzFhgknHJI4+gAoAm+3KuWYqIwM7icYxnJOe2O9C6jE2CksThiAuHBznn8yOgqvqHh+1vrOW2w0KTABzGFyVAA28gjBAxj0JqhL4J0waWlnaQR2HkgeRLBGu+JgMKwJB5A4BOaANl7sRFPMZQGIUDgcnoOT37UrXqDeAyllzwDnBHY1WvNHjvltllkkxCdwHBycYBOQeQeRjGDilt9Bs4H8wQq0jD5nZQSxznJ45Pv70ALJqiRybC8QLKWBLgdOpOew/TjOMipI9QRlOWQMOcZ46d/T/CorjQNNuJvNlsLeWUI8QkkjDMEcguoJHRiBkdDgegqra+E7CBpSVeTzWZpAxADll2nIAHReB6CgC+uoB2UBk5A6HOc8gA98jp61Kt2r5xgjGeo6dM9emazrbwnpdqYRFaoggMZiCjAXYu1MfQcVat9FtbPBgiWMhBHx/cBJx9OT+dAFePXYJL27tQzLLbqryMykKAxOME9ehz6ZFXVumb+HAIBGfXuDis2Lw5B9qujJI0ttPwLZ1UomSSccdyc8+lX202CS3eEqVRwQWQ7TyMEgjGDjuKAJlnJxgAnuM8imTXiRhcuoDEDcSMcnAHJ6k8UkOnxQ28cShmWNQqh2LHgY5z1P1qD+wbMkb4/MUBcKxJAKtuBA7HPNAFr7QeD8oHYbuffP5UsNx5ikkc5IODxxUM9iGUKhCqchgw3ZBz/AFNV7HRILNwVDbgWJwSBk4ycZ6UAaXmEsMEFcZzmmPcBGweD74/Lr1qvPYCeaJzlTEflwxHXrnB5/GpLiyjuOWVSwOcsM9iOfwNAE0MwmXehDIejAgg+4I7U24nS3Tc7BRnqxA6mm2FjFp1pHbwIsUUYwqr0HOafcW0V0myVFkXOdrAEUAQPfLGwR3RWOSBuHIBHP05GfrXNeJ4Rf6toEy6cL82t6XaT7UIhbAxsDIVJ+cYIG0jvntWlqHg3TdRiljkWUebuDMsrBgGwGAOflBAA4xxWN420vVCLC20OzssXEvl3l1cf6yCIqQXUcb2JwMEjg55xQB1qzpGqhSqocY56knt60v2sbsHaOhOT2JIH61mx+F9Oks7OBoWMdo6SQqGI2lQQp684BP506TwrYzX8t5KJJJ5Aq7mc8BW3AADtnnmgC79uQyKm5dzZOAfTqfoO57cDrStfJkIjqXzgj8MnvxxzWbY+D9PsLr7REJDNtdSzOScO4d/++mAJ+grJvPA6291JeaXcm3vmmacyXAMilmIDnAI5KgKDnjA4NLbqB0x1BFmEe6PdnGNw7jP545A7jmnteHeFQZPU7uMD1xWXY+GbaO8vLyZI3uLiUS+YFIKhV2rgknBC8ZGKuLoNkqoRGyupT94HO87WLKCc5IBJODxzTAnF9GwJDpgcnLDscevr/hR9sGyRiyqEznJGOOvOeD9elVLXwxplmvlxWNuE+bIaMH7zFmHI6FiT9afN4d0+4huYJIA8NxvMsZPDbgAxI9wBQBL/AGkjSFRJHu5AXcOuAce/BBPpS/2gu4oWQPgEJkZweMn0Gc/ka5m++GuktL9qs4ha6gswnFxgt8wjEZyMjIKAKR6e/Natn4Rs4I4hJumaPbh2OGIUkqCRyQMkAEngnOaALWpaxBbabczm4VEjiZ/MUbsYByQB1APH1461Bpt9DLp9tKHQK6rIGOAMYGSR2PcjtnnFNbwfpcdibeK0VEERiUKASFLbsDP+1zWc3g2G4vEeUQtB5TQCJosHy2H7wHBAJYgEnHQYoA6EXw5JaPrxhs9s4PvjnHpzT47xHVCXQ7scggjketUovCumRyvILVGaSTzTvGRu2bMgHp8vFTQ+H7G3hiijgxFEUMakkhSudpAPTGT0oAnjvUk4Vkc7d2FYHjOM/T/CiTUIoceY6rkFvmIHAxk8noMjP1qrZ+GtP0+6FzbweXN5Zi3BiTtLFscn1JNJeeHbG93NLbpKzK8Z8wFhtcgsMd84FAF1bg+YqsVwc9AfwqdpAoGDyelY/wDwj8M0MYmd3nidmjnXCsMgjt1ABI5zxVmPThNAkVy7S+WwZWBKnjpkjr1oAt+dtClioBHc+ppVlBzzk/T3xVbUNNivrPyHG4Aqy5JOCpBB69iBUdnpMUG1nLSSKpBbJAyxySBnucflQBbe4RZFUkBmJADYyTjoPw5pn2wNIyIVO3GefXoCO1NuNJtbq4gmli3yQljG2TwSpU/oaz9W8PxzW0n2Q/ZbpiJElXIAdVIUnBGQATwTigCe91JLe6tYZFDSzOVj2qW2naTkkDgYB5PHarH9owxqSZUA7AkZHTOfQDPPpWPJ4Ytm1e11FpJFvCqRSvGSFmVQxCkZxgEk+vSnQ+CdKH2hHt1lt5w+6KRQV+diz9Rn5iQSD6CgDX/tGJsEOhGdrfMOuM4/Ln6U6G+hnZljkSQryQjA4B6Hjsax7rwrZvMyi1gFs4ZmjWPDNIQAWLA8kqMevFWtD8N2GhR7LS3SHaojVkGCEAAVc+wGKANVGb5tw5zgU7d2PHGahkiHOw4cg4Y5wDjrTDavMke6ZgykElOAcf0oAc9wI2IYgj8B+HJ9OagOoEsjIFaNhknJ7k4IwDxxzzxTbfSoYF+dnuGzkvKdx6ED8gaqTeF7a5aLzi4SNlYLDI0QypJXhSMjk5B4PfNAGrFcpLF5oYFcHkEEcdeRUU16IZAgGXY/d4z0z+ePWs/R/DNnommyaZZp5NnveRI1LEqWYs2SSTkkk/jUc3hW3uNWtb+cys1ozPCqyuF3MoVtwBwwIAwCCAeRg80AM8SaHp3i3R9Q0jVbeO7sL+Bre4t5MEOjKQVIB7gkZr8Ifj18O/E/7Gn7Rl7baXfrZSQStqekz2kpKm0kkIQMCSegKlTkZBwT1r95m8K2Ukl47LIrXUgkkKTOpJCbBjB4+XjA+vWvDP2kP2KvAn7Ro0+XXkubO70+IpHeWLKs8gAOxXkYElVJJx6nOarRgc9+zn+218JvFHwf8M3er+MNE8KarHbiK60rU9RWKSCRSQQN5BKkYI68EDsa9Tb9rj4Kp974qeEVPcHV4Af/AEKvzZ+J3/BJXxndeJHn8AXViPDs0SPHb6lfBpopMYKlwMOARkEAfex2rhr/AP4JW/HO3kurYaXoupuApgul1SONMjlsowyewo5RXP1aX9sL4JuoP/C0fCoBGedUi/8AiqkP7XnwSCBz8VfCQB6f8TeH/wCKr8t9P/4JI/GnUPNku7rQNOKkMEN6zhuOg2ggU6//AOCRfxngaAW2peHbuOT7x+0FRHyeoI549KOVi5j9R1/a4+C0kKyL8UvCe1umdWhH/s1Pb9q74O+Ssx+J/hRYWYqHOrQYJA5A+bqK/Lqz/wCCRnxps4pWi1Pw9HIp3RobhiSRyMHGBz3qtJ/wSX+N0io6z+H1k5LKt6QxY5ydwAzk1JR+pf8Aw1x8Ftx/4un4SK4/6C8HX/vqo1/a8+CpkMZ+KfhMNgk/8TaHHB9d3Wvy20//AIJKfG1pooZ7nQ4omBLSG+LbSAuAQBkgkn/vn3FS33/BJP406fYSm0ufD9+UY7YRdFS5PfJAA/EinbS4H6kf8NdfBRsEfFTwng8/8haH/wCKpT+1x8Fev/C1PCWP+wvB/wDFV+Xlt/wSF+L8yqZNV8PQusY+Vp36kZKjCkZB4yDzVi3/AOCPfxdZAT4g8Nxsyknc8hAPTH3aQH6a3H7X/wAFIVRj8UvCjqxwNurQn8eGrKuP2uPg9/bFncx/FrwqtksbCSBdQiYuTjacg8YwePevzek/4I8fFu3VRHr/AIbwgGAksihjnuStYmr/APBKn4sabqVtpSaro819qCyTRxwCUxgRkFg0pXapw2QCecHFMR+pUP7ZXwSnkaMfFDwujL136nEv8yKRf2yvggsgiHxR8L5Jxu/tSEgfU7uBX5fWP/BJP40X95eCW88P2SxyeXHI9yzCVcffAAJHPUEA/hV5v+CP/wAW9NljddZ8O3ZkJDhZpFHAJxgrz07U7Cuj9NL39s34IWKqX+KHhl9xx+61GN8cZycHgVHJ+2j8EY/LJ+J/hkh+mNQjJ/IHivzJuP8Agkj8YU1ZLWC40A2kwZ2vhdMFi6YUoRuJOTz04q9/w57+K7Qwyv4k8NFsDMTSS8YPAJ2c59j3o5WHMlufpTF+2h8EpY2cfEzw2qg4y1/GM8A8c+hpi/tqfBB4TL/ws7w2EGODqEeevpmvzOm/4JI/F2e4t4vtnhmKCFCBJFLIBId5OCCCScE88YAFU7P/AIJL/GeS3dpJNAtJFViI2uyxJDYVeFOCRyCeB36ik1YSkmfqHb/tlfBO4CMPif4XRGGQX1OIfhyetR3n7aXwQs0iZvid4bkEsgjHlahG+CfXBOB7nivzY0//AII6/FXUo0abxL4asHABZWeV+SMnJVCDgkj8KsTf8Eb/AIoW+14vFfhqZy3JBnGPfJTp+tIs/SO4/bM+CNtvMnxP8MgKcfLqMZz7jnke9Rzfto/A+GGOU/E7w2UkB2lb+MnggHvxyRX5sa9/wSD+LcNq88HiLwzf3S4VYYmljYj1DMgHHX3xWL4k/wCCRvxk0GOI6bqGga9KwYMkV00ITIByTIoByeMDkYyafKB+nd9+2Z8EVsWmPxM8NyrtORHqETN0xkAHJ6+ldl8IPFGjeLvBtpqOhXUd1YSKrR+WQyRhlBCq4ADgAjDc59TX5G2//BKP4zrNJb3j+H7KxjjL/bmuw6kgDaNgBJJOeowOtfpl+xh4T1n4f/A/SvDOvay+rX+jYsJGa2ESQFFUeVGw/wBYi4wHxkjHei1tQPfk6Cn1GjMyZxg9s06PdtG7rSAdRRRQAUUUUAFFFFABRRRQBieIvCWjeK7IWus6TZ6vbKdyxXsKyqDjGQGBwcV4f8O/2NfBnwz+OmufEnQlWwu9SjVE06G3VILfgCQx4OcsQCeB04OOK+iuvWmeUuScYPtxQA2KMI2QDyOeePyr5I/4KIaLDq2i/Cw3FhJPHD4ttSby2j8y4tskYMafxbiADwcDJr68wBXyF/wUXuns/Cfw3ljuxYSL4qtAt1AS13GSwGYYwR5hIyGHYc0AfWlkMQxjcXO0ZZhyeOp9DVqs7RZWk0+3JZnHlL8zAhjwOSD0J9K0aACikozjGaAPNv2hPiTYfCP4P+KvFeoS+XBp9k7KFB3PIw2ooODglmABx1NfkT/wTR+EumfFj4+JqeuadNqOmaLGbtY2g823885MZkckbSMEjGckHivqf/grz8VtR0fwn4e8DaVqiCLXFkk1SxAjYiGN42jY5BZcuAAQRnBGDV//AIJA+AZdF+DviPxLdWMlq+sagBFPPCyGWKNcAo5OGXJcZA6g88UAfoDZFPs4VOi8YxjBHarCqF6Co4YxHHjg8/5/SpaACmNGGyCMin0UAY3iNfL0PUyJLiP/AEdzvteZV+U8oP73ce+KtaXaw29jD5SsAyhyXUBmJAJZuPvHv71F4glWDSb2VvPKxwszC3UtJgAk7QOpwOB3OKsabcLdafbTLuKvGrDzAQ2CO4PQ0AW1XaABS0UUAJQOBgdKWigAooooAKKKKACmswVeeRTqZJ90844oAzrOSVtUug1y0sa7QsXlgBMgnO7vmtSs21sZYtTmuGuZHidFVYWA2rjPII5J571pUAFFFFACUgUKSe9OooAKTGKWigAooooAK5/xFZyXl5pTJaR3Xl3G4+ZIV8sYILAAjccHociugrA8QXUtteaWIobaUyT7C1xP5ZQEHJQYO5sDpkfWgDciQRoABin1FbyGRSScnOOKloAKbtGSadRQAzy14GMinKMAZOaWigApKWigBuwdSeaUALwOKWigCC6mW3t5ZHJVEUszAE4AGSeOtV9Nu4tQtIp4HZ0YcMylSfcggEflU92rNbShHMTlTh1AJHBwQDwag02OVLOETTNcSgDMrKFLfUDgH2FAF+iiigApKWigBu0dR1paWigBCAwwelG3GMdKWigAprKGUg9KdRQBlalcR2t1YoZzC0khCptLCQgHgkA445z7VoQsCpIOR13HvTnjSQgsMlelKqhVAAwO1AAy7u5/ClChRgdKWigBrLu70vToKWigBu0bic4NL0GKWigAppUZyTTqKAG7R6n0qhdMGWQbd5wQFJxu46DGcemSO9aFVLpN0MgKqysD8p4B45BPYe9IZleG4RDpdvE1hHpzRg4topPMCDJxhhjIOSfbpW0tuituC4OOv9ax/DMCWulwQpaQ2QXP7i2Ysgyc5BIGQep9DW8v3aLCGeSozxn1pRGqgACn0UwG7eAMUmwcY/nT6KQERh3ZB6E5NL5I24ycYwOakopgQfZ03AnJIIIJPoKkEYGAOB6U+igCKVQVIIz3HJrJuWb+2rNBePFG8chNuItwlIAwxfHykZ/HPtWxIDsIAye3asq4guW1q0dbuSO2VZBJbrErJKSBgliMrjnABwcnPSgDRW3VW3gYY9T/AI+tO8vcoD9fbipF796KAGNEOR0HsaTyV7AD8KkbpQvSgViL7KnAxnHTineUu7OBn1qSilsMjWMR5AGB2HanGMMpBGRTqKYEMlskgGVwR0IpGtY2XlADnIPfPrmp6KAMnVLNZ7WaFZmgEi7SyAFsHg4xyDgkZ7day/B9vbWNncWVrLcTxW85jKyqQsfAIVcjlQDjOSSRmtrU5EhtZZHTcADkAEk8HjgHr0/GsfwbFLHp8gmfDs4YwpgxREqDtQ4GV9zzT6WA6WP7o9afTEztGQAcdulPpAFFFFABRRRQAUUUUAFFFFABRRRQAV8qf8FCdQtrD4b+Dnmu7u1m/wCEosfK/swH7c2H+YW+P4sHng8V9V18df8ABSux1GT4e+Ab/To5Hks/FVmT9jB+1/MwXEJHRiMg8jIOKAPrDQGV9NtiPO3GGMn7QAJfuj74/vevA5rVrJ8PFm021YxSRBoE+WcYkHA4bHGQOuO+a1qAEqleT+Rl2fYijLFsBcDJPJwAeO5q71+lcp8TfEVv4Q8B69rd5byXVnY2Ms88UUYcmNVJY7ScMAATjvjHegD8W/8AgoJ8Qj8cv2utS0bRY1uRp7JoNp5ZIEsyt8zZBIILscEYGAO9fsj8C/A8/wAOfhH4Q8M3rW8t3pWmwWkklqpEZZUAYjPJBIJ5555r8TP2fvhqPjt+0Zo2qvrun2lle6kdRu1sJzazWkZlYKFAHysSEACnALj1NfvPp8YjtY1UllVQAT39/wAaALVLRRQAUUUUAUdTtFvrO4tmd4/NjZN8bFWGRgkEcg+9T2sP2e3jiDM4RQoZySxwO5PX606aMyxsu9kJGNynBH0pIIjDCiF2kKjBZzyfc+9AE1FFFABRRRQAUUUUAFFFFABUcvKEDrjv0qSkYZHpQBlWdrLDqkk5uZpYpUA8lyuyMjuoABGepyT0rWqtHIGuHQBgQASSOKs0AFFFFABRRRQAUUUUAFFFFABXLeLNLttSvNIe40/Tbw2t2s0Ut9gPbtggPFkH58E4xj611NY+s7GktBItoymUBftBw27HBT/a9KANG1ULEAowO2DkfhU9RQMWU5AByeAf51LQAUUUUAFFFFABRRRQAUUUUAV7r/j2l+Z0+U/NGMsOOoGDk1R0W6NzY27f6QdwGWuoyshwSMkEDBOM9Kt6kxSwuGAmJWNji3AMh4PCg9/T3rM8Oq0Ok2QklvJX8tQZL4ATk8nLgdD2PvQBvUUUUAFFFFABRRRQAUUUUAFFFFAFC+YrNbYkkTLnKoAQ/wAp4ORwO/4VahzjBJYdifpWbrIYzWZDToPMOTH93G0/f9uOPcir9tI0mcjA6jP1P+FAFiiiigAooooAKKKKACiiigAqvcKWjdcK24EBWHBOOh9qsVBIxVS+R8o+8xwBQBgeFZHGiRsFskIZ1C2BJhGJGGQTgZ4IIHcHrXSJnaMjBrn/AA1cRT6aohls7hfMky1lgxZ3kkccBgTyOuc5roFztGetADqKKKACiiigAooooAKKKKAGSHCkgZPasi4lK6vZYe5XcjjZGoMTYA++cHBHOBkd+DitWZiIzjr/AJ4rDuriaPxJpsYivHhkSUtJEB5CYAwJD1yedoHcGgDfXAyAMU6kXp0xS0AFFFFABRRRQAUUUUAFJS0lAFe4IPBPGDkH6VheGZEWO5hhQQQRyEKsa4hC4GAh2gEEcnGcEkVuylcsGwB3J57c59sVR0e3tbeJxYuptWfKpDt2A4wQAOnOSfc0AakWNi8dqfTEAVQAcjGAafQAUUUUAFFFFABRRRQAUUUUAFFFFABXyV/wUejupvhT4UEELXcQ8UWBltbZit3P+8GFhYEBWz1J4x3HWvrWvlf/AIKGW7XHwn8MpJGLiwPifTxcW6ymGaTMmFEcnRCDzkg5xjvQB9KeH8rpdspieHES/u5WDOnyj5WIJyR0OD1BrUrL8PxmHS7SMrIgWCMBZDuYAKBye545rUoAQ96+Rf8AgqB48m8G/sp63DZyxpPq91BpzAsVcxsxLBcd/lGe2Mg9a+tZmx3wQM4zX40f8FZfHFzrH7QVlokWtNfWWn6dGW05VdY7aRixBIJ2uSCCSMEDigD1r/gj18KYLqy8ZePr2KCd2kTSbXzIsMoXErsM8YLFRgDgr6iv0/hBVcZyPrmvAv2G/hqvwu/Zp8JaSZRPNNCbyWVZA6O8p3koQB8mTwCMgV9ABQvQUwFooopAFFFJQBDM4jjZwrSY52jr+tLbzedEj7ShYZ2nqPaq95uaOVQGkBU/JG21+h4B45J4BJGCar+HWdtFsjJbXFm5jG63upRJKh9HYEgkeoJoA1qKKKACiiigAooooAKKKKACmSZCNgdvXFPqC6d0iJRdzZ6cevPWgDL0+zMPiG9n8y8ZZIY1CyS5gXBY4ROzc8nuMelbdZlpeTyalcwPayJAiKyXGBtcksCBg54wOoHXvWnQAUUUUAFFFFABRRRQAUUUUAFct4xknhk0kx3On2sZvoxKb9CxkBJASIgjEhOME5+ldTXNeKbqS3m0pEv7KyEt2iFbyMuZhkkomCMMex5Ax0oA6C34jxUtRQZ8sZwT7VLQAUUUUAFFFFABRRRQAUUUUARzZ8skcViaHLc/ZVNyGLmRiFkHzqmeAxBOSO5HB9q2bj/UvwScdFOCeOgORzXMeB75dQ0SAxxXUOyR4pIryUvNEysQUdwzZIx1BIwRQB1tFFFJMAooopgFFFFABRRRQAUUUUAZGr3DRXdiiwzyeZIRuh+6hwT8/I4Iz+OK0Lc7gTjAOCOc9v0rM1qEyX+lkQ3UgScsXt5tiRjy2GZBuG5ckADBwSD2zWlbZ8vJABPPHSgCxRRRQAUUUUAFFFFABRRRQAVHJ8ysoxnHcZqSkI60Ac94aikj04pI9k7iWQlrCMRxH943YE/MONx7nPSugXO3msjSbo3FmXEkUn7xwHt1IU4dhjBJORjBPcgmtdfugnrQA6iiigAooooAKKKKACiiigCC6wYWXGdwxjp+tc1dRpP4w00ql8ZIopmLQThYFBAA81MgknGFODjB5Ga6ibHlk5xXMapIsPiTRnFtfzljJGJLdmESZUHMoBAIIHBIJBBweaAOpXpTqijznBPQdO/41LQAUUUUAFFFFABRRRQAUUUlAFW8lMcbMF3FRnbjOfwyMisjwvhrW4kbyWdpCWe2ULGx6YABPIGAfcGta8eRI2KrvOOF7k9v8msXwpdTXdtcPKyykTEGWEYiYjAwo3tjBGD6kE4GaAOkVQoAAwBTqjhJaNdwwccjFSUAFFFFABRRRQAUUUUAFFFFABRRRQAV8k/8FKrGO7+BekyzSXjRweILFvsdiD5l0xkAEakfdYnocjBr62r5X/4KKMy/BLRf9Ha9ibxRpaSWqHaZszjCgjkHPQjvQB9G+FNy6Fpytb3Ft/okJ8q6bdKhKDKucnLDoTk5IPJrbqho6BNLtAsbRKIUAjY5KAKPlz3x0zV7NAFHWNQg0nT57y6lWG2t0aWSRuiKoJJPsAK/BB/tv7T37bCPpVmb6z1bxKJFhedpE+yRzAuS75O3YhODwN2BX69/t1fF25+DP7N3ifWrGBLm/ulXToI5G2jMx2FvfAJOPavzw/4JLfC3WfE/xnuvGqo40rQYJLeW4fBRmkVdsa453AAHPTB6UwP2E0mxg03Tbe1to1ht4UEcaKAAFAAAAHTir1QW4wp55yc8/rU1IBaKTPX0ooAWkNFIxHTvQBWkZv3mE346KDjPXjJ70tiD9liLxGF9oyjNuI46Z70lxGsySIw8wMCCuccEdOOn1qPSraOx0+2ghQRxRoFVVYsAMdAScn6mgC/RSZ5paACikozxQAtFJRQAtFJn14ooAWorj/VnGc+2P61LTJPunuMdKAMuzvLiXWJ7d7KSO3jiSRbpmG12JYFQOuRgEk8cjFa9ZNvaKusSTqgWQxqhfccsAWwCDwACc5HX8K1frQAtFJRQAtFJ9aWgAopM0Z9qAFopKKAFrB15nWSyzdx2sXnoGWSIP5mcgIDkYJOMEZNbtZWtOkMdsZLlLYPcRoCy53En7o9CT0PagDQt2LRjd1+mB+FTUyPAXg578U6kAtFJn2o+lAC0UlGfxpgLRSUc0ALRSUtAENxGs0Lo4JRgQQCR1HqOlUtG09NNsYreJmKxjb87lyeSckkkk+5Jq/JlkYA4OOuf1rA8O+elhAtybgSszHy7ogug3HCsRwSOx7g4oA6Oikz6GigBaKSigBaKSjn0oAWiikoAWikooAr3EAmkjY5yhyMEgdO/rU0f3QfWs7VIY5LvT3eF5THMWVlYgRnYw3EA8jBIwe5B7VfhYbcAYApAS0UlFMBaKKKACikz+dFAC0UUlAC0UmRRn2oAwtBu476zklgu1vEWWSPzIlCjIYgqQOhByCeMnmt1c45rH0e1ktbdklmSdzI7bo41RSCxI4HUgYBJ5JGa11xgdqQDqKKKYBRSUUALRSUZFIBaKSjPUUwGSkCNieRWFfNH/wAJFpRa1uZHIlCyxsRHHwM7wDg54AyOCD61vtjaaqSXBhuIkEDOJMkyAYC46A0AWlHJOMHvT6aueTnNLnpQAtFJnqKCaAFopKM0ALRSUZ9qAFopAetGevrQBn6jAtxDNE5wjoQSCQcEEHkEEHGRkcjOawPBLQyQXclruli87YbrzCVmZRtZghJK4III4yRnmuqkycg8LjP/ANas/QbyC8tZXgnS6jWeRfNjAAyGII47g8Z9qANOPO0ZOT6in0lLQAUUUUAFFFFABRRRQAUUUUAFFFFABXyN/wAFNPPb9nmwjtk8+6fxFpwitt5Tzm80bV3ggrk4GQRjPUV9c18of8FJAp+AenB4PtY/4STTALcy+UspM4AUvkbQT/FkY60Ae6+BrHxCvhPRV1WWK2vltIVnt48sImABIDkksQOCSTnGfetvXLXUbjYbO/WzQIys2wM2SAAwzkAjnggg56VL4VVl0HTw8H2dxbxgxed5uz5Rxvyd2OmcnPWtSbOAcZH6/UUAflX/AMFZvjVrul/Yfho97HJpuoFdUnTzInZUU4jUAKGUEjdk5zkgHANe+/8ABOv4R+OPhp+zfp6XJs7WTVr06vFGMBjC4+VXYKTgjBz1GABwa/PP9rLWr39oL9tbxLptgbi+kuNWi0OyUKG8hUKxsADwQGEhAPHNfuH8OfDP/CF+B9C0AXMl4NLsYbTz5BhpNiBdxHbOOn6mnewEekaLrNiLeW81uS9dbeOCSGSKMIzhiXkG0AhiCBjOBjp66F9FcG4Xy714VZChUAEDJHz8g8j6455rZwD1pMDnIz2qUBjyRXtxORFObeNVYFtoYsSCAcEDGCM++fSrlv5iwxhnLuAAzEckjGTj3P5Zq5g8noaXHU96YGHt1C9tVaWUWc3nZ2xYddqsSOT3KgA+hNZ2pWmsyNaQWdyyJ5xknu9wD7ckqgQowIJwCeCAcg5zXW7fYflRx6UwONj0HV4miJ1ya7bkTQ3EcQjILZySqAkgfKOQD1Oe/PaH4L8RWmmwJa+Kru3WIThLY28JiTdJlApMYYhQCoPcHJycGvSbhCyvxk9QvY9sH69Kp+GbJtO0GwtZLaOzeKIKbeNy6oR2DHkgetFwKuhx6lHC8upOGnkfJgjYOqDAGFJVSRxnJ55rfX7o7cdqXHfvRQBWmjklxtdotp6jvx/ntWK2k6g29Tq90vyxjcEjzlWO4/c6MOPX0xXR0Y9OtIChYrJBCsbzSTkEnzHAyRnpxVhllMb8Kzfw+lTgY7YpaAMSxXUmkaS5aMB5A4hUEmNdoBXPc7hnJ7HGK0Li3kmCbJmhKuGO0ZyB2OfWrVLQBDIXOSrKFxxxnmjLiNgSGf24qWorhS0LAc98CgDBtbfUf+Ejnke2tordlUfaVB8yQYbCkdAVODnJzkjA61szRzeT8kiiXB+ZgSuexIBHAqtax/8AE2mkCSZMSqZGkyh5PAXPB9TgZ4rTNAFK1Wfy0Mzq8uPnaMEKT7DJx+NQ3keo/aA0EsYgOAUaMk9Rk5yO2a06KAMu4+1TWj/ZzHFcso2iZSwXB4yAQTkehqk0WtNOGNzaiFWdiDE2cEAICQ46HJPHI4GO/Q++OaMdjTAyNmoeYP3sLIzAn922du05Gc8c8g84HHvVC8s9fkVGt7+0SRmiL+bbsy7Qx8zADAgspAGSQCMkHpXTfSjn15oAxFh1NgBJcQglWyY4yBndkEZJ52jBGeuTx0pskOqYlCXUJDGQoTESVBxsBOecc59eOlbuPWikBkQx3zTRNNOoRWyUUEbhtwRyT359ulV9Y1CDTXhlvJ/Kt5JY4ow6gjzC2ABxnknrkYwK38DqRWTrcyQm0DzrCjTomDHuLknhR6Z9e1MCCZNWZWMNzbjKgYeJiA27JJ+bONvGPU56VBdJrMlrNFFc28crLII5BCSEJI8skbudozkd+OmK6GPBXI49R0p+PbFFwOfki1Zri0lN5GsUMxMscMRBlUoQFJJ4wxDZHpipvKvFvGxLK0bbWxgbFxkEA4yScg4PpwRWzgdxmloAx7WPUvsaNPNE12ANxRCsf3iSQCSQccYJNRWv9pjd9omt2IkkI8uNl+Ut8gOWPIXgnjJ5GBwd6k2jrSArws/zZQqMAgk5/CqM6X8kyrDIsSbWyzxluo4AwR0PP6Vr0UAZrreKIFjkjB3DezKTkY5HXgk81efO372yn4HpRQBgXEOuMoMN7Yxnaw/eQOw3bvkPDjgLwR3PIwOKyNHsfEum2xE13aX4892SPyWjZISRsXJdskDJJ5zwBiuymUbM8jn+GsXw3avY6PaQm1ntGjU/ubi485kBY8F8ksec5yaAG+Trawgi6tN/mKzeZAxGzAyBhh8xOcHoM9Kn09dUMyteS28i7RnyY2Q7snPUnjGOOorZwPSjn8aAKmpLdNp862UkcV0UIjeVC6hscEgEEj6GsqH+2TAQ0tosoVuPKYgHAx0fsc59e2OtdDSYxkimBi3A1PERgkt0kUjzWmRmUjHIUBhjnnJJ9PersyXbQxiJ40k3AuzA4I74GT/OrmB0PNOoAiJPl4GQ3Qcfris3VodRmRVs7qK2DKwd2jLPnBAK84BBweQRgdK1qKQGRZJdqSZZ1mQKqj5cNkZBYkEDk4OABjGKhv4NVkQC3vIYHIUBjCWGQ2ScZ6FeMdjz7Vu8UUAcdeWPiF7RUjvbV7ppJtsxjYCMMT5Z2hvmCjgg4zgEEVtyfbW8pYpY1ZD+8LofmGDgjngZIP0GKl1QFZLRhBJLtk6o+0LweTzyParcKtySPT/9dO+gFLSor5Xme7uUn3BVCRpt2sBhjyT1POO2KY0ep/288wuozpfkBBbGI7/N3HLb89MY4x1HXmtYfTBpaQFWzEqxsJWDOGPIGOO3GaW7EnlSeUBvIO0kcA4OCR35xViigDmzb6y13Hi6iMTFWOI8bQFG5evO5snPYDFX9LhvoNHtYri6S5vFUCSbyyoc9zjtWrgDoKWgCCQTbRsZQe+RVC8S+N1AYZo441OZd0ZbeMcAcjH1rWpMf5xQBiXCX6yBo5EdFXcdgIYsAcDk4wSfwxUOn/2pawkXbx3bLEv+rUq8jAcnk4BJ6Dt610PNJt6+tO4HnvgjxFquvWs7RLHc2Ec7QxXz4BkIkYOCg6FCChz12k966ZhqP2woShiUM4YIQDkgIOvVQCT6g8Va0v5rcAyJKSz/ADKu0feIxj1GMZ71pc8c/pT5vICKTzTEAjKHx6cZx6VRX+0k08LI8Ml6FyWWNlQn0AzkccdetalLUgZlr9s8kS3G3kbvLVSGHsTnHFRq19fW8Lxqto/PmJKN3YgAYPrg1rUY60AZV5HeSQqsLrC+4MzMhKlQeQOcjI/Ksi0h8TLdKZr3TXtjEAyx2sitv3csCZCCu3AAwDnJyRxXWUm0elO4HMao2sKYZrV2kdnaIRRqpRQwOySQEhjtIwQrDOc4q6kepiQESwBcgbWibONhHJ3/AN/B6Dg4681t7RyR1oouBz//ABObe3drgw3G2NAEtoiGZgDvIJfAB4wD0xyTmsrXLfXJDpcFpc3EDMwaS6SNSEwQSrruAO5cqMA4IJrspl3Ie3fpmsLUtEF1q2n3jC4lltmbYEuWRFBHJZAQG7YBBxigAWHWJvNc3cCDa4jXymxkn5S2TzgDnGAc0Sw6u0MointomdmCebEzFBtAGSHGTuyc9wQMA81tQrtyMZ4HPT9KmxQBgWFnq1r5ZuruOdikYfbEQMhSHI543HBA5xjHNXit2zEq6qhxwyknIbnnOMEfrWjRSAz2W5WKQgq0nzbeDjGeARkdqgxqPmMA8ITJ+ZoznG0Y7+uSfbj3rYpPrQBQ09b5Y8XTxu3HzRqVB45OCTjJ7dqi1S3vnYvY3CRShcBZkLR9QSSAQScZHXv0rUooA560sdWhW5M16krSM+0LGAIwSNgGByAM9cnmp0i1OEYaWGdVCBUKFSSB8xLZPBJyMAdMVtUc0AYzSagtqXJimuERjtUFVYgEgDJOMnAzk9D0qr4W1Ke+tZxL9nkWOUqstpgRuOpOMkgg8HJ5OeK25DtY5GV4A7HJPSsDwu0Fxeaxc29vHDDLdFRMjkmYooViQR8pBBXjrjPegDpImLLz1+h/rUlNj+7npTqACiiigAooooAKKKKACiiigAooooAK+Tf+Cllut5+z1ZWr2a38U3iTS0e3kcokimcAqzDkAg4J7Zr6yr5V/wCCkOnvffs5kx2xvZItb0+RbXblZiJxhHORtQ5wWOQAc4oA+iPBNqll4b0y3js108R2sS/Zo5PMWMBRhQ+TuAGAD6VgfHj4gab8L/hP4l8S6tdtZWVjZSOZVxu3EYVVz1YkgAe9bvgNZV8K6SJ7SDT5vskW60t5TJHCQoyqseoHTOOa+OP+Cu3jqfw9+zvp+gWyKza9qcccrvEWCxxYl4YcAllQYPUE46UAfDn/AATP+GsXxP8A2otMv9TR7s6HC+rTNKrOzzAkKzNnA+Yg5OcnjrX7i2sfkpsySVGD6fUV8I/8El/hva6F8EtT8YT6V5Or6rqE8UV60ZDTWqlCu0jgrvDdDjIPpX3pHnnOevcUAPooooAKKKKACiikoAqSBv3gKluOACQPpnsT60umqFs4B5Xk/IP3e7dt9s96jvVdoZtmJGZcBHOFOR0yOgPc4NUvC1tc2uh2MV1DBbXCRgNDbMWiQ/3UYgEgDvgZoA3KKKKSAKKKKYBRRRQAUUUUAFMkXcpBOKfUVwCYztGTxgfjQBTtrWOPUJJwMyuqqWyegyRx2+vetGsm2hmXWppDaxrA0SgXG8lyck7SuOAM9c81rUAFFFFABRRRQAUUUUAFFFFABWF4immiFoIr42HmXMaFhB5m8E4Ke2Rxu7Dmt2sDxVr1t4ft7ae5lkhSS5jiBiiMhZmYADA6A5wT2oA2oc7Tk5PripahtnLx5Pqegx3qagAooooAKKKKACiiigAooooAZJjYcjI61heGbUWej2sAshYFAR9nMxm2ZYnG88tnrn3rdkzsIAz+Ncp4G0y90/R1iu4ILNxK5jt7aUSxRpuOAGKqSCOckZyTyetAHW0tJS0AFFFFABRRRQAUUUUAFFFFAFHUJriHyjb232jc2G/eBQo9eRzVmIHkng+mc/jVLVrGC/8As4niWRY5A67jgBgeD9farsIIUZ5Pr3oAlooooAKKKKACiiigAooooAKKKKAOa8J+f9kuEutTbVpFuZcTPB5RUFiRGB3CggZ74rpF6f41heHJnuI7pnurq6xcSKGubfydoBIAA2jKjoDznHU1ur90cYoAWiiigAooooAKKKKACiiigBjqDwfrVCbToLi5inmjLSQnKMSVA9sA4P5VpU2RQwGelACLxkY4+tPpoYdAc06gAooooAKKKKACiiigAoopKAIZfvD5cnHXt9KwNDaWe81N3tikPnkJcmQkzEDBGwgFcYx74z3rdnY8ZU46k/TnHFYvhtra7W7voUkEks7iRpYWhclSVGVbBxxwQMEYI60AdBHkAAnNPpiZxzn8afQAUUUUAFFFFABRRRQAUUUUAFFFFABXy9/wUUZU/ZznLGRx/a1ji1UHZdnz1xDI2QFjbozHIA5xX1DXyz/wUis768/Ze1hbC3kuXF7aM6bgse3zQCZSSMR5I3HPAoA998G7Y/B+kMLSDTEW0iYWdvIrxQ/IPkRhgEDOAehxX4/f8FPPjRqXjz42SeCLS7uv7A0OdcozmSN5pFXLALkFQoUAYJBZvWv1bsNasPA/wJttZ1GK3gsNL0NbidNNUyRRqkILiMDkqMHucgDrX4ifs4/De/8A2g/2ltHsdHiaK2uNVbU7sQybFt7ZZdzMA24ZC4AGCc4B9gD9sP2WvCU3gP4B+CPD89pbWU1jp0aPHZhhGWOWLAMAQWLFiMcEmvWaqabb/ZbOKIu0jRqFLPjccDGTgAZq5QAUUUUAFFFFABRRSHmgCndYbcMZBGDu4H09x+BqPRVK6bbKY4YjsGUt23RjjopwMj8KluoWkVxkNkYCnp/n19qj0e0az0+2haGC3aNQpjtgRGvHRQQOPwFAGhRRRQAUUUUAFFFFABRRRQAUUUUAJS0UUAFFFFABRRRQAUUUUAFFFFABWF4qvFs7W0Z5ZIxJdRR4jh83dlgNpGDgH17da3a5nxlew2VnbtcXl1ZRyXMcYktVLMSzYCnAOFJ6nsKAOgt+Ihzk89sd6mqKBSsYy273xUtABRRRQAUUUUAFFFFABRRRQAyTIUkdcd65vwi00mnkXEElnNHKytbsPki5JAQ4G5ccg4PXrXSyZ2n1rK0a4lurKOScwmXJGbdy6YBIBBPfHWgDXooooAKKKKACiiigAooooAKKKKAMjX/tIhgNpaR3knnx7lkfaFTcNze5A5A9a0oSTuyuOabdMAFJC43DqcVKuecnPNADqKKKACiiigAooooAKKKKACiiigDH0Sb7RDK5e4cLK43XMexsBiMAYGR6HnI7mtcVnafdpdNcsshfbIUwyFSmOo56+uRxWgv3Rzn3oAdRRRQAUUUUAFFFFABRRRQAVn6tNcwrbm2t1n3TKsm6TbsQg5YZ6kcce9aFZurxvItrsg88rOrH59uwAH5vfHpQBbjYmQgjnHXB9anqCJepzk4H06dh2qegAooooAKKKKACiiigApKWigCtcLxwcEHrkjnsPpWD4ZWANfNHI89w07Ca4lCq7EEgKcAEBQAASOQOproZFO3jg8dOtYeiWoj1DUnC24MsvLqMzH0EnHQDgc9MUAb8edoycmn0yPGODn60+gAooooAKKKKACiiigAooooAKKKKACvlz/go9eRWX7MeqeaZCJdQs4vKLFYJcyj93cEdISMhj6V9R18u/wDBSKxhvP2TvFbzWr3LW7QzxHgrC6yLiRwc7kXqQASQeh6EA81/b0+L2p/DX9ijSLbSIre2ufEUVtpclxpMhNpDA0RMixuDkggbQcEEE8g18/8A/BHn4d22t+PvFnjCS8ZX0m3S1gtEI2sZt28nPJA2AA+ua5f/AIKSfFpNa8N/CTwZZXdjLb2miQ6nLPpkm1PMkjCqpQDA4G4Yxwx6V9+/sB/B2P4S/s5+GoHubfUL7UYRqEt1CoAIlHmBAQTkKGIB4HJIHOSAfScOFXg555PvUlNUbRgDAp1ABRRRQAUUUUAFFFJQBGzcMQeVHfpmlhLGNdxVmxyV6VBcMcOFHKjqenqD9M9faqfhtr6TR7R9Se3lvSgMjWufLJ7kZ7dKANeik96WgAooooAKKKKACiiigAoopCQOpxQAtFQ8NIrbiMfw/hU1ABRRRQAUUmRRQAtFFFABRRRQAVi+I0eS3gCLdFhKhzZ43jBHJz/D6+2a2qwfFCLJZopuby1Jlj+eyQu/3hxgAkA9CemM0AbUP+rBBz9KkqOHG04JPPepKACiiigAooooAKKKKACiiigCK4BaFwADkY5+lYHhGztbHSIIrO3t7W33MVS1k3x8kkkEepOfxNdDLnYQOT9cVj+H45YtPjikht4GVmXZavuiADcAZwQSMnHY5oA26KSloAKKKKACiiigAooooAKKKKAKl7DDMIxMAQGDDJ7joanjZWzg59azPEH2xbVDYxQyzebGCs0pjUKXG85AOSBkgEYPQkAkjQt49i5HAPYdPrQBPRRRQAUUlGRQAtFFFABRRRQAUUUUAc/4euo7qC4KG4wk8iEXKFWyGPAyMEdwRkEEVvr2wOKwPD88ky3Qle7kMdy6hrpAjEA5G0ADKjOAec46mt9enFAC0UUUAFFFFABRRRQAUUUUAFZWtQSzLbeVbJcETKWMkmzYuDlhwckHHB65NatVL6SSNYvLVGLOAQ77eOenByfagB9upXIJ3e5OasVBCwb7p3Bcjd/hip6ACiiigAooooAKKKKACiikyO9AEckgAwT78enrWNoslvcXuoTQRxRs0m2RgCsjMvyncCARgjAPQgAitWYquScA4xn2rE0PTUh1DUbsW8cctxL80ygiSTAwdwKjgEYHJ4A5oGdEucA06mR4CAKMCn0CCiiigAooooAKKKKACiiigAooooAK+b/+ChOkwan+yL8Qmnkki+zWXnqyOy5IdeCAcleeR3x0r6P/AIa+fv28NL1jXv2U/iBpuh6c+qX1zYFfs8QJfYGBZlAByQBkCmk27ITdj8YvBfhd/jV8UfCWlvrz+KL+/wBQs9OOn2VrJDJ9hVsMUO1UUJGpOMZwD3Br+gTwtpNv4d0Wy0u1RYoLSBIY41UKFVVAAAHTAAr8E/2WdQ1X4G/Hrwt4u1PwT4i1UWI8yCwtbZklkklVkQDcMEEFzjr37V+h8n/BU/Tf7Sngt/hB4zmtoVDzTeWFZVL+WCEIyT5mUwDyQQOcgNxkhcy7n3p5ij2oEqnoePpXw5/w8+sby3vrjTvhH431C0tIzI8wszEvy580EsCAUIxjOSeMZoj/AOCk19czrHafAvxxduIDJIqwBVjYDcRvK7ThcHOe+Kmz7BzLufcTShcA8Z4GRQJ14IOQRnNfE2qf8FGr3Rri2ttR+B/je3vriLzIII4lm8xyCyxgqCNxjDPgc4BGO9Un/wCCmCtfLbj4L+OFLAbWe2KkhyRCCu35DIwYAHHQkZoSfYenc+6VYOoI6UjOFOD1xmvgvVP+Cp40uaaIfBHxxN5UayuZIjEQCQpJUoSAHO0HoSAOpxUbf8FTrmFpGuPgV40jhjzvbGSm0gMD8mMgkAjOcmnyvsF0ffHmDjmjzBz7V8Kyf8FLtTDc/Abx0sjSNCsWwMzSKNxVVCZYhQWyAR2qO3/4Kc+ZdXtndfBXxzbahCoK25tCWcscopG3KFlBIJBOVIGcHCs+xW/U+6WKliGbO7t07Hg+1JaosFukYVUCjG1RwPYV8JR/8FQogyC9+C3jizeTAiH2cyF2YExJwoILEEAEZwCQDVbTf+CqKLFCNT+DXjK1R495lSMOMGQxr8oTIBcbQT1PAzS1vawvmffXnDIGeT7UvmjIBODXwXb/APBUaC6mJPwa8bQadErNPfGAlIQmBIWGzPyt8p5HPvxVv/h55E1tG4+DPjiWXAWWOK2LBJAA0ighTkqpVs9ww6Y5rlkSn5n3P9oTrnjOM4pfPUkjuOvFfCN5/wAFS9MsdQNtN8IfHMXlhnlMloVZFUhiSpHGIyHOegIz1BpLX/gqLbahrUOnWPwa8aXUtxP5MLGIRF2ILoCGXjcgLcngDOcc1PyK+Z93/aE6ZpVmVs9sdc18Ij/gqhoRvWt1+FXjd4sKY5lsyS+4fuwFxkBmBUHocZGc4qvff8FUtJjtprm1+E/ja6ELBirWpRDDwpkDFSAA+UwepHXtRqOzPvXzU3EZ5xmk89NoYnAxnNfBlt/wVT0Vo98nwm8bxFSrOpt9wSNQfPkyFwRGSAfUkE46VIv/AAVGspGeOP4O+NknBMZSaDy18wHJUlgApEf7w55xjjvVqMpXsibo+8vMGMngfSo5JkXALY5HbP4V8P6d/wAFPNCvL63s5Phh42S5nYQeXHZeYTISSiqRgMGQbgRxjkZHNMuf+Cn2jQ30lufhb42a3WQxCUWg3bmGIPkA4MjZUZOM8jPSo+Q/mfa3mhtRRS0YMSlgiyHfyCOV7jnrWh5q85OP89a+BdP/AOCoegTeJpnm+HHiq3s7e0DTyHTS9yp3hHyRgBEYFST1YgcYNdNH/wAFQvAM6skfgzxw90pdTbx6MzMChxIBgnJQYLenAOKqz7CXmz7UWVWztOfwpWkCqCenrXwfYf8ABVjwtdaglqnw38Z+Y5kTatpubzFyxj29STH8+OoGOMHNWbj/AIKt/DyR1gh8G+M5ZJEUpGunZZmYZjUAE/eAJB7gZAPNHK+wXPubzF64JHrjimtNGu0E8scDg18ITf8ABWDwN5g8jwN4wuLeTEkcy2oRTGQFVhnPBl3RjBIyOvOBftf+Cpvgi5jQz+DPGFqI2DSt9g3LEigiRyQcEI5CHoCSOR0p8suwXR9w/aF4574NHnLgEHjOK+FNO/4KoeE7i4uIbn4c+MLQR4YSLZ78qBumJHG0Rrgkk8g9utTD/gqr4JnhH2PwH4yv7jBZoYdOJ2kktGCRnBaMFx6AEcgZpcr7Bddz7n8wcAc/SkaULyRxXxLb/wDBT/whcQXHkfD/AMbyzKQLeOHTC4n3DEIUjgeYQQOv3T1way5/+Cq3g21wbvwB4yt4M75ZJLEqI4wMFyDjKq/ydRk9+1HK+wz7v8wcZPWsDxdMYdIeaNtQBjkQ7dNiDzH5hwAQQR68ZxnBFfGNx/wVX8H29mrN8PPGZuWCnyHswpwBmYlj/wA8wATxzntWZq//AAVG8L6ppcYuPhx44tpROI5Ft0ClJAdwQuByCgL9BkA9uaEn2Fp3PvuOZVXBbkD3qXzBgn3xXw9B/wAFRvBl5ZXTW3gDxtPdIwW3tl0tm8/cMxjI4BcZIGCcAnntTuf+CqnhWxt5TP8ADrxpHKrDarWWA8RU7JckYAZxtAIwTk5OMUrO+wcy7n3aZVHU45xTfOVsEHr04r4csv8AgqX4El2yX3grxpYxeWHDNpjOWIOHAAwCFbapPctjAPFMT/gqL4dkhuXk+GXjmKWFtixtprEMVJMgJA+UqmGIOSAecYyXytdAuu59zrMrc5yKTzl3YBycZwK+FrL/AIKoeFZxDJN8OvG0NvIrATLYFwZOqKCBzuj+cEdBng4zV5f+CoPhKa4jjtvh942uo5WAiki0wkOGIERAAyRISQPcYGTU69guu59trMjMQDk8Z/Gl85dw5z9K+ItJ/wCCn/gq6uGXUvBvizQ4TEHjnuLBtrOMqyAgdRJtjHXLHHB4qtB/wVU8CyNM83gnxfFBCvmPIbHIVF+WUtkjGx8KQe5GcHAo17FNWPuYyKuc03zVyAeD2zXxXP8A8FPvBEDS/a/BPjKxKxl41udOZDMFIMgUHqVQhz2A54758X/BVDwhm1kl+HvjSKKVyjOtjvAZhuhVcfeMiEMAOQOeQaPkTp3PuV2DKQTg1k6Ra2FnGyWSwRReYzstuqqu4k5Jx3PcnnNfF0X/AAVb8DXNtJNB4F8YShmHkstiSsisxWNg3cOwKgdyCBnBrN8Of8FRvBNrp8l1qvgjxRZ3U0rO8Npp5eIKDtJDHAJVsK2B949uhNewH3w0yqQDkH8/wpfOTJwenWvhqb/gqh4Ot4YmHw+8bGUuUljbTypikXmVCT1KJhj0OPTrUI/4KqeErrzYbfwB4wa5LeXHGtqMs5AaNfUbo8vz2HvkCv2C6vY+7BMrZwc464pWlVcEniviSP8A4KieAjau8PhLxddTAF1jt9OLllYAQvnPCyMSoB6EY56VHqX/AAVK+Hlo1vG/hLxlG4wb3zdLMZtVBKOzZJyFkCr25YfQuzfQLrufbxlVckn9KDIFyDxgZPFfCV9/wVf8FWmoR2r+B/FKKwUO80AiCMSPMUg4OEBBJ464qzqX/BVDwLb2d09n4O8WahLCzJGsdkVSSQHKqHIIG5AW6ZwDx3p8r7Bddz7jaZFAJOKUyhVyTgfSvgub/gq74WkjtDB8OfGE89wxKqlqOUIzCw4O4SHgY6HPXFdBqP8AwU++HlnY2lyvhzxZNbyiORpU05toVhhyCeGCSERNg8McdeKTTXQa1e59qCQcA8E0nnrkDcM4ziviG3/4Km+BppoxL4J8YW9t5oikurjTyscWD++LnnHlqQSOuPSqV5/wVQ8Owy3sVp8NvF9+0DNAJbe2Ox5AQY0BI4LoTICQDjsRzVOLXQV13PtnXJm8uAI1uv75CftBIGNw6f7R6D3q9HcLzkMCAM7h7V8Ea9/wVO8M3WmvPYfDbxRc26lZZLi8sj5KKG+Q5AOGZgyqSQAwBOcEV0Gl/wDBT3wnqGmz3E/w88bW3ljziYtOMq+UuFeTcMDCuSh6gkDnnFCjLsK67n24soYKQchunFHmqVJDcV8Izf8ABVHwra2NvJL8PPGMUrS+VKstrsWFgxDqGI+ZlUBiMZ5xx1q1df8ABUbw5p9it5d/DHxxZWkxkWzuJrAqlywP7tVJAwXBJHXGO+aOV9h8y7n3I0qhQeo9aaJ484BOcZxg18P2v/BU7wJNbyyjwV4y2K2VxppIaMgBZcjgAy5j5zz9QK0PDX/BTbwFq8lwdS8OeJNCMMYcrfWT8suRMAAOAhABJ4yecYNJrl3Q0ubZn2kZkGQTz3o85eCOhz29K+JJP+Co3gCGOGKfwn4ugumwskbaay7JM5dST3WPEhOOh6d6ryf8FTvARunhXwf4smiYtEJI7EkSFhm3CDIJ81ckd+D1pLVbDejPuMyAEjP+fSk85eOOK+K5P+CoXw8drEJ4Y8XJFcHBnudNaJApGFkB5BDSEICOMkdelRSf8FSPh1Yw28t54a8VQxNEkhcWJbaQSJ0JOAWiOAwHcjpR8gPtvzVGcnGOtIJlOQDk+gr4lb/gqT4AkvAF8HeNJIAjeYy6UxaJkJMisoPBVNrk54Dc4AzVj/h598O/7Htpx4V8Yy3VzhUt10piQzElFL5xlkG8AZypBHHNPlfYR9caIskbXYlnurgm4ba10iqVBAIVcAZUZ4JyeeprbHbnJr4W0f8A4KdfDGGeeRtD8c3CXFw00LPpxnBjYhUKAEYRmUgAk4IPritS6/4KnfDWyuI0l8LeNIY2TzC0mkFdq7trHBPIDcEjjPFHK+wvmfau8c54xR5g9a+Ln/4KheAlmihHgrxw8krNGif2KwZmjGZQBnkqOTjoOuKRv+Cn3w+aaJLbwn41vS5CEQ6QxdXfJiQjPV1BYDrg5GaVn2C67n2isgOOeO3FK0gXBP5Y5r4fj/4KrfDWS4EaeGPFrKrlWK6cWILcRjGerNlcdiO9Wv8Ah6d8MfNjE2g+K4UcK6sNKZsrgiTv1RhtOMgEYquV9guu59r7hjOcik8we4/Cvi+D/gqF8P5zJG3gzxwkinYY/wCxWJLAZZcZyCq/MR1x6Vm6f/wVO8CalHcTReCvGktssnlwyxaaZRITnYMAnaWw2Ac4296OV9hXXc+4WmWMZY4H0pRKpXOeK+H1/wCCongqW+ngXwR4vliWRViuI7EssisoKOBjIDNlQDzkZFRL/wAFVPhzHrk9kfDfiieCCBJZZIbEs0ZKkurJwRsIUEnjJJ6Dk5X2Hdb3PuMzLkDODnH4+lZ+sLHMlsHWBis6sBcYGCAeVyDlvQcd+a+Mrf8A4Kj+BryS2a18IeLLq0mtzIJLaxaUiYMd8TADgqgLkjIAxnrUerf8FN/CNzqlnZQeAvFl5EytOGk01g7MFJiSNSAS0i/MG6AZ4NLlfYXMu59twSfMV3ZP04+v51P5i5A65r4hH/BU/wCGtut27+H/ABM8NvKIt1vYFxkqCGOcbQXJQZPJUnoMVCn/AAVc+GtxDutvC3i66aNYnuGh0/esCsQJGYg/wkgHOMkgcUKMn0HfzPuTzF9c/Tmk85cZzgdORXwn/wAPXPAy6gLBPBfiiW9MRc28cAMiESEFWXqCEBc+gwO+a1bH/gqR8OtUhmuLfQfED2yrMyyNbH5mUgRRjAOHkAchScgKT34TTXQL+Z9seYOo5HtTRPG2SCCASDXx7P8A8FKvAUOkPqUGgeIbyBZ2jCwWgLtENqiZVJB2NK4jB5yQcVit/wAFSPh9ai9M/hDxhFJbxhjHJpxVmKjMwwenlkjcT6jOOMr5Bp3Pt7zhgHBH1FJ56cYPfGccV8OR/wDBVLwLM0Fsngrxg+ruwj+yf2cdwJOSPUkR/PgDkfnUGs/8FUvCOmzNEPAPjC4RpvKil+xFUlVgTC65AJ8zaQABng9cGn8ij7sDhlJB4oZgCAe/tXxTH/wVQ+FqyyoND8WPCiLN5y6USgjPBYkHgBsqSeMg1bsP+CnHw51vSjd2nh/xc77gqL/ZLFGAI8xw6kjEakFvQHmkk+wNW6n2NIykZ6dR83A6dPpWJ4f1dr661GCTcDazbD5gKvnGSQD1XngjqK+TLj/gpt4Bjn1MHwp4qCWce5Gl050achuVRcE5Ef7zJx8oJq98N/26vDHimfxHe23hjxPBbQwHUBJf2pRpoQFEZjyBkSMxWNQSSVYjOMUa3tYn5n2Al1E2whshunHtn+VTKwZQQcivz3/aG/4KcRfC/wAY+H7Pw94dur+xjkLao93A0aTxlVJFrLkCQqzFSccMpHGK+9PCuuReJfDWlatDG8UN9axXKRyDDKHQMAffBp6ga1R+em7AYZp9fE3/AAUE/a9ufgPY6J4c8Lazp9t4h1O7Vb1ixNzZW2QTIFAIBIyMtyc8A4ODd2GfbNMaZVzk496wfBPi7S/GnhHS9b0rUYtT0+8tkljuomBVwQMnjoc9fSvEv24v2jE/Z1+BuqavYXMcXiS+P2LS4yw3mVgfnCk5IUckjIBI9aYH0Yrhs4OaVsKCTwO9eCfs1+KPFfhz9nXRPEHxh1q2g1iWFr27u7qQRJFGxLIGyAAwUjI7H1rX8I/tffB3x54qXw1oXj3StR1l5PKS1SQgyMTgKhIAYk9ACSam9gPYFuY2GQ4Izjj1qWvkD9tT4p/E74G+JfA3jTwxdQXHgKO9hstc0x4gXw8mPMLnAC7SQCSACAScGvq3RdctNd0m01GymW4tbqJZo5YmDoysAQQykgj3BNVbQnmRp0UUUiiOSQRrk/l/Sq8zJcRupAxghgwyMEdCO4IqabBTB+grwHT/AIhXfjb49eO/BVhLcXNppOlQCS6VHgWyuSwZYwc7ZNwAbIAwFI5Bpge0w6DYtIXWytldcKJBEoIx0wcZGMnHpmnSeGbCTJFla8jB/crkjOcE455yfqc9ea8R/Y9/aGvfjt4f8U2urwxx694W1ibSLyaEFUuNvKyKpAIyCAQQACOM19D0NvuJJdjJXQbWOFoo7W3SNs5URjBz1yMc06LR4YVZRBCA3DAIMHtyPccVpcUc0czDlT6FAaVBujYwxF423KxQZHBGR6HBxx24pP7GtmbebeFpOMsUGTgkjnHYk49K0e3PFFT8x9LGb/Y1vJI7S20DlhjLRgnGc4OeozzSf2DabWU28OGJYr5YIJPOTnrk8n3A9K06MU7vuIzBo0HnRyNFEZInLo2wEgkYJyc8kEgkY4NOk0e3855Bbw+Y2MvsBJIzjP0yfzPrWlSUXfcLIy/7DtSqbrW3JU7x+7BAYdCM9xk4PbNJ/wAI/ZbiTZ27HAAzGDjByB06A8/Xmtaii77hZGUdBstrr9kh2sDldgwQTkgjHOTyfU80f2LBHuMcEMLMS2VUDkgAngDkjg/h6Vq0UXfcLIyZPDtjPcNLLZ27uylSzRAkggAgkjpgD8vTikXw/ZrIHFpbqQwYHywTkDGc464yM+hI6cVrUtF33CyMhPDtirBjZ22VxtCxKAAOg6du3p2pzeH7B4WiNlamNhtKmJSMZzjGOmefrz15rVpOKd2FkZH/AAjenhmxZW4DBlP7leQxyQeOhIGR370g8N6f8mbG1JU7hmIHBIwT09OPpxWvxS5FTquoWRj/APCP2iyI8dpbK6sCreUBtwMAjA6gcDnj9KhbwZpDTSu+nWjtKUaRmhXLshBQnjkqQMemOMVv01m2gnGfpTu+4WRix+F7BZJWaws/3g2sRAvzAnJB45BJJOe/NJD4T06G4aUWForksdywqDlhhj06nv64Gc1p/bEGASRkZycdPWpIbhZWZRkFeoNO77hZGLH4O0uOZpBp1mH3M6sIEByRgnIA7ZHrjvUY8B6FH5YGjaeFhIMf+jJlSBgYOOMDgeg6YrpKKLhY5xvA+iCQyLpGnhtoQ4t0Hyg7gOmMA84x15pG8D6KyuraRYsHBRj9nToTuOeMHLcnjk810eKKWq6hYwv+ET0llZTplntbduHkJ824YYHjuOvr06UQeD9HtpJHh0yxiMpHmFLdQWwuwE4HULwPbit38aTijXuFkY9v4V0yzVVt9PtYVXaFWOFVACg7QMDjGTj6n1OUm8K6XcYWXTbOVcbcNAh4znHTpnnHvW3SfhRdhZGM3hXSm2htOs2wWPMCdWHJ6d8nPrnnNUZvh34duJopZdGsXeOf7UjGBeJcY39OuOM+ldPRkU1J9wsjDs/COk2MzzQadaxTOVLOkKqflGF6DsOB9afN4Z0+YEPp9m3AAJgUkYOQOQeM81tUlF3uLlXY5a7+H+h30gkn0bT5n8oxDzLdDhSwYoMjoSAfqM9eauS+FNNmSZH0+0K3AYTL5Qw+4YYkY5yOD6jGa3aPejmY+VGFH4Q0mG3ihj06zijhwY1S3UKuBtGBjjA4Hp+lNh8IaZbzmaLTrSKRgilo4gpKqSVBwOgJJHoTxiugpKLsOVHN3ngHQ9SKNd6RY3DqQy74FO0hg2Rx/eAP1APXml/4QXRWiaJtI09kZGRgbZMMGOWBGOhPJ9Tz15rpKTbSu+4NXOek8D6JNcRTvpVi80ZYo7W6kqWUKTjGMkAA+oGKkTwjpkanbp9mmWV/lgUYIGFI46gcA+nHSt6k4FF33CyMBfBeiRlGXSLFSuNuLZOMEkY44wSTx3JPem/8IVpHmFm0qwY7SgJtlOATuI6dCef8ab428e6D8O/C+oeIfEWpQ6VpFhGZbi6nbCoo/mTkAAcnIqv8NfiVoHxa8H6f4o8NXjX2j36eZBO0ZQsM4zggEc0XfcLIt/8ACF6LvZjpVkSztIT5C/eYYY9OpHBPpxTP+EE0Fbh5xo9gsrSJKWFuudyrtVunUDge3HSuj5oyKfM+4cqOe/4QfRtyv/ZNiWBU5+zqOVOUPTnB5Hp2xUL/AA78PSoySaJp7hwdxNshJJbec8c5YbjnOTzXUUUcz7i5Ucwfh/oEtw08ujafJMwILvbqxOcBiSRzkAZ+gqSPwNocJPl6Lp6jdvAFuoGdoXPTg4GM+nFdHRT5n3Hyo5xvBOjfZ1i/sewKoE2KYE6ryozjjB6enahvAujSQLA2lWJgVSojNuhXaSCVxjpkA/UA9ea6L8KKm77hZHOP4H0ZlK/2VY7d5cr9mQglgAxxjGSABnFOHg3SI2kK6VZgvJvZhCuSduMnjkgcA+ldDRkUcz7hyrsc7/whOjNbNAdJsfJKhTH5C7flJKgjHIBJIz0JzUtr4Q0mygaODTbOONgwKCFduGbcwxjoTzW7zRzT5n3Fyoxf+ET0vaF/s2zK5LHMC/ePVunU0ybwnp0wCSafZyRqQyq8QbaQMAgEcEDIyMda3qKOZrqPlRzVv4F0a3yY9J0+JyoTKWyAhQxYL06BiTj1JPXmp18GaKqsBpVjkls5gU5DHLDkdzyfXvmt3GKOKG2+oWRzP/CBaI+9ptIsHeQlpN1sp3kjaScjuoAJ6kCpYPA+h28jtHo+nxlthytsoOUGEPTqoyB6A8Y79FRRzMLIwW8IaQwX/iVWJKAKuYFwAG3AAY6A4OPXnrVe++H+g6lIHu9G0+c7WQ77dTlWIZhyDwSAT64FdNRSu2Bif8Irpa7iNNsgW4O23UZBABzx3AAPqBiqn/CD6ELoTjRbDzFcS7/s65DKu0NnHULwPbjpXSYrz743fFzR/gd8Nda8aa4Gk0/TlBZIyAzuSFRATwCWIHPHNF33CxvyeDNDm2E6Rp7rGysv+jqQpVsggY4wcnjvzTZvAGgXa4uNG0+ddoTD26kbQ24DkdN3OOma+G/gv+3Z8WNe8X+H7/xz4DWz+GfiW4aHTtcsbOUGHLlU3kFgwJABOAMgnpX6Dx/MgPWi77isuxz0fgXQ45nlTR7BJWZ3Mn2ddxZ+HJOM5YcEg8980Q+AdBtpzNDo9hFKWWQstsoJZVKqTx1VTgeg46V0fBoou+4+VHIr8MfDSzPKPD+meYxUhvssYI2sWUcDnDEkE8gk809fhz4e2qP7C0wlQyjdaoRhjlxjHc5J9ya6uiqUmuocqZzjeBNDZmkbSbIyMWYsYVJyy7WJ45JHBPpxSweBdDt1jWPR7BUiYOgW3UYYAgEYHBGTjjjJxXRYo4pcz7i5Uc9a+B9Es2Jh0iwjJCqTHbqCQpJUHjoCSQOxOag/4Vv4ZbJbQNNLEEE/ZUyQTkgnHOT1z1xXUUtPml3DlTOXt/h/oFi8zW2jadAZizPstVAYsNrE4HUrxn045HFPi8D6Nb7GXTLPzI9uzbAoKhRtGDjjA49hwOK6Tg0Ucz7hyx7HNW/w/wDDtqpWHQ9OiDKqlUtkAIBJAPHOCT+ZpJvh74fkjkQaLpyiQFXxax/MCQSDxyCQDz3rpuKMUuZp7hyrsctB8OfDtvctcx6FpqXMmQ0q2qBsEYPOM8jg809vh9oBjRBo2nbFlWUL9kjADKCAcAdQCQD2BNdKSewzRk9MUcze7Gkkc/B4J0a1wsWlWMcarsREt0XAzuxwOmecDHOD1GadJ4L0eeTfLpVhJIN2Ha3Un5gA/OO4Az64Gc4Fb+2lpXfcLWMCLwZosM4mj0qyjmDZ8xbdQ2QMA5x1xxn04qOTwLok8ySTaTZSyK6yB2gXIKghDnHUAnHpk46muioxT5mG5z58F6QsflxaXZoNhQhYEAIznB45GTnHTNLF4N0i3Rli06zjVixKpbooywAbgDuAM+uBXQVieLPFVh4N8P6jrOpu8Wn2ED3E7ohZgigkkAckgDoOaV33Fyoqr4G0aGaaVdIsVlmZneRYEyWK7c8g5O3jnsAKtL4X05NhFlbAqipjylAwpJQcDoCeB0HYCvi+L/grp8K5teNsvh/xM2jC6FqdaFov2cZPDkZ3AYOcYzjtX29pOpW+s6bbX1o/mW1xGssbYPKkAg/kRTu97hyo8++IX7Onw/8Aipqmg3/inwzp+rXOiSNLZefCCsbMQTlejDIBwQRkA9a9HtoEtoUijUIigBVUYAAGAAOwwKmooux2sDfdNfmZ/wAFavhz4VXVPAniP7BdL4j1XUY7G4vIyywtboD8rEcBsuCDwcA84Ffpmc9q+Xv25/2S9U/am8E6TZaLrqaNq+k3TXFv9oQmGTcu0hiASpHUEA/h1Atxnrvwb+Ffh/4QfD/TPDfhqOWDRoYw8VvLO8wXcATgsScE5OM8Zr4y/wCCrGn6XqzfB+y1W5tU06415obhpMpMkREYkZJCNqALkkkjsexr6z/Zp+GPjH4YfCrS9C8ceJ28V69DkS3RwUVRgIiEoCQFA5IyTnNeHf8ABUL4VeIPiJ+zrLc6CIJP7Du11C5h8ktO8YBUmNwRtwGJIIII9MUXceoFj9tz4P8Aibx5+yDa+FvBBuL2+sjYsLG4mRp7uCMqCrOzAEgfMeTnaQAc1+WfhfR7D4S+NtG8O/EfwdrvhzxTZ6zb3g1LTrhYbryWcfKI3BUqCuVZcZwQSRxX6naL4F0L9sn9izw7oGn+Jby3drS2Q33nCeeC7h2nbK3BYhlwehIz3r548L/8EqfifrHxE0LVviF8QbHWNLsXjWaVJ557owRsCsa+YoAAwRycAEjBzRdPcR9Ef8FC7lNU/Yw1u+tor+9jkgtnRoZwqjcy/NMAwDKOhAzhjx616b+xqI7j9lv4ZvcSQTsdEt9uEPyrt4Xk9uleH/8ABTDXorP4M+HvhlpFrNf674mvYLC0t4J2VliQjLFFI3jgDBBAPbIFfWHwm8EWPw8+Gnhnw3YxmG20ywht1Vwc5CjJ59TmkFjuKKKKBkNxkrkHBHIFfOWgfCzXvA37UXjHxnMYbnRvFOnxxQ3ULMjWLxAARtHjEhbJIbqAMHivpBlyMDr2qOS3EigZwB0/+vTTYHzV+xN8I9d8AWnxB8Sa9dNc3Hi/X5dUgMkflyiEDYpdMDaTtJxjjNfTlQxw+WxOc9ufrU1IAooooAKKKKACiiigAooooAKKKKACiiigAooooAKKKKACiiigAqK4x5LAjIPGAM1LUcyhoyCeO/FAH53ftFRfH745fHTVvCHhHVpvA/hTwyGvbTW5IpbdLwhFWVTIPlbaZCApGCBnqK9K/wCCafx28U/Fz4Y67pfjC6/tbVvDeoGxGshg63ikMwIYD5tpBGe4Irj/APgol+1InhuO2+DHh68tbXxD4iEUV/qV1KUi062ckby4PyscDOQcLk17z+xZ4B8E/DX4K6RoHg3XtK8TR2pk+3atpRUrczliSxwTggEAA84Ap6AfQNLSUtIAooooAKKKKACiiigAooooAKKKKACiiigAooooAKKKKACkPQ+lLTJMlWA4JHBxQB+Xn/BSnxlrHxo8SS/DzwVrFq2geE9Ok1vxNI0qpDCwYCNHcZJPUBcfeI6A5r6I/wCCYd1p9x+yn4cewtri2HnzLP58u8PIHIZkH8KkjIHvXz98dP8AgmH4t17xB4+8fL8RYBNqTTXr6dZabInnqBlISFfBOAo6HJycV6T/AMEpfhP4w+Hvw08Qal4ngudLttUvf9E026WSOSMKMFzG2AoY9ABk4BoA+9aWiigAooooAKKKKACiiigAooooAKKKKACiiigAooooAKKKKACiiigAr5F/4KhrK37IPikxMoC3VmWDKCCPtEYGSenJFfXNcf8AFL4Z6N8W/Aus+FNegFzpWpwmKZMZIPUMPQggEH1FGjeoH5VaF4i+PfwB8G/Br4l2njG28e/Dm8ENpHpNpFtS0WRgnkMhC5bIKhhn5l981+vWm3TX1hb3LRSW7SxrIYpRh0JGdrDsRnBGe1fn/wDDL/glLL4N8W2F7qvxN1DU9C0u6S6sdJjt8xhlfcA6yFlI7/KBzz1r9CIV8uMLzx64/pTdk7ICSiiikAUUUUAFFFFABRRRQAUUUUAFFFFABRRRQAUUUUAFFFFABXHfFj+zf+Fc+J11md7fSn06ZLqWMbmSMoQzAdyAT+VdjXFfFnwHB8Tvh94h8L3EskMWqWb2/mRyMhUkcHIOcZxnHUcUxn4b6P4l8aaf8Hb7wvaQPN8CB4oT7X4mTSlE/MgbG84JIXJwe+BkDiv3V+GeoaVq3w98OXeh3KXmjzafBJaXEahVkiKAowA6ZGDj3r8sU/ZB/ab0/wAI3vwVtLbTYvh/dXgup9SDRNC+6QMQrH94SOCVIzkEA4r9Ofgf8N4PhH8KfDPhKARZ0uxjt5HhDBJHVcMwDEkAnJxnvQRfWx3tFFFIoKKKKACqOoaZDqVpLa3CLNbTIY5I35DKQQQR3yCavUUAcX8N/hJ4W+EegtovhHSLbQ9MMzTm3tlOC7HLMSSck+tdnS0UAcb4k+E3hTxj4m0LxDrOiWmoazocjS6ddzRgvbMwIJU+hBPBzg8jnmuq+zuvCuAPTFWKKACiiigAooooAKKKKACiiigAooooAKKKKACiiigAooooAKKKKACiiigAooooAKKKKACo58+WeaKKAPnL4n/sKfBj4u+MrvxV4n8LS32tXjD7RNHqNxEsu1Cq5RHCjgDoB0rt/gb+zT8Pv2doNRg8B6NJo8GoMWuI2vJpwxVsKR5jHHHpRRQB61RRRQAUUUUAFFFFABRRRQAUUUUAFFFFABRRRQAUUUUAFFFFABRRRQBC0Yxg5OeuT7VHGoVRgY+YcD6UUUAWaWiigAooooAKKKKACiiigAooooAKKKKACiiigAooooAKKKKACiiigAooooAKKKKACiiigAooooAKKKKACiiigAooooAKKKKACiiigAooooAKKKKACoZlB4PP40UU0NEAb5mGBxyKsQjK5oopvclEtFFFSMKKKKACiiigAooooAKKKKAP/9k=\" alt=\"\" width=\"500\" height=\"220\" />', 'Y', 16);
INSERT INTO `question` (`id_question`, `question`, `status`, `id_chapter`) VALUES
(101, 'Balok mempunyai massa (m) didorong oleh sebuah gaya (F) yang membentuk sudut 0&deg; terhadap horisontal. Jika gaya gravitasi (g) dan di antara balok dan permukaan bidang datar mempunyai gaya gesek (f) maka koefisien gesek adalah ...<br /><img src=\"data:image/jpeg;base64,/9j/4AAQSkZJRgABAQEA3ADcAAD/2wBDAAMCAgMCAgMDAwMEAwMEBQgFBQQEBQoHBwYIDAoMDAsKCwsNDhIQDQ4RDgsLEBYQERMUFRUVDA8XGBYUGBIUFRT/2wBDAQMEBAUEBQkFBQkUDQsNFBQUFBQUFBQUFBQUFBQUFBQUFBQUFBQUFBQUFBQUFBQUFBQUFBQUFBQUFBQUFBQUFBT/wAARCAGGAnQDASIAAhEBAxEB/8QAHwAAAQUBAQEBAQEAAAAAAAAAAAECAwQFBgcICQoL/8QAtRAAAgEDAwIEAwUFBAQAAAF9AQIDAAQRBRIhMUEGE1FhByJxFDKBkaEII0KxwRVS0fAkM2JyggkKFhcYGRolJicoKSo0NTY3ODk6Q0RFRkdISUpTVFVWV1hZWmNkZWZnaGlqc3R1dnd4eXqDhIWGh4iJipKTlJWWl5iZmqKjpKWmp6ipqrKztLW2t7i5usLDxMXGx8jJytLT1NXW19jZ2uHi4+Tl5ufo6erx8vP09fb3+Pn6/8QAHwEAAwEBAQEBAQEBAQAAAAAAAAECAwQFBgcICQoL/8QAtREAAgECBAQDBAcFBAQAAQJ3AAECAxEEBSExBhJBUQdhcRMiMoEIFEKRobHBCSMzUvAVYnLRChYkNOEl8RcYGRomJygpKjU2Nzg5OkNERUZHSElKU1RVVldYWVpjZGVmZ2hpanN0dXZ3eHl6goOEhYaHiImKkpOUlZaXmJmaoqOkpaanqKmqsrO0tba3uLm6wsPExcbHyMnK0tPU1dbX2Nna4uPk5ebn6Onq8vP09fb3+Pn6/9oADAMBAAIRAxEAPwD9U6KKKACiiigAooooAKKKKACiiigAooooAKKKKACiiigAooooAKKKKACiiigAooooAKKKKACiiigAooooAKKKKACiiigAooooAKKKKACiiigAooooAKKKKACmsu7Bp1FACBcUtFFABRRRQAUUUUAFFFFABRRRQAUUUUAFFFFABRRRQAUUUUAFFFFABRRRQAV538c/i5pnwQ+GWveL9TJMGmweYsYRmLuThV4B6nAz2r0M+1eB/tvR64P2ZfHx0Cws768/s92kW+I2LCAfMcZ/iVckd8gYoA+DtP8A+Cw3j2fUmgtvAmhXkTkmOSe+khOOSASQMHA9ahf/AILMePZMwj4e6FDKvO/7dKRjHb5cH86+V/2QfAdr8TPjHoWj3fhm38U6VzLqFjdTshaIEbym0glhkEAcnJr9dU/4J2fs+yrG7fDu1jDAsS11cDA69DJwR709APiiz/4LCfEC81qyiuvCmk2Fm8irLJHJI5IJA4yor9bdC1IavotlegD/AEiBJSPdlBI/WvmNf+Ca/wABPt0dzF4PURRkMIxdTEZByCMvX1HY2cWn2cNrAgjghQRxrzwoAA60SSvdAWVORmlpAMDFLSAKKKKACiiigAooooAKKKKACiiigAooooAKKKKACiiigAooooAKKKKACiiigAooooAKKKKACiiigAooooAKKKKACiiigAooooAKKKKACiiigAooooAKKKKACiiigAooooAKKKKACiiigAooooAKKKKACiiigAooooAKKKKACiiigAooooAKKKKACiiigAooooAK+ef28G0lf2W/HY1j7cLY2J2GxzvEmfkJx/CGxntjNfQteEftsLqEn7NPjlNM1C0sLqSwdd18m5JEIIaIcH52GVUjnJFAH4M/C74g618KfHmkeLtEeOLWNLuFuLbdGHTeowAwyMqeQfoK+oT/AMFYvj000kZn8OzqjEbV0wEgD1OecdfevI/2V/hLB8YfjhoXhvWLQSaeJPOvbEho2liXrEpHzAkn9K/WC3/4JkfACO2dYvC15EZhgldTuM564J3cYNO2gj58/ZH/AOCgXxS+OHiLW/DerzaG2q/Z1udPk8n7NBkHmN25AJGAPev0ysZJJLWFpSvmlBu2HK5wM49RnvXzv8Pf2D/hB8MX1A6D4dmhF95a3HnXksoYI24FdxOPm64619GW8CW0KRxrtRFCAE9ABgD8qGMmooopAFFFJmgBaKKKACiiigAooooAKKKKACiiigAooooAKKKKACiiigAooooAKKKKACiiigAooooAKKKKACiiigAooooAKKKKACiiigAooooAKKKKACiiigAooooAKKKKACiiigAooooAKKKKACiiigAooooAKKKKACiiigAooooAKKKKACiiigAooooAKKKKACiiigAr57/bsaOP9mHx1JJoEviER2ZdbeCQo0TjJWYkdozhj7A19B1la9oNr4j0y803ULeO7sLyJoJoJACskbAhlIPUEEj8aAPwi/4J7iCb9pzw0lxp+pajJNJk3VtcCMWOeTNISDuUY5Bx1r944cqI0L7gwKls859a8t8F/sm/CvwDqk2o6J4M0uwu5UMZkigAIUnJAPocD8q9ZhtVhC46qNoHQY+lOTSStuMd9mVlAYs2DkZNTDtjpS0VIgooqOSUJgHqTgc0wHNnbxwaZ5h4wMjsab9oXbkc8Zx3/KuD8d/GDw54RsNUVdd0eXWrOIumly6jDFMzADC7WYEE9OcAd6APQ6Kp6ddNfafbXBQI0sauVznBIBIyMg/gaKALlFFFABRRRQAUUUUAFFFFABRRRQAUUUUAFFFFABRRRQAUUUUAFFFFABRRRQAUUUUAFFFFABRRRQAUUUUAFFFFABRRRQAUUUUAFFFFABRRRQAUUUUAFFFFABRRRQAUUUUAFFFFABRRRQAUUUUAFFFFABRRRQAUUUUAFFFFABRRRQAUUUUAFFFFABSYpaKACikz60ZoAWmNIq5JYYpW9O9cj408eeHvh1o9xq/iXV7bRtNg5lmupAApPIx1zkA4GO1IZ1jTIoJLAKOrEjFec/GD42eFvg5ZaVeeJ7tbWyvbtbUXGQVjLZ+Y98DHavgr9p7/AIKe21la+IfCnhHTLbUUu7aSK31zT79iirICBIQUB3AHOAeDX55+Pfjh47+LUdpB4r8S6hrqQR+TbR3bZWNcdRgDOcHk5NMLWPt/9rT/AIKeeILvxZHYfB/V107Q7UlZdUa33PcyYIKgMD8o6ggdRXw3NeXvxI8WRajqurSaprer3oN3JMwikWRm5OWG05HoMAcYFangP4LeNPiJYvc6Fod29jDcQ276i6MsK+YQEBbGcEkjIBxmv0i/Zz/YJ8H/AA/a0g8d6Do/i2XzlW8upjIJbO7YZSKMAAMmMHcCAOuM00riPvzwXZpYeEdFtyWYx2UKEqSRxGo7cdqK1bO3js7WKCJNkUSBEUZ4UDAFFICzRRRQAUUUUAFFFFABRRRQAUUUUAFFFFABRRRQAUUUUAFFFFABRRRQAUUUUAFFFFABRRRQAUUUUAFFFFABRRRQAUUUUAFFFFABRRRQAUUUUAFFFFABRRRQAUUUUAFFFFABRRRQAUUUUAFFFFABRRRQAUUUUAFFFFABRRRQAUUUUAFFFFABRRTSSMmkA6ioGlZlG0AE8Z7VQ1bxBZ6Dp9xf6hcR2lpbxNNNNMwVURRkscnoADRfQdjQnZo1BUZ9q5rxt4yt/APhe91vUIbmeytdpZbGB55cFguQqgk4zk4HQGvjP9qL/gpt4b8A6XZJ8NdU0zxRrLTsksIBljQAAhiQRgcmvzW+OX7UHxK+NXiy48Ranq13pSSBYvsuiTyw242jrw3JwCSM9qE7q6HytK5+in7Q3/BVPQPAXiiLR/BlrJrwis5XuroqUWOcp+7jIfByp5bj26givze+K37T/wAQ/jhHfp4v1lb2K8nhna1CBEj8sOEwBwFw5zjrgZFcR4M+H/iv4jahNB4c0S+8QXyyAyi3iaV8uQVLnPUnkE9Tmvvv4J/8Ew4NLtfDniPx1ezXt62y9vPD62LssaAHzLeRg4IclkIxjhW4PY5XLVGbkk7Hw18P/hd4r+MGsLovhPS5NXvo0aVjGQqQxgEkszYAUAdSfYV9mfsofsGXNreeHvGPjNGmuriVjp3h+S3kESyISrG6YjhSBkFc5zmv0d0H4HeH9J07TJvDWg2OhCa0FjdQtbmOVrQ4JjOCDuHqea7yTwuvlC0iWKKw2iF0fcWaNVAQAgjBB71eiQ90eSfDL4f6b4Z0eLR7SO507w/Ahi021juLsyoWB80SZAGASdpBOMjpXoXhL4f6do95bana3+rTJBCbeJb2+mlVlLEkujnBbJIDHkAAV262cRI+UggbQ3Q9McH6CpWt1O3kgrjnvRcmzJF+7zjNFKAFGB0oqSxaKKKACiiigAooooAKKKKACiiigAooooAKKKKACiiigAooooAKKKKACiiigAooooAKKKKACiiigAooooAKKKKACiiigAooooAKKKKACiiigAooooAKKKKACiiigAooooAKKKKACiiigAooooAKKKKACiiigAooooAKKKKACiik3DGRz9KAFpGYKpJ6Um4dM81FJMnGDkE9vzoAeZAFzzg96gnv4LeNnkk8tFXezMQAB6knpXgnxk/bE8AfDnwX4mvbXxPpNz4j0tZYItJa6Uym4XICsgO7G4AHivyp+OH/AAUX+J/x60OLRrsw+GtPjlMtxHoskscsq4wEJJzjIPT15o1ewH6W/tBf8FDPhj8A9Ug06e5k8R3ruyzW+klXeAjI+bJHBPHFflH8eP2wvH/xm8b6/f2Wvappnh2+Zo4tJW7YRrARt2kejAnOMivEoNP1XxfrJisLW81nUbidgLdFaWaQkZ5IBJPU++DX1N+z9+wT4h+KdjZXOvXM3hAzTZW2vIxHM1sCd8gDDggggA49cY5qVFy36Fcx8zeGPB+oeKvFtn4c0a3e/wBV1CZba2ijf7zMASuT1xjJNfdnwb/Yf8S+JvCWlaT49exuPCmn6pM8djpc6Sahd3A3AwRMSAqjJLAk5K9q+wPhZ+zP4b+FXh/SY/Dui2t/qlpNDZRa1ILWW6+zgk/bkIGS2XK7TknZ0xjPuPhv4ZW9rDGRbrp81rMZYFW2hGyYn5rhdowGkBO7vyRWnLYh6nj/AMF/gP4Y+A/hVLLw54SutUmjcm41BLaJprrdISilt/BhJAP+7Xtui/CnR7azX7TZQ3dxdBZb24dNrzyqcqxwTggEjiulj0UWdqILIrbxbgziONQM5yxxjksSc1soMKOe3pijmtsJxTIo7cRIEUABRhQBgAU9YztA3fjjJqWip63GMVSMZOafRRQMKKKKACiiigAooooAKKKKACiiigAooooAKKKKACiiigAooooAKKKKACiiigAooooAKKKKACiiigAooooAKKKKACiiigAooooAKKKKACiiigAooooAKKKKACiiigAooooAKKKKACiiigAooooAKKKKACiiigAooooAKKKKACikpkjMqkjAGOpNADm45qndXcVqrSTSrAo43uwC/mTXi/xo/a4+G/wL1abSfFviePSdUa1+0QwtBI4IOQpJVSBlgcj0wa/MH46f8FK/Hfxc8B3vg21srPTkkkKyapaO4e4QNlWjyAVOAOlTd9hpJ9T9N/2lv2tPBP7MPh6z1PXJpL24vpjFb2liRJIxChiWAOVGCCDjnNflz8fv+CkHxP8AiT47nv8AwL4i1TwP4djgWOLT4XUtKRnMjAqSCQegPbrXzJr3iDXfHfiA3+rvNreo3KLBGoYvIwRQikgZz8oAx3Ir2D4O/sX/ABI+J3jy20q90K+0DSzcQw3epyQ5S3jlDEOCeGA2nJBOM1aTZPMloeFeINV1TxZrk+q6lNLqd/fSCSW4KAySSE87iO5PUjvX1H8Cf2B/GfxMvLnUPEJg8M6NpqiSea6JjnwYwyBV2kFTuAJJJzxg19u/B/8AZF8A/B/TdMsbbTrXxXqt1cMLefVrRj/p0akq24AlYSFPI74xzX0j4T0+/wDGXlPqcC6fp9iQ0Sw3MyyC4B+cOrABkHVT6EcCt0lFX6i5ux4D8Fv2TPCXwf8AB+mz3PhzT18a6fpsY1LWrC6Z5kudw2KoKgFXP3mAyAD6mvpzwp4e1e2uku9WtY3lvEBmhacSRWTBcFIQEBKk8kE9Sa6fRdDj02zgiEs05hj8syTsWaTvkknn8fWtiOMCMITuwMEkVk5Jsoo2djFDtKW0aNGNqsEC456ADoP8auphWCYyevFSeWuMYpdoBzjBrMAx0OaWiimAUUUUAFFFFABRRRQAUUUUAFFFFABRRRQAUUUUAFFFFABRRRQAUUUUAFFFFABRRRQAUUUUAFFFFABRRRQAUUUUAFFFFABRRRQAUUUUAFFFFABRRRQAUUUUAFFFFABRRRQAUUUUAFFFFABRRRQAUUUUAFFFFABRRRQAUUUUAFIc9utIzBeT0+lRi6jZTtbJGRj6UAODHgHn1YdKikuvLDM+1EBxuLfrXH/EP4u+Efhbo9xqXirXbTRbWCHz5PtL4O3IXIABJG5gOAeTX5ufHr/grNqbXCj4XRRlGZreVdTsQ8ZKuQZEYPlgy4wCBjr7UgP0N+I/7Qfgz4V+E4vEmu6zbx6VNMsEUsLB9zMQAMA9Ac5PbBr4B+OH/BW7UrfxRrGgeBvC9rJa20k1oL6+uTItxglRIgQghSOnJ5Ir89vHnxQ1v4i63Lq+uXzSXUkhka2hDLbRjIwkaE4XGTxyea0vhx8EvGvxcN+/hjw/calaW0vlyXAXcscjD5Y8kgliSMfXnFDjdaPUXMo9DH+JfxG174peLL/xD4huJJ72+k3eW0jMkSgAbVBJIHB47ZNdp8A/2cfF3x58aQaL4esro2CyLFd6rLau1tZBlJAkPGM4wMkZzX3z8DP+CffhjwAsGo+I9FvfG+uQ2n2hFvJY4baOYgE2rRZOXBBOc9COOePrvwn4Rfw3pet7/DQknlEEzNaxrF5452xDBHEfTPcVqtEkyW+ZXSPn79n/APYN0T4KNcvAbDWdduZ4vI1C+sJCLSJQPNjJDYXcdxVuDhh1xX0no/wnuLHUFt/tSwadasI7aO3eXm2OS8chZiCST1ABrttL8E2MDXd8bOOLUNQKy3LqSpcqAEU9egAH4V0UNu0eTlR04HTI70c3YlJnL6L4CsNNvhcCJUmjg+ywmOVyFhBBAwSQTkDnGa6iOzSOQuCc474/E/jUyx7cEDFPGfxqOZvc0sNMY3EgnOMUqgrxkn3p1FIYUUUUAFFFFABRRRQAUUUUAFFFFABRRRQAUUUUAFFFFABRRRQAUUUUAFFFFABRRRQAUUUUAFFFFABRRRQAUUUUAFFFFABRRRQAUUUUAFFFFABRRRQAUUUUAFFFFABRRRQAUUUUAFFFFABRRRQAUUUUAFFFFABRRRQAUUUUAFFFJmgBNwzjPNIZFXqR1xVW6vIbfcXmCuo3FcjOPbNfC37RX/BUvwV4Btdf0TwnBqV74ysZntBHc2W23VgCC28Nk4PI4pAfbHjDxbpHgvQ5dU1zUbXStOjZUe6vJlijUsQBliQO9fAn7UP/AAU20DwXrlz4d8DQr4jn09Az6pBLm28/IIjDA/MuMkkZBPFfnh8T/wBqr4m/HOwmsPF3iu7vtKaQyCxkYJCCDuUYA+bBAIzWR8GPgv4h+NXieXQfD6KqxRm6uri4cwxCEY3c4ILHJwMckZqo6gR/GL45eKfjp4yvNe8T6nNNPcSMkdqs8ghhUnIjVc4ABx0HJAJrH8FeAdV8ea9p2j6FZNc6vfTrbQKCFXzGO1QXOAMnjk5FfrL4R/4JV/BnRptO1m4vdV1ZNoJtby6TyJWZdpJwoOeSRgjkCvaPCuh/CBvHGu+BtHextte0nT7eKW3jjiR4FAASRHAB38ckHORnrT93YdmfEXwN/wCCeOm+AL6DWvGN9Z+OLu9iE+l6XaFlgcAETO5bGSobgDOT07V9zfDH4NaVodmbTQNAPhXQ44Ba28dnsVrtTHgXMo6mRSQAWyeBXpvhvwLpvh3VJ79biS7e4ASGGTYY4FHURAAbQeCcV16IisgO0YGF9cjrTuktCeVdTJsfDdjptvBGLaKV48MZDGN7uABuJ7k4yTWosW2Mqo2jPA9B3H5VaxRUa9QGx8Rr6dvp2p9JS0DCkpaa3GSTgUgDcNwGcEjOKXNU5r+1gRS9zGgfhSzAZ9hSxXkMjbI5Y2fHADg/ypgW6Wo43DsSpyOlSUAN3DOAeadTBGN5bPNPoAKKKKACiiigAooooAKKKKACiiigAooooAKKKKACiiigAooooAKKKKACiiigAooooAKKKKACiiigAooooAKKKKACiiigAooooAKKKKACiiigAooooAKKKKACiiigAooooAKKKKACiioppDGBnAzwCTQAsrMqnaMt2qHzMHbu4zgFjgk9wPao729S3hk81ggCkg7hngZ6V+TX7TX/AAUx+IEPjjxL4X8H2cnhy1WEWqNqEW26hmUne6A4GCMYyOQaAP1taRTgFsbugp8bExgnrXwB/wAE2f2tNW+KWiN4Z8Varc+JPEzSTXDyLauq2iAsAJJPuktgEY6ZAr76jmZ8EpsHQ55/L296QFiopm2x5BwfyqtcalFbMqO6I7dEZwGP0Hfv09K8F+Ov7YnhP4F2+sS+IkZILaMCyeFwWvJiM+WgGeRkEk8URfcR7xdahFZReZPKERRkluPf88V8y/tEft6eA/g54du30zWdN1fxLGrPBpk87osjK4Vo2KKxVuuAwHSvzg+PX/BRr4ifFCz/ALI0a7udA01S6yMApmlVjlQSBwRg4IxXyzDZ3XjDW1gmuUkvLyUGWe4kCgSMwy8kjcDJJJJOBnmpjzXd0aOySa3Pb/jp+3B8VfjB4sk1pNbvPDSLEIotO0e4dYkXJI3EAbmwQc4FeZ+BfhX41+NWuCTRdOvNZvpWM89yQSrkMA7EnhiCwyc5ANfW3wT/AOCaOu6tCZ/HsjwLfIp06PRb2O4RQcFZpdoOUYHA2kHg19+fCX9nfRNB0i2n8O6YPDUWmxG306NvMDxGQqbkuCcNv2LgkcY4ro5Ypb6mSk5M+J/gh/wTTit5n8QeK9a/tC902+WKTRoLMtaSTnBjy7EFogSpYgEEAjtX2v4J+HfhH4daekGl+EI/D88mqx2uoXHh2DyFlmAykgK8mHBIPvXqFv8ADZ7eW7MUqvAhMdlC8sqrFC64kD4b5mJLEE8jIrp9L8H2Gm/ZZYEkElvD5CfvXK7SSSMEnJ5PJ56VOhZ8X/t+ftcW3wZsbvwqltY3OqXNvDNp32a5b7XbzAgh5VxgJgHGDk8cYzX5Jt4/8QjxZe+Jk1e8j13UJZJZLqGVkkBdiTgjvk9DgY+tfpV+1t+wj4y/aE/a4/te2DWng+6t4I7jU0ZQ8BWPDEAj5iT+QJrs9P8A+CTvw30PwVq9jcXureINdmtz9nuGnWMwsBwUIAXJPdgR7VKgg5vM3/2APAq+NvDNt8Qp/ij4l8eQRP8AZrOy1OQxpZMoBeN0DEMckYPQAV9sQY3AIcKSSTkHnpivwo1jx/8AtB/sK6nceCItRuPClncyNeQRhYp0k3HBcuVIJwBkKBjIr6m/Zb/4KlXHiTxJoWg/EGMCa5ijs/PtYCzXF08qqjALwBtIz70utgP09pKqw3RmhSQDaGAI3Ajg84we+Kr319c29xaLBbCaKWTa77gNq4Jzj8KBGnRSA8Z/lS0ARzOY13AZ5rwH9s/49X37PHwR1XxZp8a3eoJPDbQ27YzmQkAkdeo7V7/Ku6NhjJxwK/ML/gpFqKeIvjt4O+GUV7Npdtr32a51O6YtNG5ExEIEeflKsCSRjIOCeKat1AzfhL+yV8cf2hPBtp4z8Q/FvVvDljqiLfafp0crsIkkBO0hiNpBwB7Gub8V+JviZ/wTv+MGlXut+Ida+I2gXUQLrdq4gVCNpJc5COGyQM8iv0n8Kafq/hr4W6JpMOp6Tda7Z2sMDTyBltmK43FRnIyM4yTj3r50/wCCpGpWE37MGooES7mmvYUjnVwVgG4ZLAHkEZGTTbuM+rvhn40sviH4M0nxHpsivY6hbrPGqkNgkZIyOpBzx2rq6+NP+CYvjHU/FHwCsLeaS1h0zSIxp8FioPnCRWLPKSTgqwdQCOhU19kqWIUnj1FSA+iiigQUUUUAFFFFABRRRQAUUUUAFFFFABRRRQAUUUUAFFFJmgBaKTOOT0oznp0oAWiiigAopNw9aM+/FAC0UmaM0ALRSZo/lQAtFJkeufWigBaKTNGaAFopM0ZoAWikzRnHWgBaKTNGaAFopM0ZFAC0U3eOxHpS5x1oAWikzRQAtFJuHrRuHQnmgBaKaWHc4pdw6A80ALRTdw7kY+tG4c4PTrQA6ikznpRmgBahmJXDFgEXkjFS7h1zxXL/ABG8d6F8NfCl/wCI/El6unaNYpvuLps4QEgDpzkk4GKAPmD/AIKPfHTVPgx8FreXS7vTUudYle0/s3UIGl+1pgbwpUgjCnJIIPoa/GTQfDeu+N/GVhp2nwTXmvarOIrWJmIZ2Yk5BY8DGeSegr1n9sH9pfU/2lvibfX4vLiTwlYymLS7EgBIlBIZyB3YAHJ5wQO1bn7H2o+GdF13X/Hvje0WeLw1DHfW80d7tuncEqIoomIDhgTkHpjtSvYTP0+/Ys/Zon/Z8+Gulqb3T5r+7V7rV5re2/fTSM5YJ5mTwgwpAHOD65r0/wCMf7Tfw8+BOmrceKvEltYXM8LT2tq4ZpLgDqqADBOc9SK/NP4rf8FQLptBuLD4aWmraHLdXYk8/U44dlvGP+WcaKSpyepPOD9a+MvFHj7xb8T9QQ63rGo69dSSuILeWRpAvmEkqicgD2Xjmk3zaI00WrPp79pj/god4n+MfiS4sNC0+z0XRbbfHZ3JRjexggg7HDAAsOCCDwTXyhYz6p4q1S0sWkm1GW6kUW9uXZ2dydoVSSRknr9ete5fBf8AYP8AH/xS8PjX5Y4dA0uS4FvGb35Zp8cuEB4UhQTlsDg+tfoL8If2OPhJ8ObvQNbtfDE+s6rauILK7vLkvFOAAZp/LY7MoSxHHRQRmtIx0JunsfGP7P3/AAT/APFfirx4lt8RNIvtA8N2sQuriVipkkfJKW/BJBIz2PUV9zfC39mHwj8M7W5u/DHhOC+uZFmu7pptOE8yxsSTYglwA4JABIOAMc19BfDTwrb3lnYamtyt5aoX8q4aIBrok4EkgA+8uCAT0GK9Ds9HtNNkuJbW0iie4bzJmjUL5jjjJA7n1quZR3RJw/gfwnrOy01iaaDT5po0jNq9jsmgtgoKW5w5AZSTkgYOBxXosduVVg3zAjnHAzk5P8qmjUBQAuPUYpy+9ZczbCwyOILuzk59ec0FDkktx6YqWimMqtbtuVgRkcHPX6jsPypfs/3urKexIxVmkovoB8s/tz/sk6f+0t4MsJVmmstd0h2kguba3E80kRHzxKhZQSSARkjBAr88tc/YH+InwR8TWHjHS7N9R0TQLeHX2kuoxA+YnDNE4y2HBAJAJGB1r9q7iPzO7ZwRgEg8+h7GuW+I3ggfEDwJrfhh7ubT4tUsZLRrmPDOqupVuDwTg96atbUDg/2Ufinqvxv+C2ieNdZW1il1QNKsNqSRGodkAJ9fk/WvaPLDYyQSvQ49iP5GvyZ/ZG0/xv8ACf8Aa48X/CCz8X6haeDdHikgkS6lRhGQqujqjHC5Lkkr6iv1ktWVYUHmCTCgbuBnjr+NFrATICFAJyfanUmaWkAyT7o4zzX4x/8ABRbw34g+IH7Zml6Nbarb3M15Hb2enbQ0S2odiFRicEsGBOR6jpX7NXGDGQVLD0Ffjz/wU20vxP8A8NPaDrt3pdzp+mKsdpp1zZSq89wVbcZURCWBBJAyBnBxQB2fgf8A4JW+O/EngfRLzW/ijqmh315BHLdaXIjs1rJggpuEmCR7eleb/tYf8E/tZ/Z7+FF94rvfidLrsMMsaf2fcK0fnEsACAXIyCc4xX6p/Au4vLj4P+EJtSvJtWvJNOh8y/miaJpW2j5mRgCCe4IzmvlX/grB4x0JfgSfD73GnXGuTXkflWskp+0p8y5KKOgPQk9ulJDOQ/4I96JpcnhXxfqUKapNfrcRwtezMVtHQAERopzh1YsWOeQy8V+kUakAE8E9a+SP+Ce/wluvhf8ADtZlnjsNO1ixt75tBE/nPbXTbhJLuBPyuojwMnBU19dL92mIWiiigAooooAKKKKACiiigAooooAKKKKACiiigBNw6Ubh6814V+2J8dNR/Z3+EF54u07TLHVWjkWGW3u742rFW+XMRCks4JBwBwAT2r8ZtW/bI+Ml1qd7fWfxI8S2sVxK08Fmt+WWFMk7ecE4yBkgdM0Af0G7h0zzUbMDyvXOMZxX8/eiftzfHHRUuQ3xE1i8BQqqzyeacEfeJzxj17Viw/tcfGu6R3k+KfiTCEFWW+Lc9yRxxSuB/Q2s8LSMgkUueqbgT+VODxs2N2Cv8INfzsr+1V8XrfUQE+JXiJpJG+Z1vTkn1HPSnD9rb4xJcSzQfEfxLHKrbCy35BPHei4H9EhlU5Ab58ZKggnHrigyLDgs/J7MRX87q/tWfGqSR5V+JniZJQDlzfsTiql5+058X9SlAu/iN4iuxjIzfH0ouB/RZ5icEEFMk7sjA4pY5RsByNh6Nniv577H9rj4n2d1aqvjbxMdOjVFksjqrqZGAwSrAfKCfy96z7z9rb4xzTMq/EDxHDbliY4f7RZjGuSQCcc4zjPfFMD+iEuNoIOR6gik81VwwfcPqMV/Oyv7VXxgm3RRfEzxGyEcqt6xx9eKjb9pv4v7jDF8RfEc+4fMqXbk/TGKAP6KftURbaJEz0OGGac0iCMkyYA5JOK/nRb9pD4o/bII08e60hxkPHdkHaOueetNuP2nvi3dSSKfiP4gEJGVVr0k4pAf0WrNG2HjkDBvQjFJ9oi3EGRQyjBUsAfrX85tn+0d8VFlSP8A4WH4gjO0sGF4wH+eKr3H7SnxTZpS3xC12ZmOMm9IOKYH9Hf2mLaMSKVbgEEHn0pzOI8ndkDggkACv5yYf2jvinZ+S6ePteRB8w23x4I71Ne/tXfF25WQSfEPxFKkgABa9JOQeR+WKAP6LVuoSwUSq2RkYYHj1+lKl5DIuVlU844Ir+cST9o/4nxqpi+IWu4+7gXbEgemRVxv2iPijGiCy+ImvA7NzqbxlO7OD1oA/owkniXAMqg9QNwFRteQRth5owx5Cs4zX86dz+0p8U7i3c3Hj/xA7oRgNfNjOD+tUJv2hPiRcXTyXPjPXGcKArm+bjNS730A/o/W8hkwEmjJ9mBpJLmKPLu6qM4ByK/nHP7QfxN03YsfjvXgW53LenH86sw/tJfFS6jMcvj/AMRuinIAvCVz6imgP6MFmjQkmUE+5FOaVFUkuMdeor+cm4/aU+KyIGTx/wCICWkC7DendkDrj0p037SvxdmjUj4ga9IrcFBenIA65pgf0XxzReWH3qNxyOR3qSS7gjwWlQDpywr+ci4/aS+Kqwpt8f8AiAovABvSMYqSb4/fE+a6SKfx3rrRtg7jfHuMkdaAP6Mlu4mA2yo4xn7w6etEd1FICY5Vcf7JFfzl2/7QnxUjj323xD19IgTGoW6J4HGM5qGD9pL4q6bjHxA105J+5ekc5PXrQB/Rz9pj8xYyybz/AA7hn64pVni3sgfc69VHLCv5yYf2m/ipb3X2qPx7r63WflkF8wb+tXI/2s/i8tw9w3xG8Rpetwz/AG9t2PyoA/oqaSNeGfG7na2M03zEkBZXyAOdpB6etfznTftP/F+6ZJrj4i+InG0lZGuiSefrVix/aa+LlszInxL8QWiMuSftpIbPXjNAH9FJmjQAhgeN2GIHHrSfaImjEiyoUbjzCRtPtn1r+dS3/aa+KV21y8vxB19AISCwvCS/PT24qRf2mvixZwx2dv8AEjxEtjHtkEAvCAWJPPXt/WgD+itmWNS5O0KPvcYpFnjbaykFWGQynIP41/PFc/tZfGS6tLiCf4meJfLZSoja/JBGMHP4UzT/ANrL4t2OnxwWPxI8R2ywRkc3rABieMDknjvQB/Q3PIsahiMLzyRkD3x2xX5df8FOv2tRc2bfDLw9f6Xq2j6mJI9UCK5ubWWKVTg/NgAkEjjGK+ZPhJ/wUF+Lfw91Ge41XxHqXjGC6tZLY2+oXjAQswAEqPgkEHPGOfWvDPG/jbWvHmo3OseIdVuNW1OQqZb64JLsACApJAyBnGe+KNegHP5aKGZM7TIxKsMLlSOOKat1LZTXMaSkxqhyFJPOR2oguYWhVHtyFBIYDOSuOBntU0kcf2OYJCjGQlg6sWbBIwoGOTxQr3s2B7p8Ff2O/iH8XNU0yWLw7caV4caNLufWdQIgR4GYb2RiCCQpIHFfoz8Av2Ffh58IfFMeueH9Tm1nU7wNFZrfywzKsO0CSVAUwHByAcZr8rdN/aK+JmhWUVhY+NddtLFYlhEEV2yx+UAAowBxjGOBitiH9qX4u6CYDafEPxFE+SoVrohQDjOCMkAj0qua2wnbufuXbfD271yHVzfzz6EZrkLBa6fJHJEiI3EigLgMwJDDrgkV6LDpVlawxRJDCVt1KKuwEKCADgAAAkdcDnNfnd/wTT/bA8U/FPxS3w98QiTUltbGW+fVrm6aa5kk8xFwSQMDBOAD0r9ItoaQA84JHI46UNtDKtjbwWNulva26QRR5CRxgBVGc4wK0R05pvlJz8vfNO6cCo9QFooopgFFFFABSUUxmBYLkhuooAkrgvjh4zv/AIe/CbxV4j0yBLi/0zT5rqKOXOzcilucduPWu7Rieowa8v8A2nPM/wCGfvH6RRSTSPo10ixxglmzEw4AoA/DPS/2pPGdn+0UfiwLi2Gv3lwsl7CIj5MkJVVdCpPK7VHfORX7v/CzxkPiJoNp4hs3gk0e/tIZ7WWMkOdygsGUk4AOAK/Hz/gnz+yHqPxn+JFnrvirw/PL4E06InbcFohLISQm0kYZQynI9cV+1Hh/wnpnhiPy9Ms4bKHy1iEcKhVCqMKAB0AFAGwmAoAp1MVQowOmc/mafQBBdLugcHOCCDj3rwD9qr9l6D9orwDc6YurPo2rL5clpqKxAtCYySACAGwSeQCM19DVG0QYg9BTGfkl8NfiR+1j+ztYah4Y0LwPq/jPTLWUxW91qumTOzRrkAqS+QCBmn/AH9mL4i/tL/tHX/jz4y+G9U8OwW5iuo7a5t2WCVww/dqHJABA5FfrX5akDjpwKPLAwAOKmOjuD1M3R9FstJiWO0s4LVURYgsSBSFBOF4A4GePqa1F6c8mgKF6DFLVN6krQKKKKQwooooAKKKKACiiigAooooAKKKKACiiigD4T/4K+m5H7OOmi2a1Uf2vGZBcFQxUIxwmed3HbnGa/J3wDosXjnx/4a8OXUjWlpqd1BZtNboodFdwHwSCSTnvX6t/8FhLhrf9nvQSjYZtaUfeAH+qfsQc/Svy0+AbRL8YPh2UlyZNbtTJEBxnzBz6igD9g9I/4JlfAa10212eG5pZgsbfaGupNzkYJYgHBz1IxjnpW/qn/BOT4Ca3ePd3ngqOSZhgmG5lhXGPRGA/SvpK1x9jtwBgbFx9MCrIxwB0ouwPku4/4JffAKVnaLwzPbknjbeSnHsMtS2//BL79n+FQT4Vnkfu7XsuT+TV9aUUXYHyQ/8AwS7+AjSMw8OXKq3G0XsuP/Qqt2//AATI/Z9gUB/B8kpxjLX0wP6PX1ZRRdgfKn/Dsf8AZ827R4OkA5x/p8/Q9vv05v8AgmX+z40YUeDJFOMbhqE+cf8AfdfVNFAHyjH/AMEx/gHDzF4WnjPfbfTcj0+/U9v/AME1fgPZ30F3beF54ZImDbRfzEMR2OXr6nooA+Vl/wCCZv7PwaRj4OZmdizN9tmHXt9/pUc3/BMb9n2ZUA8HtGyjbuW9myR7/PX1bRTvYD5R/wCHY/wAMaofCUhwMA/bZc4/76qRv+CYv7O7xhT4IyQMbvt0+f8A0OvqqikB8qr/AMEx/wBnhVA/4QgkDub+f/4uoX/4Jh/s+s0f/FISBEYtt+2zYOcer9sV9YUUAfK0f/BMv9nxWyPBr47Yv5x/7PSTf8Eyf2fJVbHg11ZhjP26cn9Xr6qooA+ULX/gmH+z5CrrJ4Oe4DEHD303UfR6Wf8A4Jh/s9zSlv8AhDXUYxtF9Pj/ANDr6uoouwPk7/h2H+z79sEx8ISeWBjyfts2Pz31aT/gmb+zzHkDwQwHp/aFxj/0OvqeigD5Tuf+CY37PUyEx+C2glznzFv5yfpy9JJ/wTH/AGfXjwng14mJBZlvpsnHXPz9/avq2koA+Vz/AMEyf2e2nLnwYxXGNn26fH/odKf+CZX7PLMS3gknkEf6fP2GP79fVFFAHylP/wAExf2fpPKEXhGWBUbdtW+nIb2OXp8n/BMX9naTk+BzuJzn7fP/APF19VUUAfK6/wDBMn9ndWBXwMQV6EX84/8AZ6WT/gmb+z1IxZ/BDM2MZOoT/wDxdfU9FAHyv/w7L/Z62Ih8FNsXIC/b58c/8DqC8/4Jh/s93SgL4NaE5yWW+nP4cvX1fRQB8qr/AMEx/wBnhdmPA5BHUi+nG76/PVeX/gmB+z7LA6f8IjIJGbIk+2zEj2Hz4r6yooA+T/8Ah2H+z95AR/CEkrjnd9umBPt9/FeF/tnfsLfBX4R/s4+JfEmiaU3h7WLNoBDqLSyzbS0qgR4yeDnbk9Ac1+kTdD9K+Vf+Cln2Vf2PfGRvIJZ0ElphIn2nd56bST0IBwSO44oA/DXS7SFpreMspS4njRoywAYF8Eeo6nJz0xX69wf8E/fhVqPhnQnfwKltJqCoGZb24kRHKli7kOQFIBAI4yRX5FeH5IZ9W00FFa4a8t18xQAoXeAwP1GPyr+kbS/D6T+H9KtQVS1hhXbCmQhBXGD7c/nQLyZ8L+J/+Cf/AME7ixlt00rUdCOoSAW99DHOBD5PMgkMmVVGwQGOMgjBrK039g/4K+JLO/OnaRrWn3l80a2ls0ExeyePl2fj5VkGQC3HXHNfeS/DTTr7TZ7XWYl1Rph5btIWClAxKAgHsCB745pdM8G31nJZmW+jkEcRiuCsW03AB+QHnjaM4+tdEavKrJByo+BdF/YB+D/iK31Saz0zVoluLwTxSzl91ksRAmtmAwCXIbGQScjmptc/4JOfDbWvEiJZeJfElgLqQXCwrbhoorfaCY95Q4YdcE55r9CLfwnY6eLsWtokYuJBLIuThpAR8556jH44qN/CcMdvfiyL2FxfP5k88LnJYgAtg5weMYFL20g5UeN/swfsV+Bf2XY72fw8brUNauwEl1S/KmbYDnYNoAA+gr6EWEBgQTx0plvEYlwee24nk+596nrFu+owooopAFMdiCMfyp1RurHBBOcYxn9aAFWQMxGCMe3FOY7VJrO03S5tPlmZ7uW6WRsgSEYX6VpduetAHzB8bf29vAPwH+JA8IeJprm0uYVjmmkWyllV43QsoQqOGzjOeOvFeS+Jf+Cs/gCy0FrnSLe41e/VpVaJbSWFcAnYAzgDOByM9emK+jvip+zbpHxU1O5v9Xs9Mv7mNVbTvt1oZPs0w4MhIILHBIAJwMjisiT9lPSbPw3c6JpOm+HLSyuDG06SaWXMjZzMwJcEFiSRg4GaqyEaX7J/7RFl+0R8INO8UxFYr4sYr62WNlEMwPKDdyQARgjIPNeCftX/APBRXSfhfa+I/CmlWVwvijyJbSO3vrKWMhySplQsAroFyRjOSOeK+vPA/wANdC+HPhuDRPDmlWukafAoCQWqFVyD1wSTknJySa5P4lfs4+Dvij4m0rxDrfh3TNR1iwRoEu7yEu3ksDuXggEkk4J6VPKtNQPiL9m3/gpV8Pvhd8GdD8Na6moG9023fzD9nYyPI80kjMSo2gHfxgDAHNfVn7PP7anhH9pDxFqmn+F4L6WKziEpuJLSSOMcgYZ2AUE5JAznANV/+GJfAst1LLceGPDsqXQkguwtgytJCwwqg7+COckDmvTvhb8EfDXwh0GOw8PaNZ2EggSGR7RCgkCjABBJzj1OTTdr6DOf/aE/ai8H/s56fpk/ii/a0l1CbZBGtrJMXxywwgO046E8E8V88r/wVq+FnnIFa7lj88eYy2coKQnqTkcsCD7V9W/E34Q6D8UtHW01zSbHU5YWE1s99F5ixSjlSACCQD2zXjC/8E+/hnBYavBb+F9Ftm1Gz8mQLbuU84kkyAb8jOegIpAeffD/AP4KqeAPF2rabpV1FLa6hfaobSGKK3lIaFn2xNkg4Y5BI6DpX2613tgMrFUiC7y79hjJJ9K+cLH9hP4c6XHpjWvhbQY7jSXhl06X7LJmCQOryN9/ksykjOcV9Fw2bRxiNvnAAALnI6YIx2FAHx946/4KhfC/wP4x1PSJriS4g0+WW1kkigdjJKrAAoQMFMZ59utck/8AwV1+H39mavcppN/59vGWtoGgc+Y2cAMwGACcc+9e+fEj9kXwj8Vrz7V4j8N+G9Sliuy0DSaeystsc5jJVxlunzex4rjtP/4J1fCu02rL4O8Pzx/aHZv9HmDGEklFz5uMqcHOOcVD3QHsvwV+PHhv46eCbTxD4evobhZEXzrdXBkt2I5Dr1UZ6ZAzivJ/2mv29PBH7PN8dElv7e+8SEJL9mVGkSOMsu4Ps5DFdxHbOM8Zr1r4U/B+x+HMN1ciz0xNXuwsdxc6fbGBJY1yI1K5IyAcZxn61ynxK/Y9+GfxO8QXGsaz4N0e/wBRugTcXV1E7PIwG1AQHAwAenfFaAeafBH/AIKJeDfjV42TwvY3sFlqt3OrWUdzazIrQ4BKMx4MuCSCMA8cV9fKeoPWvnn4d/sYeAfh/rGi6jZeGNEtLnTnNwJbO2kR/OJIDqS5wAuBg5HHavoZVHUDFIB9FFFABRRRQAUUUUAFFFFABRRRQAUUUUAfBP8AwWC0u+1b4E+FYbG0mu5l15XKQRlzgQSEnA5r8rfgHGIvjn4EjJxI2uWxxtIHEg456V+rP/BXfUr/AE34F+GH067msp31wIZIJCjbTBJkZBBwRkH61+XP7NdpPqHx28DvbQXF/ex6vDctbwru+RWBY5PcUAf0VWTA2Vvg5xGoOPoKtDp6VlaLqBvrCKZ7ea24U7ZVwenpWqG3AEcigBaKKKACiiigAooooAKKKKACiiigAooooAKKKKACiiigAooooAKKKKACiiigAooooAKKKKACiiigAooooAKKKKAEbof6V8nf8FPkSX9jnxirr5oE9n8u4Lz9oTqa+sT0r5U/4KRW17dfsi+M00+ITS+ZbFlYB1KCVS5IPQgAkHjnFAH4d+HISmqaWiwZLXcBfaQSP3gxX9L3h1duh2CgYAgTH/fIr+Z7QXjj8QaS0KSlfPg3MTj/AJaDt9a/pf8ADMnmaBpzAYBt48f98ikBqUUUUAFFFFMAooooAKKKKACiiigAooooAKSlopWASloopgFFFFABRRRQAUUUUAFFFFABRRRQAUUUUAFFFFABRRRQAUUUUAFFFFABRRRQAUUUUAfAP/BZR1X9nvwwrbvm19AGXqD5UnNfmL+zxq11p/x88BxwTtBEdYtlkkgOGIZwCD7EcGv0+/4LGtCv7PfhwzGT/kPJtCAEE+U/Bz0Fflh+z0GT4+eAgBtD69acA5xiQdaAP6PbVVW1gK8qVX5jyenX+VW1xjjpVe3yLeEkZ+Ven0qwDn/69AC0UUUAFFFFABRRRQAUUUUAFFFFABRRRQAUUjEKMngVGJCecAr2INAEtFRGT5gAPclgcfhR5h5Gw+x6igCWiolk6jByOeARSGU/KCMFu3WgCaikHFLQAUUUUAFFFFABRRRQAUUUUAFFFFABRRRQAlfJv/BUJZG/Y18Y+U+1vPss8kHH2mPIyK+sm6HHFfI//BUssn7F/jFskH7TYg7fT7RHQB+Inh2Zo9Q00FwVkuokCjoBuX+tf0teD4Tb+GdMjLbytvGC3r8or+b3wD4aj1LxlodsxQQSXUBO6RYgFZhk72IUEEd6/pG8M7V0OxjXokCAHcG/hHccGgDWopKWgAooooAKKKKACiiigAooooAKKKKACiiigAooooAKKKKACiiigAooooAKKKKACiiigAooooAKKKKACiiigAooooAKKKKACiiigApKWkoA+Cv+CxBtv+GedAE8jRt/bieWFGdzeU/H5V+W/wCzqy3Xxq8BAptm/t+1AXHzHMg7V+ov/BYgo37PegrNbeeG1tAjA4KHyn+avy5/ZvQH42fD6S2JSdNdtB5jHBJ8wdPWgD+ja1+S1iU5UhBnPXoBVhSCMjkVVtmdbWIyENKUUt6Zx1qyv3R2oAdRRRQAUUUUAFFFFABRRRQAUUUUAFFFFADX+6c9K+DP2i/+Comi/BX4mXvgvSPCl14lubAGK5nacQKJQAdqkg5AB6jHWvvNxuUiv5+/23AZP2qPiDL9n+wP9uXy7eMjKnaoGCeOSP1oA/Sr9lH/AIKTaJ+0Z4/Twjf+H/8AhFNRulLWSy3Xm+ewGSoO0AHGSAcZwa+0GuFRvmwrkEkjpge/SvwX/Zx8F+IfhR+198OtP8R/8UZqPmrdGadVlWON4ZCkh5xyM9SMZr9qPif4kfQPgr4h1+G+W5a00ea6W9hUDeFjLB0AJHTkDNAHyH+0X/wVIT4M/FHUPCOl+F7PxKlicNe2uoEqCDgqQFwGBAyATjI9a9P/AGK/24E/aq1HXNOudEh8PahpqLMLf7UZJHjY43AYxgEgZ96/FiTSdW17TtZ8XpFPPplneqt7qDkExSXBkMYIzk7gjdjj8q/SL/gjz4X0azj8Y63DqNpqN+wSEi3jYSwITna7EAHJAIwcUAfp6vSlpq8AAdKdQAUUUUAFFFFABRRRQAUUUUAFFFFABRRRQAmetfJ3/BUJRL+xn4xUjA8+yPPT/j4jr6x9a+Sf+CpW9f2MfFpjOCLmxyP+3mPigD8SdB1ie+17QIp3ZoopYbdVYAfL5gIHAGQM98n3r+lvQIEt9Hs0QAIIUAA/3RX8z+gyRJ4i05Au9zdQnB4CkOvSv6XfC0xn8O6e5OSYE6fQUAatFFFABRRRQAUUUUAFFFFABRRRQAUUUUAFFFFABRRRQAUUUUAFFFFABRRRQAUUUUAFFFFABRRRQAUUUUAFFFFABRRRQAUUUUAFFFFABRRRQB8D/wDBYy3Mn7PGgSmB54odcV32nAUeU4yfbJr8t/2dY2k+PHw8t0jkUf25aGPkgEGQcAdjX6k/8Fir6W0/Z50BEdlSbXI43VTgMDGxwfbivy++Af2pv2gPh8qSIZjrdmI1jGMfvBQB/RZbxmG3RQCSqhSGOW4Hr3q0vC9MVXtUZIUDnMu0bu/OOasr0oAWiiigAooooAKKKKACiiigAooooAKKKKAGtnacV/Pd+2TcW0n7WHjNLS9kubQ6kpFxcAl2IC5BzzwRge1f0ISAMjA9Md6/nv8A2xGul/ao8bi7jhS9/tJQ23AixhdhGM845NAH0R8ctLufhP8AtFeHfi9rupNrfh6Gxt4IBIsZeWbyjGbUKQQiqHJDOCCAfevp/wDaN8YQaB+yDbXo8YvJLq2myra2EtzbwxTrPGQYgygKwiDYUKATgDjNeR/tpfDPxJrX7KcHjHWbLSp9et1t4LmKC682KC3VQEkiXAxMxIDZzwTxXz78WP2gD8Sv2RfhR8PrO4tdR16KcrfWNuuZo1jlZYUIxnkBenJBpgX0+Hc+h/8ABOm413ULSOOTVvENvPaPayqWnJWQIJickAEOQvUZB717r/wRuutOWHxtbRsG1FZIZJQisCFAIAIzjgkDgZq7+0p4Dfwt+w7Np+gJZ+HrqOSzu9b0/wC1EwphGBjiDIMsxIJAOQRXMf8ABHPVtUl8beOrSG2jm0OeCOea6aLDpOCAqhgehU5x34p20uB+r69OuaWkXO0ZpagAooopgFFFFABRRRQAUUUUAFFFFABRRRQA1s8jHFfKv/BTC6s7P9jnxnJfwNcxb7VFVWwQ5nQKc98HB96+qz0OOtfJX/BUhU/4Yx8YFjn/AEiy49/tEdAH4c6GQ/iDSYgQS1zEDIOmdy8V/TH4OhFv4X0qINv220Y3f8BFfzPaHCsOsaSQ6s7XUG9TyV+cf0r+mTwqoXw5poVgy/Z48Ef7ooA1qKKKACiiigAooooAKKKKACiiigAooooAKKKKACiiigAooooAKKKKACiiigAooooAKKKKACiiigAooooAKKKKACiiigAooooAKKKKACiiigD4O/4LBPaN+zzoUFzbNcSz60iwFTgq4ikOT7YFflh+zrcXEfx4+HjrIFkj120VjIMEESDHTqK/UX/gsdZz3f7P/hfyFcmPxBGzMpA2gxSAE+2SK/Lz9nMH/hoj4eIXUNDr9oJGYZBIlAyfxoA/ozhd5IUZsK7KCWHQnGeKtD1qrHlkyu0uwyG6j8PT6VaXpzQAtFFFABRRRQAUUUUAFFFFABRRRQAUUUUARzLvjZegIxnGf0r+er9sC6trr9qjxhPYGSa1OqqAZIwjEjaCCODjPSv6F2BZcA496+Yviv8A8E+/hb8XvH1n4u1jTZotSjuBcXX2SQRrfEYwsw/ujH8ODyc5oA8o+PXwf034sfsb+I08LW2rJrEk4vls7qWRFNygXzMGUgCLbkg/d44Nfl9+zz4fbUfjh4VspJBFdx61agSLKgjBWYBySTyAASNucmv6D9c+HuheJPB8/hjUrEXWiTW4tpLXzWQNGCPk3KQwHA6EccdzXhvh3/gnf8D/AA34km1m28HQtN5iy2sbTyhbRlxgxkNnqM8k00B5L/wUu0D+0v2e7u31u8g0+CHVLUaXJarIwkIVhtnwNoBJPOSBivOP+CPWmzaLqXxNsZ3jaW3uIYmWGQOmVBBIIzkcYyCRX3R44/Z78G/EDw7rek6zpLXVvrCot0HuJGyUBCMoJwpAY/dAz3zXNfs0fsjeDf2W9Pv7bwsbq4nvpN1xeX8geSQDOAMAAAfSqbVgPd14UAClpFPyilrNAFFFFMAooooAKKKKACiiigAooooAKKKKAGswUEntXyZ/wU7tpNU/Y78XwQAF/PsnG4heBcRk8kjt2zX1mzbVJ647V8p/8FKdc1Dwx+yL4u1LS5hBeiS0hEjRq42vcIGXawI6HrjI7GgD8O/D9qV8TWHyAstxCxGQCfmGCM9R9M1/Sz4QuEufDOmSxgKrW0ZABz1UGv5svCHiC50/xNp9zDNsmkljj+eJW3ZcEggggc9+1f0neEWkk8MaW8qqkrW0ZZVAAB2jjigDYooooAKKKKACiiigAooooAKKKKACiiigAooooAKKKKACiiigAooooAKKKKACiiigAooooAKKKKACiiigAooooAKKKKACiiigAooooAKYzFc5HPan1G4BbOMkDg0AfA//AAWD1Mx/Afw5ZoiF5tZUhnyACI3IxjvX5g/sz2pP7RXw280F0k1y0DhuBnzh0r9Kv+CxeoSp8JfBtkV3odZWU7eCSI3wM9B61+cf7Ouny2P7RHwuZ5Y3S41+2lVY5lcqPOAwQDx070Af0TRxrGoVVARRgfQVKv3RikT5lHFL0oAWiiigAooooAKKKKACiiigAooooAKKKKACiiigAooooAKKKKACiiigAooooAKQkDrS0xwWXAOKAF3LjORilrJsNOhsZLopuV55PMcSOWBPA4BJwOOlai45waAH0UUUAFFFFABRRRQAV8nf8FOo0b9jnxju4JuLMjPr9ojA/WvrCvkj/gqWT/wxj4tI4P2vT/8A0qj4oA/EfRbF28TaRErNLIbqLEaISSNy9Mdfwr+lvwunl+H9OUgqRbxghhg/dFfzV+D9UuLTWtMminVJ4LqNgd2H5kGQvp0/Wv6UPCc32jw7p8uxkD28bbXOW5UEk++aANiloooAKaWG4Ank9KGYLjNfGX7f37XFl8CfC9zpmgeIXTxveR+Va6fb7GMGeTK2QcEAjg9c0AfZ24dyPzpNytjBB9K/CXS/+Chvx7sdcjd/E76uvmqXsXt4wXbI+Q7RkckD5SDz1NfrP+yD8TvEPxe+Eth4o8TrFaavdySCTT4QQLUKxUKc85IAPPPNOzA90yKWmrnJPvTqQBRRRQAUUUUAFFFFABRRRQAUUUUAFFFFABRRRQAUUUUAFFFFABRRRQAUUUUAFFFFABRRRQAUUUUAFFFFABUb5XBzx0IqSmOuWBzyOwoA/Pn/AILEX0Vv8G/CFuAz3B1sSZBAO3ynBGSMdD+Qr81/2a1to/j98MnijZrn/hIrY7mICKu8fL05OT1zX6Rf8FkJ0/4VD4RheBXLawDuH3v9U+B7DNfm5+zXNdXX7Q3wxtpIFSGLWrJSFUDAMwIJI6nBxn2oA/otjYlVJGG25IXpT1OVBPWmRrtAXoAMAVJjHA6UALRRRQAUUUUAFFFFABRRRQAUUUUAFFFFABRRRQAUUUUAFFFFABRRRQAUUUUAFJS0UAN8tTkkDP0pVULwBS0UAFFFFABRRRQAUUlHNABXyR/wVJVj+xr4rKlhtu7Enp2uYzX1vXyd/wAFN7eG6/Y/8Wx3F0llF59oxkkyQSJ0IAA7k8UAfiF4RmVfE+kXhiWRPtsYMcg+XO9cA/U89a/pe8PsJNGsnAUBoIyFU8AbRgCv5ovDMaR61pFncIxtJr2Fg0YJOS6+vav6WvDMMVt4f0+KFWWKOBFUP14UdaANSkNLSUAYPjLW7rw74Z1XUbGxk1W+s7aSeDT42CvcOqkiME8Ak4Ge2a/Df9ub9orRP2gfiRaX+m+GE0O8srXyr6S4jJuvtIJBjZwcFV4AIAOe9funr+hweItGvtNumlS2vIWgkMEhjfawIO1hypweor8X/wDgpF8D/h78IviTpdr4Rvms72Wwd7uwnEjncMFGMhBDM5JBBPYk0uVPVsRwn7IP7SWp/CzxVpHhey8KaBq+matqEYvp7qzMt8w3DpMWwAuSQAvQHrxj92tHhtI4wbSGOGOQb8RRhBgjIOB1PPWvzr/Yi/Yz+CXxS+FXhbxVcWWsXHiu0S3vLuT7XcwxLOfmBUMArDIOduRjjoa/SKGEQhVUYAHH6VWuwyYd6WiikAUUUUAFFFFABRRRQAUUUUAFFFFABRRRQAUUUUAFFFFABRRRQAUUUUAFFFFABRRRQAUUUUAFFJRmgBaKT6UUALUcmdwAODin5FMYZbnpj8aAPzz/AOCx2yT4O+D4jEyznWgRMo4wIpDj86/NT9nfzbf48fD6ZJZGd9cs1kUg5BEikY/Ov0u/4LHxzL8FfCdykchjh1kZZQSB+6kxn0z/AFr83P2ZFnvv2ivhskVvPJJ/b9pKwVCRtDrljjtx16UD0P6J7Ny1rCSSSyg/NnPSp0+6BnNMHYkYOMe30p65CgGgQ6iiigAooooAKKSigBaTNNYjacHpTI5POYjBG2gCaiikoAWim7hkjPPpS7hjrQAtFIGB4ByaKAFoopKAFopCcc0m4YyTxQA6im7hnBPPpQGBzg5+hoAdRSbvU0ZHXPFAC0Ume9JuB6HNADqKSigBaKTcPWjcOhPNAC0UUmaAA9OOKFBA5OaWkoAaxO044OK+TP8Agp7ayXn7HPi1YoHmdbqxdvLXcVAuIyTj2AzX1k0iqwUsobHQ18r/APBS6/vbH9kHxcbDzBPJNZxgxKWYq06B+Bz0JNAH4i+D/t954z0NbZxPK2oQqqsR03r17D8a/pY0VmbS7XeNriJQwz3AANfzffDi2tbPxbppvfDmpaqRIirHBM8DiQuNkhwhOBjp39a/o38K+Z/wj+nidWWXyE3BnL4O0cZIGfrigDYopKAc9KAEYntX5N/8FirPV/8AhNPB0l1ZabHoBSQwXVvj7ZJNj5lcddoABBPGSa/WNq/Ib/grppukXHxW0K5sLTVrjV44CNQupImeyijJIRU4wGyDnnpTVm9Rn2f/AME5bvxpdfs7eH/+EnstJtdJjsrZdEbT33TSW+w/NNyQHOF4GOpr6tr4w/4JexaHH8CFTS11+HUEW3XUbfWVZI0mCsP9HBHCHk8e1fZ9J7iCiiigAooooAKKKKACiiigAooooAKKKKACikzRu6UAIzbVJ7e1ZuteItM8P6ZNqOpXsNlYwqXkuJnCooHJJJq9cAGPDfdzzxmvxx/4KT/F7xl4Z+O17o+jeKfEdnoVu0c32aSdhB9rGCPKBGAFBU7QSCevpQB+v2h+KNI8TabaajpOoQahY3UfmwT27blkTj5gR1HIrR+0RtwGGa/Bj4K/t7fFL4U6zbSXOsX3ijQraQ3VxYTsQJQcAruAO1ckHJGCcdziv1t+A37Vvhj42eEPDmr2SSWFxqwkD2s0ifuHjB3A8nCkggEgZ44GaNOoz31adVKz1C2upZY4Z4pJI8bljkBZcjIyB0/GrSsGHBGOnWgQ+iiigAooooAKKKKACiiigBjNhgAMg9arSX1urEecgZSARuA6/WotWmeC1lZH2N5bYJyQpwTk47CvyH8YR/tK+O/iZ4hsNA8c/a7drmSXT1gvAscyKTkJhAW2YwQTweDmo94D9f2uY4mG91RWYBcnqTVmvx9Or/tj2senWc3jvyR5pt7ZBPGHvAo3PImUJZYwSGIwAVI7GvG/Fn7dH7Q+g6s+ny/FG4eW3YwNNZ+U0Em04EgfZhs4PIwM9h0qkmtwP3himikZwjZIOD9akABycV/P7J+3t8f7ebZafEfVQ7kANiIhyfQ7Ks2v7e37QV0pCfEzVy2QMYhBHtjZ2x+tGoH7ueL/AAfoPjbSzp3iHSbLWbFmB+zX0SyIWHfBBGaxND+DHgPwzq1tqOk+EtI02/hTy457a1RHQDsCBxX4dx/t8ftAvuB+KGovJGRlGWItg9TjZzjrx6U1v29vj/5kTr8S9UkZnMaOIowSAeSQU+vPtS94Vj9/toFOr8A2/b9/aBTzUHxM1gzxzbCAkRGD7bKP+G/P2gP3sf8AwszWFlRA4LJENwB5ONnHHaqGfv5RX4Bf8PAv2gWeXPxH1ePYu5twiAHvylLa/t/ftAXEbE/E3VAQcCQCLaeRwBsznBoA/fujNfgNJ+3n+0Cbp4E+KWqhscZjjPViAANnJIxSXH7d/wC0PaqY7j4j61DIGwHkijUNk8EAoCQfUcUAfvuu0kkHJzzzS7hgljwO/Sv5+rX9ur492dwXHxL1aOSQFmJEeC2eMfKRzU95+358f2jcr8S9WEWQGDrEcnAOAQg5zxSA/fvcEUkDcCeSDQr/ADAMApP3Rkc1+BFp+3l8f5pSp+JWp/ZlQSFWEQO0jpnZyc4qveft5fH+NYHb4mam8qncpCx5xj/cxjPc0wP6BarPIA21jgZzuJAHXpX4Jv8At9fHqNYy/wATNajD8hgIW3HPQDZwK5/Wv21vjtrEhguviLrE6RsJQq+WCpznkhR27GgD+gxsHJzjuegOPr6UxZk7SqExxgg8DjrX4C3H7e3x7bTXt1+I2pNFkRljHGHKkYAJ28AH8aqWP7aHx0s9POnxeP8AWDHuOVVo2BPXIJXNTfWwH9BDSpGpJIG089BTo5g5wGViRnCkEiv58r79t7446jazxXfxD1Z3mAQ4MYXA7HC9fpUWgftkfGXRZHmtfiHrFshXBZXRs/8AfSnFU72A/oV3HHJDDvzimRyKWIVgx7ruGa/AZv29vjyloc/EjWDC6krt8onggEH5Pes6P9t747abeC4sfiPqsbyD5g3ls2OhPK46g0lcD+gp5FdDg55/D8cdqhNxDGQjSxofqAPwyetfgLN+3V8fGxEfibqhhuAfMAWMH6H5ciuD1b9of4l+IpBd3/jnWJXtJxJH+/KjcCDnjGeQODxTA/o8LquMnLAZycdPrxUSzRvsMb5DE4KYIz0OSOK/n/1D9t3446pa29lffE7VJbO4Xa0aqgIHbBC5xVPR/wBsr40eFtJSy0r4jaulhjIiUqTvbPcgnH40Af0HNIOZA6lAPUYyPU0iSq2w71Jbpggj8PX8K/nvb9tL4332hz6RP8Q9VNoxJaMyIp65IBCZz+NSaX+2f8a7Wawmg+IOpqbFGjtQzKwVSBgHjn6mgD+g1pAuQWyBySxAGfxqL7QkcbSu/lRdCXIVV98n1r+fvWv21Pjhr9rMLv4g6xtx86lo8NnJGAFBAxmqGs/tqfGvxN4bfRtR+IurXGnMoVrcbVOB0G4KD6d80Af0LpMJIw2DjOMqwYfXilZ13hGbaBghiQM+3PWv589D/be+M/hPSUt9M+IutW0ahQysI2HXoCVPGP5Vb1L9ub466sInf4k6rJPE5MRfywDgnkYUZPtTsB/QG5AAyPvYGBSQzRzZZSp52gqc9K/Ay4/4KDfHlbNLZviLqi7WLG6VYyzAgDaRtxgHPNUbT9uf47adGEtfiVq0MJJlLFYzz1J5Wiw+h/QVUbMA2ARnrtzzX4D2/wC3x+0PLAjH4k6sfMBCsBFjOeM5Tg1HN+3r8eTKkj/EvVorg42MwizjBJOAnSkSfv8AKTwSKGyVIBwa/AD/AIb9/aCaQIvxN1YAgN5jLEAOP9z6UN+3x+0OyxInxQ1QzMu8gpHjGeD9ygZ++01tA00c0u3zUGAzECq+r6XY61YS2uoWsV9aSAFoZkDq3II4PXoK/Aib9u/4+3Mcjz/EzVndSAUVYxxn/cq837eXx/tJkiPxL1dI1VWXckX3SOn3MmgD9xrX4UeDrHURfWnhrSre9KiPz47ZVfaOQAQOgrrIWVIwCcAfKGYjnHFfz+x/t3/H37cJz8StWeTlR5YjwAT1ztxn2rej/bn/AGjFsbuyufE2qXpnCxx3DWZMkOCDlCFABI6kg5FID96d/TLAA9M45pAyscbgCOqgg/nX4Cy/ty/Hm32w3/j/AF6GWE5MZWNCFxwwynI9utUYv25vjxY3jyx/EbVY7knDcx4weQeV5yAenejXqB/QY2MYPNYviPwxpXiyyew1mwg1OzkIY29zGJEyvIOD35r8FW/4KAftDeZEqfE3ViWbBUpF+f3KmT9vv9oGYBR8TdVSVcjdsiI/9ApgfvnZw29vbpFBEsEEahVVQAAAMAY7DFWd3TJ2+mTX8/bft4/H+4zHL8UtUkVTztWIHj1+Sib9vj49yKGX4naqfKHAKR/l9ygD+gZmxyTgetLzX4CW/wC3l+0FdziKX4n6lBCxXLOsWIyTwCdnHQ1s2P7a3x/vI9TuF+MkkcVmQBBJLCJZOQPkXYSep6EUAfvHRX8/9x+3/wDtAwu4HxQ1T7wAGyIjqR12e1Tr+3p+0K9w+fifqgiVsF8RALwTjBTnpQB+/NFfz/N/wUC+P7Mvl/FDVUKkArIkQDnOCAdnHFW5/wBvj4/26hz8SNWjUff3NEx68YGygD99aTeOm7mvwFb9vr9oI5c/FDVUTHy/JFz/AOOVFH+3x+0GLV5H+J+pB3wATHFkHPT7ncUAf0A0V/P9L+35+0PC0hl+JesRjcAuEixgjOfufWppv2+v2go8E/E3V2BIG5ViHXGD9zpzQB+/dFfgdZ/t5ftAXl0sP/C0tQgDLv3SCIkAdR9zvUbft4/tASbHg+KWryQbcysI4sKc+6UAfvix25yAF7kmm7h1LDZ2bIr8Br39vr4/NIsI+JursJAAPliAxjr9ylX9uT48CJ4rn4k6s0EaltqGIEn67DikB++c0YmQgElenykDPHUH2rxH9pb9nHRfj54U/svVNQOmNGvlreLbR3EqKeHCCQEKxAAyvzcV+R3hv9tj40a5ZTxXHxj1PSLlSq2kN3FGIZMsAd8wXCgAk5wckAd6o3v7aXxsW3u7S9+K188trKDC8RikhnIJJKuEBGAQQCOaTv8AZA9k+M3/AATf8X/D97e7+GUNz4p0e80lo75Z38mfzFKswKAjLNjIXB5HTOK+M9L8Qaz4F1mX+znvtF1G3k2yI2YWUqeQ4ODkHIII7V6l/wAN4/HOC6IPxJ1Qx+YZNyiI/MR1+51PpXjeteILrU9Uu9T1CWS81W+ma4uZZMHezkkk4AGST0HpV3bXvImKauffX7Lf/BSa18L+IEsfGHh62s4dYu0Oo+II5JpGA2hQ5UkgYCg4AwMmv06+Hfxj8GfEmONPDninR9Zu/K8yS1sbtJJEGQCSgJIGSOoFfzc2eRMJZ1YgkZVThc+uPpiu/wDhH8bPFvwN8YR6z4K1O40q82rHdyIVYSQlgSjZB4JAzjmjToUf0iD3pa/Kb4W/8Fd9Y03Q2t/EvhC88TaibkmS7s5NqRwk8YUKTwPXrX2p+zl+1ZH+0lqGpto3hjVNM0K0iRk1TUIzGskpGWjCkZOPX9KQH0LRTI8hTnOc9zT6ACiiigAooooAgktxLkkA5GMEVVOl2sahlgjVxkB1QAjPXoB3q8zhce/FeQftLftGeGv2dfANzrms3QN66sljZIcyXEmCAAPQHkn2oA8K/aa+KHgXwSvjK71f4kx2WuadcoljZW9opuNPYxqTEoP31fOWB4IYivzf/ZT/AGTdd/ay+Iuoy2s8lh4ctrgzX2oyIACCThY1GQWIJ9gM+lZ3w++Hfi39t79o7UYor5oNR1WWS+u76+QvDGqqCF46EoAoz3FfuH8HPhHo/wAG/Bdh4b0TTrOzs7ZAm62jCtJgDDOR1JOcn3qvhEfDniD/AIJe/DKyt7tILnVIZ7VFAvHuZP3kxYYgRTgYI4B7GuQuv+CafhXRvFmp38F/c67pEltHFpmkvdmFpL0/fg8wHdxwc+5r9MdY0e1a4m1CfzpPJg2GNQXA+bcGVTxuBHB61yHjjwN4em0jVNW1DUm0S3msQr32FiNljLGdDjCv8wyevAFNtWGfB/iL/gmf8P7rULafTNcm8OaVGCksVwxnVpE+e4iaUncpVVIDDtXxD+1R4F+HHgf4kpb/AAu8SSa/oBt9zsSx8iYEq0aswBYcE5PBzX1P+2n+141ndXXw9+HusSajcXmIb25sCksQjClR5ZAzvcHLkHnoe9Q/sn/8E0b3x9HZa7411C1i04bJZ9Lkt5VmUYDIFkBCkMCNwA6EjrU9AOU/ZB/YRtPjFpMHjHxtdmx0e4Jls7GIuj3duozJLvAyMEqAD1yemK+gta/4Jq/CLUBBLoV3f6al0I7u1ka7mmM9oCDIcEYBxnA688V9q+DPhfpmh6LdaFbRLbXCxIrLboyW8KkEBYhn5VO0ZAxnvT774NxXFxZBL6W1t4Lj7ZsgdgRIWGUXJIERXIK4qtEB8NTf8E6fg1Yz39pff2tPc28qXMk73MyAWTkASgAYJUhvlBJwOleCfF79jH4WfDNta0y7+IF5Z6vp8X9qPazW53/YmGI/LGcOzMycEggZJxivv/4/ftAeA/gD8P8AVtS1LXT4j1NdQeK10/ehc3CqpEBOOFAKnB6bskV+RP8AYfxE/aJ8aar4lOma1qyX0u2bUI45Z47dcg7SQSdqgHgEDjAqeoB+zr8Gbf47fFqy8N3es3Gl2Gx5f7Qt4g7x7QdgIPAJIA68HvX6Gaj+wT4E8cX+k3viXxDrE93aQnTr1L+4lkljn4EKLgEYIDk4PGRivQ/2Df2SfDvw78Az6/PHZaprmoI0CapHbzwOYN2cPHIxKuDkZAGQBX05o/wrsdHWy2Xt3ItrBJEPOkLF2kIzIxPVgAACeQKatbUOlz4PP/BOX4OX0ktuHun+zRG2kkh1G4YJfY+WLkAEZGM5+uKrQ/8ABNX4Utp89rJqeoC7lZVhk8+QDzwAXgwB0HBBPPJr71uvAfhnwt4YmvL2L/R9OsZTcXAYruQKWeRgpGXwud3X3r5M/aK/a2+H/wAH/h+92t0up+IdYs4/7LstLkAPl7mCXDsSRvA4JPJAFGl9B2vqfCv7XH7L3g/9n/TbLUNK8V3GqS6lcj7Dpc1uxLW+07yGIySpCjBwfmrtfgv/AME77v4k/DGy17XLuTRtb1OSG8tYIv3m3TsqGlbGVyVJIUEnkcDmu4/Yl/Z21/8Aam8c6v4/+Ja38uiQqlzpf29JCjPI2d0AYmMphCGGMHIr9N9O+E+jaZCkaxyRwRTieKGCQxpEFGAoAIwuMfKOOOlIk+FdN/4JufBu0aC7vP7W1G1hceaEupEEluAN04xypBBG0c+1VdW/4J1fCG9kSCwuLzRJUZrq5Zru6lzYhgQ4LIAWIwCM8Zr9DF8IaUu7y4T/AK8T7QzYEn0B4XgfL09q8W/aD8YeEf2dfhrqPiXUb+SzP2iaW3t7pmnS5uZEbERDEkISM4UgDA4pD3Phn40fsE/Cvwb4B1DXYPEd54cbTYX1CcTO87XFuQRCqBsLuZhgAEde1fPX7Hv7Pdr8b/GtxqHiK2vovA2lRN9svYFMYEjECGMCPLZbnJAIGDzWHpOsfEn9rTx1pOgy3eqXOkPciCSK18ya3tInmLksoJBVS5wDkjj0r9lfgL+zr4Q8A/DDw3pmhC5W2hsmhlmYGCW8LHBklC4JII4J5FVGydwPk7xR/wAE9/gz4b023SfS9UuZ1u4rW6S2v5SbSSYjyiScBlO4ZOSR6VNZ/wDBL/4Wedcie8vLuOOcWJiN1Oh+1kAhBgYK4YHNfbN98INL0+Gwlha5ktbG2aKSCSWSUyqBkMcnLOD0YkkdjWk3w+0iDQJ4IpbqyhuINonadjJHkZ8wliSHGeucjHtTlK7GfEl//wAE2PgdbW88kIura1hlNutxcajcbGmVSZIzx8oAGcng4Ffnn+0N4b+HOl/EK50H4ZxXF3plmFtWuJJmlN1c7skxZ5IHAAIAOPU192f8FCPjLa6XGvw28B6nqep+LdWgiivYbVWKSW5VmypB/wBYxQEkYOAc1Q/Yb/4J36bNb6Z4v+JFut9qdwBeW+nMZUNqAcoxcEZckAkHIx70ntck4v8AZc/4J4eGvFnw5h8T/FG4u7S/1e3a9sNPjaSFo7eMgO0hUZBBIJBGeRjNem/8O+fgNdajY2kUl441C3Oo2iLqF0zT2YAzLgLwckHB5r7zt/hP4ft7a+iWCfN0/mFnuHYrwAVQk/KpAGVGAcZIzVO++DOg3NxBcW3n6fdQzLMs1vKy4AxmMc/KhxyowD1xUDPijXv+CYfwomZjpsmrIyiKdbg3UpaO1bADBSMEgg5Ayw9K4/xD+w58FvCNhe32tWl7p9vo5a8vEi1C4Yy2eMRyAyKFDMxxtByM9BX3B8VvG3hv4Q+GNT1nVdVm0tptUjkja6lKxGfaoVAScLEcDcRgDJPWvyQ8Y2fxf/aV+Mdx4Z0/WJdag1KcPIml6i13pttHIxIDsp2gAJ908gnHWqQHk/gv4Q6z8d/HGu6F8NtOkuLC2M13b280qLLHEWPlgsT8zHIHBPPtzX3P4F/4Js+CbXw/4bu/Fl3Na6hYWpHiaFZbhTHOT8gjKqVYDOGIOBgYr6h/Zl/Yd8H/AAT0/Tb6GJr/AMQ2iPGdUkMkLmRgQ4IBG5Mklc5wAK91f4Z2FxNZS3bXFwbSCSBd9xIFcOQWLKCAxGBgkEjFVowPhHwr/wAEzPhhJqWoRzS3OvWdqZIpDHd3EMsFyD8kIAGGXGRuPoPWp7f/AIJ0/Ay3uNgg1BRMwsgs1/ch/tZA+UAKQVGR82a+2Lr4X6Jpcd5qIfUNkWly2jx29xKXlQjLPgHLSccHrk9a+Lf23f2hNC+C/wAP7Twrpk9w/inVtKVLLbJKk1pbsCokdicrMCDknkYFLmUXZK5S2ufEX7ZHwS8D/BTxnBpngW7W+tFkmt7lHuJJJ4Z4wN6ujAAAbhg85Br2n9mv9gXRNc0WLU/iSszRa9a28ugx2vnorkoskjMY1O0qoYYbAJHGa5X9jX9nPV/j544vfHHjmxuNU8L6eFuLlrq3nlmvyxwGhdSN7AgZ3EjBPFfrWvwx02+0uSWGW+trS6hgSGy8ySFbZUUBAApBXgYIHqash66o+Grz/gnT8Fo1hggS+M90WktHkurwCSNT+8JIQhSOMA4zTB/wT1+DElylqWvnnktmvo1ivbn5LRR80x3KBlSR8vU19yah4EsIdJI1aTUL17y4jVmsJJT5ZAwANpyqYHJz9aRrDw3axa3eSRyactmzCW61QOkGCpwUJJBjBAyAcHuKlvQZ8Cap+wr8FPBnhOXWtTv5pLa1iGoNOL26UNbMAUlIKBQxP8INfAnw88M6P48+NOi6Bf6jPZaJf6l9n+1IpkdIcnaQCMnIwD35r3n9r748eKPiZ8UNe8AeGNVuta0CS6jEdnp2HjmkWNRsjCjIj3gkDp14r6a/YC/YIsLPR9D+JXitr4eIFdpI9KuIQiRKSRhgwzvGDyD6YqBuSSSsPuv+Cefwg0m4d9Rtb4xQyhb2QXlwWhaQgwgIoIIYYzjIGTnpVfRP+CbXwz0qK8l1251HVXjneDctxJAYZXOY4AFGCACPm9/avvyw+EulWcIiL3TsodRJ9pcsQ394k/MQOATkjtUlv8L9NsbOKES3EsUUbI3nSli+cneSf4hng9RgelMlX6nw7af8E1vgtqFmkUFtqkN+5e3kWTUJxtuhgiLJGCCM8jPWvlv9tb9mr4XfAvQdPPhq7un8RySJBLaNdmUxSAjesgcghduSCASTjtzX1n+2Z+1Nafsw6jb+HtASXWvFV1YSR27fag8dkpyBLIgO7zSCcN1+Wvjv9mj4E+NP23vi1/wlXi24m1PRLeaO21W+aZEdjHEBGoB68BQSMEjPeizQzd/Yy/YR1D4uLF4l8Z2l1pvhy7hEmjCOXCXbbiCQ8ZLR7Sp+8Bkmv10+HXws0zwX4Ws9KY/2oLdDGLu8AkmYdAC55IA4B61V+GPwt/4VnoGmaPpi2ttYWduLVbaLcIljVmI2Ak4Yk5JPXJrv1AjURyYAYcAYA+gpXtqB8P8A7Un7APgb4uahpr2up6pp3i0Eq1yoeZXh3FmJBwuVBIGTkgAV8jftPfsR+DvgZ8EV1vTdbuNX8UtcG4gubhJUEtouAylCoVWDEHkgkdMiv2L1SZLHTbicyxRGCMyebOxCIAM5JzyAa/JH9r/46XX7QXi7Tfg54GRNT1O/1BZJ9WW6cW9xcYYeVCSSBEAASTkEjHanq2rgfBmgeGdX8QXEh0/T7vUprceZKltGXKKTgkgZwASBn3r71+Gv/BLO31Xwymo+LPHMmg38lmuotbWto8yJC6grliBlgc5Azj3r7A/ZP/Yki+C/h2zi1qzsZ768tY59RuYiRctcBgfKLDAMQHGMc45zX0D/AMKesnt2jk1G+kX7b9sVTOQq8ACMAY+QAfd6U5RXRgfm1J/wSc0i3ZxN8SrkPbALd+XpjECZgdioccg45I6VY0j/AIJS+H7jU0aX4g3FyljLHFd2/wBhI23BwyxsQMgEEZIzjNfpJYfC+z0/7GWvr64e3tpbcGSdipDkEseeWGMAnkc18hftp/Hy2/ZN0kJpMkF/4j1SJ7SC3NzIZYodhxPMN3zMWyAx5AAHUVAHwZ+03+zr4A/Z7mOmReNdQ1rX7iHzILSGyVYo5ATxMWIIXBIDKCc1ofsv/saJ8c/C8et6jqt54eg1S4NporRW4mF7NGcyqcZChdjnLEZx71rfsu/A/wAR/t0/FptY8Y6/De2Wgx263Uc8DB57cmQ+UHXHIJPJJOCK/WzwT8CdP8I+H7PSrS2tdNtLVjHFBpoaJI41yEZQD/rCMbmPUknvVadQPzv1D/glVoB+yyp8S7iYXkjC2jXTyS4j/wBcTgEAqc98H1q/pv8AwSw0L7faSWHxJa5/tBTf2xm01irWyHDsSRgMCwwDyc1+hXib4e6dZ2ssi3mqW4muomX7Cu4wnHKoB91W6sehrxf9ojxp4a/Z1tbvU9d1aRtK1CCa8itGu/KuUmQqI4YUBB8s723AccCjToB8VfEL9gf4YfB/TdT1nx38T7q2TyWurLT4rMLLcIxKoycjncegPHfAr4z0HwTrHi6W81HSbK41LSNOuo4J7mNcFVkZlj3AcjJHJ6cHmvY9GbxV+298d4vDdtetoyas8t1ZQX0r3MFqqxklUDEsASDgAgZI4r9LP2cf2LdA/Z/uJdPvLaS+1PUBGX1C3WRopmAOQ6ElABkEEjIJPNID5X0X/glHBceF9I1DxH4/m0W7mhia+tWtkb7NLIBsTIJzkkDJ9ajvP+CXnhWxsblrz4pu88N4NPa1htFMjXjAeXCOeCQVwSQOecV+muj/AAtsND0IWV/e3WswrI08kl+VZmPJAJAGQvGPTAxWZpXwl8IaXqkCrp8k1yhN6LiVSylyxKuWOQXHAB+8ABzxV6LUG9bH52aX/wAEqdG1C1sm1Px3qmnGZfs8kEllG0iXCgkxEBiM46EEj3r5p/aA+GPwn+Hsuo6Z4P8AGuqeI9fsYFint5LFYrdJUYK6MxIYOBk4AI4619s/t5/tPQ/C3wnrXwz0u9x4pumYCSzDKLeGQ5Sbzs5EwKkHByAfwr5i/Yv/AGKdb/aS8YXN/wCKbmSz8P6bcpNqEdyXFzdl13AhzywYEEk9QanSWo9ih+yX+w5c/Hq1S58V6rP4Qs9TthdaJdLDFL9uRSwkKjdkBdvcZJzxXrjf8EvbLR/EGpaQ/wARmntJY1ntFtIY2mltiD5krqzAAK20fLknI96/RXSf2ddI8H2djD4auG0kaaiwWS+WsiwQgkmNAwO0MSSSOTWz4M+F1pos11qN8lnf6pdKA05t1KRDjMcRIyqdOM9RVaCPzmuP+CVGkQ6tYWcfjbUtRnulWUfZLGI+TCThZXDODg4PQHp0rzL4ufsT/Dr4K+G9TvfE3xLvoNZt28saSmnxmc7g3l5BPIYqRkEgAHkV+k/7Q3xY8K/B/wACyeOdUS+tE0eQxJb28QimvDnAjBYcpnGOcDNfkT8N/hzrv7afx41e00zV72BrpmnivNdke6MUZJIjcqcDbuJAGAMnjmhJMCb9jv8AZdl/aW1zWbdry5sNE0yAMb7y45Q0+cpGQzDAbHBHGSK+oG/4JZaJ4u8SOj+MtRtFtwIrtoNNijihnKgCIhX5YrgkjjBHOeK+wfhH+znYfAf4ZWHgPw9Gg1W4tgt5qEdoTHK5YF5TIcsGABCgnAOOK8k/aE/aktv2R/COp+FbyOTVfEV/I0GnutzGbmSEqD9qnYDhgxKjPJCj0pOyA+bfid/wTf8Ah58LI77Utd+It9pegQoRNevaQsEmBAEQUOWLckkAHp1r4x+K/h/w14Y8WX2meEvED+KdDhijMWoSweSZCVBIA9QcjGO1XPiB8YfF3xKsdNsPEeq3eo22nsfKt3IDMTkiQkcsw7sck881T+E3w31P4i+K4ltzc2thHOrT6lHYSXSQuzYj3IvJBYhcE8ZqFFtrUnmRycmJGk8rDx4DIzYA6Djrwcg9cV7Z+zh+yh4p/aB8ZafYWUFxa6RNhr27gQLJHCVJ81Q5XcA2xSQTgmvrn4O/sU/D/wAG2MsXxDOneJ7iHUGF1exiaERSMqGGMxhgGUncSSDjOOK++vB+h6etxp1poAsbNLOIwT3mkwQjymUgG2xt3BO5xxkfWrkuV2Gee/st/saeDPgRbX09tohj1S6jFrcSXlwbnzUQ8SANkISeSBx2r6N0vQbLSYzFZ20NtCTvCRIFG7uTjr2qf7K/kqC2GBBPABIBzjIq2PyqRgilVAPJ9adRRQAUUUUAFFFFAGXqkjxxTyeYsflxFlLvhSQP4vQZxzX5KeMPDvxJ/bk/ao07RvENva6n4Q8J6g9ndaloMRe0SPcZNshJALHG0kdM1+uN/bwXVvJFPGkiSDY0b4w4IwQfUEE9axfA3gPw14Ctrq28NaFZaDBNJ5k8djbiFZH/ALxAAySD1piOP+D/AOz34P8Agjd6m/hPSxplvqLrLJCuMIyoq4HGQCFBPOMk16ttGOmaXn0o59aG7iiuUq3DDawIyPvfLwcD3r4+/ag/a40vRfCPiXQ/Dl/a6t4i1S1Om6Zo4g82b7WxZT5iHA2EY5yenQ10H/BQD4oeOPhr8JI28EWUlzc6pO1tNcQRSyywJsyGjEQJByep4r5S/wCCb/wz8Q+MvHOta34+8GXU+r2MkEya14otZ1lljZjlY96hSRjPHqKRR1f/AATb/Y38T+DfEWofEjx1YRWUtxHJaWek3cYaXduBMrEggA4IHHIINfpBb2kUMIRYljCnIwAB+mPQflUttjgKm3gZBHPTgflVg/MuKAKqoxkJJA65A689K+dP2lv2z/BP7OeuadoniG7urfU9Ut2u7eW3gWaNFjYBkchgQWIIHHevoXUPPaznFttFyVIjY/dVsHBPtnFfjp8W/wBnX4l/tH/HrVNf8S6TPoelW2rw6LLILK4aLAUk3EYCnKOQcsMgFuSBQB57481Lxz+3p8cptZ0vw5MNAhkjgkaxtsra2+/JdxkAsQeSOcADtX69/B79nvwz8I2lvdDt5oPt1nbwT2SsDAPLXAYIRwTkknJ5roPgv8K9B+E/g200jRNIs9JVUUzLZxhRI4UKXJAGWIAJJ9a9BVcZzQBXhjjt1CIixoTwqqAPfiszxB4hh0O1ineOaVZGCYiAJGe5yeBW04JUheDjg1+eH/BTbxB4ph/sXRfBmk+Nn8RyBXk1PQ1uHskgJIdXEQILH5T06Ck9VYD074zf8FDfhZ4E8O+KbCDU5b3xLYtc6cmliAOwuAjAM4JAKbgATk5GeK/Oj9mr9ljxX+0z8SLbVfE2gatb+D9QuJmuNWtIiixFgG2ruPCEkgAAivcf2Sf2LdVf4yWut+MYBr1jeWbXsralpbGGYlgHSQToGEhJJBHYGv1Z0TTbbR9PhsrK2jtbO3URwxRAKqqBwAB0A6Y9qIpR1KcrqyOd+E/w30z4T+AdE8I6QZG0zSbcWtuZm3MUHQk4HOSa6+RiqnA3e1LJj5cnHPFcX8SPGlx4J0L+0Y7C4vYd4WaSBkUWy9DK5cgBVHJPtVeYjF+JHx48IfC8XS69qi2hhtJL6QB13bEA3AAnO4ZHFfkp8WviV8S/+CgXxkn0Hw0tzd+GrW6d7KO3i8uJbYMRvbJIZwD1BB56VxHgv4SfET9qn4sauLR59Vt9N1HfPf6lLI8cayzOEYKQSVIjIO0EYA6ZFfs18JfgzoXw38N6Pbw+HNG07U4dssz6ZDsiFwRh2QEAgHnHHekScF+xn+yrpn7NPwxktDLJe67qUhur66YDeD0VB1IAAGRnqDX0ZbrtVcAKAANoGMcVPHgKQOnaorvLQkbtgPBbOCPcUDK+qahHp9q00jBVyB8zbQOcZzg4HvXyD+0B+3doHg/4b+MpNCEyeJbNTbWNvcrHIss0mVRtofmPI65zz0FSf8FAviN410f4Y6v4S8DeHNe1TV9StFkn1XT7d3jgjMioUAAJLNnGFycEmvFP2C/2A9JXwvafEHx/Yy3Oq3xWSHRtVsstAFZt++NwCCx6HAwAPeps73TGZ37Av7I3jDUvilL8XviemoRXNmxbTrW8GHklYEGQgkjaFYgAdefSv06tbVLeABFSMf8ATNQBj04qS0jENtHGqhVRQoUAAAAcADtxU9PmdrMnrcguNrYRhjd0Nee/EL4xaR8NYbq61SC5ks7S1ku57yBVMabDgqckfMew713+oSiG1Z2A+UgjOeD68V+LP7QmofEL9o/9pjVPh1pekanY6VFq8tpewadLPLBPH5+DcsGyqgDJA6E0JN7Id11Nr9pDxRqf7dn7RXhrTPh3LrHiHwi0cRa0kJgt4WJzIS4yFwuMkgkY6V+if7L/AOyX4Q/Zl0/UzoCXy3mrRxNereXInVWUEfIdoOMk5Pfitv8AZp/Zz8P/ALOfw3sPC+jut7Jbs0kmoTRRrNO7HJYle4GF+gFezRjCKCMcUwILTIjAJwe69h9Pan3GPKJJwAM5+lOlj3YIGT7HB/Ovmj9sz9o7Vvgv4VuNN0TwlrGvahf2UhivrOFmt7ZsYHmSDoeeOck9KQGF+01+3d4M+Dvh3xVpKX2zxlbweXZWOAXdpAQkgxxgHnr2r44/ZF/Yx8WftD/EU/Ez4yR6hNpLMt1DBdMSb44DKTnpFyBwOea9l/Yz/Y307XtP0/x58U9Gu/EetaxaEx2usRlobGMYCRsso3FiCcEjjHBr9A9N0a30mxt7KziW2tIUWOKOIALGqgAAAdBgCnFJXutRa30Zz3w4+GWh/C/wnB4e0GBrPTLdi8cJxlAT0Bx0rrY/lAACqAxJU8nk9asRE7QTyfauc8eXcVjo5muIrqWDzY1Isi3m5LgDpzjnJ+lPdWKOA+NX7TPgn4B6hpNt4s1H7DJqiz/ZySNu6MKxUjkgtuABIwcV+f37VH7cWsftT6TpngD4Ladqz3N8GGoRqoV5cdYlOcMCMnsfauYi/ZL8WftOftU/ELRvHXjG6tTpQMtpcbSwuEct5YhDDG1VADEdDX6H/s8/sl+CPgN4W0qxstItb3W7WRZpNYuIleeWYAgyh8ZGQSAB0z7mi1uojxX9ij9gHSfhf8PY9a8WwTyeL9agVrqBpQy2i7sqqkqCHAwCfUkDpX21ptqljYwwR7QkahBtGOgAH8quqMLjGKX69KQDRxjJBNeafHr44eG/gf8ADjU/E2vXqpBCu2OKNg0kkhyFVR3JPGK5D9rD45eI/g74WtV8JeEbnxZrupbo4olV1ghAUsWkkX7pwMAZySQADmvz3/Z8/Zl+IP7Sfj7SfEfjjU77+wbfUWurvw7rkF2qqgkLGNfOUKynJHBOMc4pre72A84+BP7MfiX9uf4g+NvEeq6u2iht1xBdyRE5kdsoqoWyU2hicHAr9Wf2XP2Z9A/Zh8ADw9oxmubiYi4v7qQAmefaAWX0HGMe1eieE/h74b8Grbpomi2emJbxC3jMEQVgg4C8dhXXU277ARw8oueuP4utZ+u6pbaLZveXciRW0Sl3dyABgE5JJGOBVubLE5+7gk5wBj61+TX7dWufEn42ftQW3w38HHVrHRbiNbUfZ7iUWl0CQHkcH5NqgEErnk4PNQ9QN/8Aay/a/vfjk2jeE/gpf6re6zI15BqFikKptiYeUELF8FyysR7MK7j/AIJ6/sH6r8Oby3+Ivj1LzTfE6yEWWksFAgUj5mk65JJyMYxg+pr379nb9iD4efAjwba6c+jWfiDXJDHNeapfxLK7zKQQUyMqFIyAO+D1r6OiUbQiLgKACcFenQCneyAsrjrjBpSw9cU3aFwM5GK8S/a0+MWs/An4Pax4q0XQm129jIhWJSQsQYEeY2PmwCB09qmN5OyF6l/9pf8AaA8Pfs8/Du/8R6xeqlysbR2lorgvLIQduFzkgHGT6Zr8r/gv8LvEf/BQ79oDVvGPjKxktNDmhIlnsrgIscqxgRqgOSVLAEgADk85rT/Zl/Zd8eftjeNLvX/iPrOsWml6DcRmK31UPJJIWbeYgsoyIyEIPHcV+sPgz4N+DfBOpQ3+geH7DS7iGA2qGzgWJQm4tjCjHUk575q2rbgpJ7MPhv8ADmy+HegxWNhbwwTSEPcSQRKoZgoXAIAIGADg55JrvAOBS46Y4qtNIsMbSOyoiZZmY4AA5J9hS16DMjxN4m0/w3pd9f3dwojt4yXUMucgZxgkZPtX4ofFz4jeOv8AgoR8ebPRNPsll0zTrqS202SOIRGG3kkXc0hJIZgEyADziuw/4KA/ErX/AIgftHX2geBpNbWx8iON7az8x4r6UMczxooIYLwuQDgqeRX6Mfs2/sx+GPhf8L/BtteeH9NXxPYxQz3WoQwbHlulVgJGJGSQHYc9yaewyn+yX+x34Z/Zr0mMxRwaj4jVHt5daWLy3uELFsEEkgjOMg84r6KYAPkLgqfugfep8cZ3l85BP9MVNSEVrhk8tg4UJ33dMY/lXwn+0d+3xN4L1zxN4d8E3elalq9usemWWmFvMuWvGYhpABwUVSuOeTkcYr279srx14w8E/CK7h8CaFfa34h1V3s4mtY2f7OpjZnlYgHACqQCO5A6nFfMn7Hv/BPz/hG9N0/x54psNN1nxHf3Ud2qamkuYoHAMqvHIB+9ySQSMZNRy676D6Hjn7J/7Evj34xfGWfxr8WdMvIdKgkF5JJegE6hKW3Ko5IK5BJxwCAMHmv1p8O6BYeH7cQWFjDYxHBZIYwBnHHIHIHQVP4f0ey0HT47KwgW1tYVEaQoMKoHYe1aUm4LkYIzz/Wtbq1rE697jm6dMn615j8W/jl4N+CulTXvirV4tMCwtPHE45cKQCF6A8kDGc85pfj58XE+CPwu1vxd9ibU30+Jphaq2GcAcnHXAyM45ANfj14i1j4sf8FB/izYk6ZeaVoGrSmOLi4n0q0eNSDISAQrEZHPc1Iz079orXvi7+274tsPDvhbTNP1PSLecTi+0eQskFvNxGLokAAhSGIAJHtX6C/sf/syWn7M3wvt/DrSQ32omZriW7EQBLMBkA9RyMde1dH+zx8F9L+Cfw20jQLTT7G2v44Ixez6fb7FupVUAuTgEkkHk+ter26gbiDkMc9c9e1J36MBsoPl4Uc9sAHHvg+lflV/wUW/Yv8AiB4y+MU/jfwho194lstWWNZ4bd98sMygKNqnG1CADwevNfq7Uc0YmUqenXNC8xn5Afsy/wDBO7W7j7f4q8faC9lJDKYtM8K6pKUFw5Iy8kgBwqrkgAHce4xX3L8H/gzF4L0KG08LaVaDR9NnZrKQXODcF5CZ0lBjBIRyxQnoAK+j7RLhfN89YwASIyo525/wq8uNoxwK05vIjlPKtH+D9tp+qaZO094U06KTyo3uA6XLSElzKpXkjgAnpxXoGl6SmnxxRxrwo5k4DMe5bA5J7mteiperuNaKwlLRRSGFFFFABRRRQAUUUUANZA3UA/UUKu3gUUUAOpKKKAK9xY295D5U8KSx5+6ygipFt41AUIAFGAB2oooAcqBVGKfRRQBH5K5yBz1oaINjPT+npRRQA9VC9BiloooAQ8iozbqWDYyw7miigBPITqVU8jHFSKgXOBRRQAOqsPmGRVPVNHs9asLmxvoFubO5jaKWGTlXRhgqR6YoooAz/D3gjQfCu86PpFnppdFjY2sIjLKudoJA6DJ/Otl4EfBYZI/xzRRQBIABwBSMoYYIyPeiigCOS2STBYcqcjnvil+zrySATnOaKKAJFUKuB0paKKTAayBuCOKy7XwvpNjqkmpW2m2sF/IpR7iOIK7gnJBIHPNFFNCZorboMHauQMDAp6rtAFFFAxarXmn219bNBcwRzwv96ORQyn6g0UUASLbomAAAAMAAcYFP8teuKKKAHAAcAYFNeJZM7lB+tFFAGAPAOgr4ki19dNhTWIojAt0owwQkkjjjnJ/Ot5YUXooHtRRSAf0x6UtFFMCvcWcNzGFmjWRcg7WGRnPB/OlS1jjXaEUL2AFFFMCTyl3Bsc0+iis1uA1ow2MisCTwHoT61Z6t/ZdsNRtVdYbgL8yBzlgPYnk/SiirA3liVedoBzmlx+IoooAXaKxvFXhPSvGekyaXrVol/p8xG+3kJ2t9cHpRRSiJkmleG9N0WS4extI7ZrggyFBjdgEDP51prGqcAYHtRRVMUdh9V7uxivraW3mQSRSqUdTxlSMEUUUFHkei/st/Dvwp48sfF2m6HHbalp9pJaWx8x28tXdmbG5j1LE/jXrkdv8AeD4IIzx79aKKGJEyoEUADAp1FFIZF5KlskUeQpHzAHnNFFADwoUfKMUN900UUAcP8Rvg74W+KlnJb+JNO+3I1vJaEea6jy5AAwwCBzgckVg/AL4B6F+z34IPhfw7PcSaY13JcotyQzJvJO3IA4+uaKKAPU/JXYFI4HYU9YwmAo2j0oooAdSUUUAN8sZz3xinbcYx0oooAWiiigAooooAKKKKACiiigAooooA/9k=\" alt=\"\" width=\"300\" height=\"187\" />', 'Y', 16),
(102, 'Sebuah objek bergerak dalam lintasan melingkar. Jika massa diperbesar 3 kalinya,&nbsp;kecepatan sudut dijadikan l/2 kalinya, dan &nbsp;jari-jari lintasan tidak berubah, maka besarnya gaya sentripetal adalah ...', 'Y', 16),
(103, 'Blok bermassa 6 kg dilepaskan dari ketinggian 80 m di atas atas tanah. Ketika telah jatuh sejauh&nbsp; 60 m, maka besar energi kinetik balok adalah ... Joule', 'Y', 16),
(104, 'Pegas diberi gaya sebesar 10 N sehingga pegas memendek 5 cm. Energi kinetik yang dihasilkan gaya pada pegas adalah ... Joule', 'Y', 16);
INSERT INTO `question` (`id_question`, `question`, `status`, `id_chapter`) VALUES
(105, 'Sebuah benda diam pada posisi A kemudian bergerak ke titik E sehingga menghasilkan energi mekanik (U) dalam joule dan jarak (x) dalam meter seperti pada grafik U vs x. Letak posisi benda yang mempunyai energi potensial (EP) dari maksimum adalah...<br /><img src=\"data:image/jpeg;base64,/9j/4AAQSkZJRgABAQEA3ADcAAD/2wBDAAMCAgMCAgMDAwMEAwMEBQgFBQQEBQoHBwYIDAoMDAsKCwsNDhIQDQ4RDgsLEBYQERMUFRUVDA8XGBYUGBIUFRT/2wBDAQMEBAUEBQkFBQkUDQsNFBQUFBQUFBQUFBQUFBQUFBQUFBQUFBQUFBQUFBQUFBQUFBQUFBQUFBQUFBQUFBQUFBT/wAARCAFIAd0DASIAAhEBAxEB/8QAHwAAAQUBAQEBAQEAAAAAAAAAAAECAwQFBgcICQoL/8QAtRAAAgEDAwIEAwUFBAQAAAF9AQIDAAQRBRIhMUEGE1FhByJxFDKBkaEII0KxwRVS0fAkM2JyggkKFhcYGRolJicoKSo0NTY3ODk6Q0RFRkdISUpTVFVWV1hZWmNkZWZnaGlqc3R1dnd4eXqDhIWGh4iJipKTlJWWl5iZmqKjpKWmp6ipqrKztLW2t7i5usLDxMXGx8jJytLT1NXW19jZ2uHi4+Tl5ufo6erx8vP09fb3+Pn6/8QAHwEAAwEBAQEBAQEBAQAAAAAAAAECAwQFBgcICQoL/8QAtREAAgECBAQDBAcFBAQAAQJ3AAECAxEEBSExBhJBUQdhcRMiMoEIFEKRobHBCSMzUvAVYnLRChYkNOEl8RcYGRomJygpKjU2Nzg5OkNERUZHSElKU1RVVldYWVpjZGVmZ2hpanN0dXZ3eHl6goOEhYaHiImKkpOUlZaXmJmaoqOkpaanqKmqsrO0tba3uLm6wsPExcbHyMnK0tPU1dbX2Nna4uPk5ebn6Onq8vP09fb3+Pn6/9oADAMBAAIRAxEAPwD9U6jmYhRg45qSoZ8CMknHPUDmgD5c1T9taLRv2yoPghdeHZ1gmgj8rVlDlmmaEy4CAHKbRjcDgEHIwM17h8ZviRF8Jfhb4o8YS2sl8NF0+a9FtGrEysiFgpwCQCQASRgAkkgCvzg+KCxRf8Fd/Dz23l3MjPbySokjR7ZBYuNpK4OcAHBO0ggNxmvuL9tjym/ZV+JiyxrMG0S4KqySONwUlTiME8EAgn5cgbjjNAFX9jD9pa8/ak+FMvizUNFj0K7hvpLNreFnkiYKFIZXYDdkNzjOCCO1e83EyQwmR2CovJY8ADuSewr4M/4I/Nbr8A/ESxz+Zcf245lj/eFk/dqACT8hyADhOBnnk19ifGnXr/wv8I/GOsaWE/tKx0m6uLfzBlRIsTEEjvgjOPagDw74D/tmS/Hr45eOfBmjeHo00PwzN9nOqNcEyzsHkRnCBCu0tGQPmHBB5yBX09dXDQWcsyhWKJvAZgoOBnk9h71+an/BHuxlurf4k+K7248261KeNJmYqoYgtIzAYBPMnJUlR0IBIr9G7jWLC7tbuCC8hllWJsrHIpIwM8gnA69+PWgD5Z+BP7dUnxj/AGlPE/wsfw9b2UWmrNJb6hDdGUyCIIHUgLtOXL4YEAgDjJrT1T9uDT/CP7Xk3wY8S6db6bZXMEH9naytxuLzyKWEcikALkjC4OSSPUV8d/sB6emi/t7eMNPTWWv3t7e/GQdyzEsjOCVBUsjEAkHacEqSCM6n/BVCzttF+PHwy12wc2urzSNbTzRRgM0avEUDSKATgSOPLJJAYnowwAfqymW5zkduKfWR4dku5tLtpb23jtrl41Mkccm9VOOgOBkdOwrXoAKKKKACiiigAooooAKKKKACiiigAooooAKKKKACiiigAooooAKKKKACiiigAooooAKKKKACiiigAooooAKKKKACiiigAooooAKKKKACiiigAooooAKKKKACiiigAooooAKayh1wRkU6igD83P8AgoZ+zl468P8Axh0j4+/DW1uNRvtPjgTUbS3zLMrKwjVkj5LRujlGVQSBk4wSR5b8Yv2rv2mfj98NdQ8Dv8IrrQLXW0jie803TLtZZIWbb5ZMhKqrn5SSAQCeQMmv1zMYY5PWjYOwxT06omzPnv8AYc+AU/7PPwF0nw/qlotp4iuJJLvVUjuWmj85mONuSVXCBAdoAJBPPWvYviF4cHi/wH4g0HdtGp2E9nuIzjzI2XOCRkjOeorowMVHNl1KKcNS6lH5kf8ABLMXfhbxh8Xfhlem4jmsHYAyRwsEaOQwksMsSxIyQpKcEEkkE8Fqnw4/aC/Y1/aG8V+IvCXhm4+IlhrsUipfnT2uY3SWQ+XvEYURSKRyq4XGMjBAH27Y/seS+Hf2qE+LnhzxO2hWk1obbU9Hity7amWYs7SyM5GCfLIwuQYxz1z9LLHwM8Een8qeiA/Pn/gmz+y/418Ja5r/AMVvH8DaXqeueYLbS5YAk6hpGMjSBkDxgkDaobaQQSDgY89/4KAaTcfGD9tD4afDrS3kF5bql3M9zIFt40dgxICgnIW3YkkFiSoHAGP1HmhaQAK209+cV81+Av2M7Pwz+0n4h+Lms6/P4g1C8CnToHWSJrAkSCRSRIVdCrABSAAQTjJGAD6StCPLRFXCqox/hVmkUAAYpaQBRRRQAUUUUAFFFFABRRRQAUUUUAFFFFABRRRQAUUUUAFFFFABRRRQAUUUUAFFFFABRRRQAUUUUAFFFFABRRRQAUUUUAFFFFABRRRQAUUUUAFFFFABRRRQAUUUUAFFFFABRRRQAUUUUAMkJ2nAyccV4f8Asi/GLXPjd8Pdc1vX47aK8sfEeoaTGtrGUXyoZAqEgk/Ng8nvXt8i7sjOMjGfTg818qf8E5nH/CofF0YXa0fjXWVYkk7j5wOeenHYcUAfV9FFFIAooopgFFFFABRRRQAUUUUAFFFFABRRRQAUUUUAFFFFABRRRQAUUUUAFFFFABRRRQAUUUUAFFFFABRRRQAUUUUAFFFFABRRRQAUUUUAFFFFABSMcDNLSUAFLRRQAUUUUAFFFFABRRRQAUUUUAFFISByajNxGuRuBPoDQBLRUTXEaxl2kVVx97IxTY7qGQsqSo5XghSCR9QKQErLuUgHBx1r5V/4JzxiP4P+LwCTjxtrIyfaVea+mJdbtI9Wi0xpmW8mhadE2NgqpAJ3YwCCRwTk9cYBr5j/AOCcoVfhR42w7M3/AAnGsAqzZxiYDIHbPWmB9YUmcUtRz5MLgccGgDG8QeNNC8KRh9Z1rT9IjILBr66SHgHGRuIyM4H41qWd9BqFrDc200dzbzKHjliYMjqRkEEdR7ivyJ/bssvEv7Un7Wc3gDwlBFenw7pjXTF3kRUPkrLKJfMGI2OxFAAAyQTySa+mf+CVvxu1H4hfBNvCWoWkm/wnILOO93RhTAQGjj2g7iQNwyRggDnJIoA+5qKQUtABRRRQAUUUUAFFFFABRRRQAUUUUAFFFFABRRRQAUUUUAFFFFABRRRQAUUUUAFFFFABRRRQAUUUUAFFFFABRRRQAUUUUAJS1WuLqOGKRmkVAikszHAUAZJJPavm5f2qL3x98WLnwN8PNNj106XIF1bV0lR4IA4IyqlkMmwkMfLLAqFGQZAQagfTVFVNPaZrWIzkGbaNzAYBOOSBk457VboAKKKKACiiigAooooAKKKKACiiigD5/wD2s/2stM/Zb8O6Ve3Oh3niK91O4a2itLNwuzEbMGYkHAJAAGMn5iM7TXxf/wAE7Pib4m+LH7THjvxH4z1C+bWpsr9hkDRRQElwYQSQqlQoAj27jtLZG1gf031Xwzpuq3cF5e2qT3NuCIpGyNgJB7HnlR+WO5z+V/8AwTx1aCP9t/4nwSzR20t1PfGCOISIJcXDkgCTJwAAdrAMSAc8MKAO9/bo+KXiz4r/ALRHh/8AZ68LeKo9B07Vgj3dzbqC4k2GRYmYHd1jBwCpO4DBxzx/wT8SeOP2H/2vtG+EGu+LI/FPh3xU0LNJcTskcbyuY0k+YMyuDEV2g4O4En02fivdT6P/AMFbvBV5MLqVWjhRFDhmKNazKTGFUkKCSSpBY4PIyMZH7ckT61/wUW+ENtZSIt5u0qM7GCMrC/dly5OCwzkA8jjuQC+lrBrfc+sv2ovHl/8ACHxx4A+KaFr7wrZh9IvbRHZlc3UkYWZcHapVUOHbIJIXIDFhn/8ABN3UYtW+E/jK7hn+1xTeNNWlSZSCjK0ikFSOoII5HH9fRP2qfDeu+JP2Z/GWkaNb313rM2ktHHb2s4E0pAAZS207sjIIABYEgYJBH5r/APBMnxd8QbH4oa54L8P+IG07SpYJGurO4sZL2OOYkqkoRXXyyGI3PkAgAEcghAfs3WF448VWHgfwfrfiDVHaPTdLs5b24ZBlhHGpZsDIycA45HPcdataBYSaXpNpaSXM949vEsZuLl98kpAALMcckkV5z+0p8MvFHxi+EmueEPDPiKDwzdatEbae8ntmmDQMCHjADqVLDA3ZOASMHNAH5D/s5/Hjxt4B+JfxB8f+GPAGpfEEeInuIFmnjupFRXkaQCQRgo5wVBDZIBwCATn0L9g/4r614E/bCv8ATtf8O3Hg+TxxuMmmratGICGaVAqSgsEJ8wE5yAeCcAD9Ev2Pf2XY/wBl/wCGMfhu61S38Raot1PP/aiWfkMI5ShMQBZjtBQHrgnnArzT9p39hPVfi38avD3xP8CeLbbwP4l01EEsv2NnM0iuSJCVdcHaSp4JIwCcUrDvpY+xo23KD14p9U9NjnitYVuXWS4CKJHVdqswAyQMnAJ5xk/U1cpiCiiigAooooAKKKKACiiigAooooAKKKKACiiigAooooAKKKKACiiigAooooAKKKKACiiigAooooAKKKKACiiigAqG4uPs67iBjGSSabcTrFE7FwoUZLEgAAdSfSvjL44/G7xf8XfH8Hwm+FontpLyUJqfiGSMvbR2hjLMUI24chkOVckAjAySAlduwFX47fHnW/j942l+DHwd1Xy7u6Dxa14g8gtbWkYRiYgwVsMSjqSwUADAJLKa+l/gr8D/AAx8DvBmnaB4dsY7cW8QWa52jzLlySWkc+pYk8YA4AAAAqD4I/BfTvg34bj0y1ubjV7lnaSXVL9Va5lLHcd7gAkbixAJOAQOgFenYxTAAMACloooAKKKKACiiigAooooAKKKKACiiigCOZSUOOOK+FP2S/2N/HPwZ/aa+IvjbXzp0Ph/Uprg2DWl89xJMJZjIAQ4LYAOCWIYEDBIJJ+7uvBrlviV4ki8E+APEOvSPJFHplhcXZeJA7jZGzEhSQGPHQ9aAPkn9ub9i/xH8YPEej/En4ZajNp3xC0kRQLClwIBKqsSsiSEgRsoZs9QRxjPNcj+y7+xP8Ub341WnxU+O2vS3niHRtg0uCO6juWcjdzI4GABkkAZJ3HkECvnvw/4i/aB/al0Lxv8UPCnj7WPDuleH5jHDomn3lzukG/zNoVCQxCyAkkHgYAAUCvtX/gnJ+0rf/tB/Cm8j15ox4j0O5MF2TKzSThyZFlKtkgfNtABIBUjjgUAfW0kAfIOCCMEEV+Rng/wm/wXs/Efxr8H29pd3/h7xvrUGpXE0+LY2u6NY1QlA2QHkIGACCwA3FSP15NfF37G3hmx8VaH8evBviK0s9Z0a28fahE9nNAjROrFXIKncCCTnHOPrTuB9R/C/wCIGlfEzwbpuv6PdJc2t5CsvyMGKEjOCQT+ByQRggkEV11fC/7Pes6v+zb+0drvwa1ppLDwRqSyan4Uuvs6iO4LFPMiLBMhlLMQAQqgYAClcfc0edgJOTijToA+kpaKQBRRRQAUUUUAFFFFABRRRQAUUUUAFFFFABRRSDPOaAFopu9WYqGBI6inUAFFFFABRRRQAUUUUAFFFFABRRRQAUUUUAFFFFABRRRQAVWu7qKzheaZ1jhjUu8jEBVUDJJJ6AD+VWa+bP29fixD8N/gHrlhCbufXfEUX9kaba6a6i5aWb92HAIJ2AsASAeWUcFhTWoHBftK/tCQfEu88LfD74P+I9J1/XvEV61lfS2t+skVralGaSU7WKllKJlWByCVAIY4+nPhr8NdK+Gfhu10fSo2eKL5pLidi808hA3SOxySSR68AADAGK+Bf2C/+CfPjD4T/Eq28feOY9BmSG1BsbVWF3LDK5Ul1ZSEVlG9dwLdeM5yP0rjUKoAGBRtoA4KFGBS0UUgCiiigAooooAKKKKACiiigAooooAKKKKACuZ+I3hWHx14F1/w9PN9ni1WxnsjOFDGPzY2TeAepG7P4V01ZuvafJqej3tnFK1vLPE0aSqWGxiCA2VIPHXgj6ikwPyH+HfhX9pf9mG18c/C7QPA0+o6HrU8kY8SmKWOKImMAXEVyrBVBQAkHIBGDg8V6h/wRrglWH4jyOhZftEETMYkJDhWJJkzuwcnAAI4JzmsS4/ZY/ay+EN54j8MfDfXnvfDGvS3FxLdyXMSMpZipAMjs6FkCtkHOcgnIJP2d+xT+zO/7MnwpTQ7+7hvtfvZjdajPbbxCXP3QFYnkLgEjGcZxVW6gfQx9K+HP2PPhrqOo6v8aXi1m+8PTjx3fR3EdjIzQTBcAbCSCMK7gnJJJU5yi4+426V8m/sNwxQ+MP2gVivZL8Dx9eFpHAA3FVyBjg44GePpSA1/2qvgJqPxA8A6LqNrdTX3ifwvKdQt5baONHuHVGCjEgKgZYEjIJxkElVB9i+DvjyDx98PdI1NPLS7EYt7yCOcTCC5QBZIy4J3EMCMk5PfnNdnPHuXOASAcEgHFfC2im2/Yv8A2mvEcurSRW3hDx6I20m3sRzPfqcGMQ7tsRLSABsgMTgAZOAD7woqrp95HqFrFPE6yRSKHVlIIII4IIq1QAUUUUAFFFFABRRRQAUUUUAFFFFABRRRQAUUUUAQySJGwBYB26AkAnFTUxo1ZgSASOhIp9ABRRRQAUUUUAFFFFABRRRQAUUUUAFFFFABRRRQAUUUUAMkkEaFj0FeIeMfC/hT4z/F3Tob9Rcat4Hf7QbWaFmjxcR8OHUKRIADhSxA4YqSVI9h1zVLbRdHvdQvJlgtLWF5ppn4VFUElj7AAmvkn9ivUr/4q+PPid8V57JbCw169S0sYSXfdBbtIiSK+7a6tywJUEZIBK4wwPsCGJIUXaNq4AAx0HYU9ZQxIA4BwTUV0xis5H3bSqE7sZxgZzivxr+GXxQ/ay/aM8c+KdM8A/EG9uIdJu5CzXFxHZx7TIwQKWXBO1MhckgAnoKLXA/ZhpgvGOfSljlEgJA4zX5l+Gfgj+3g/iCyGo/EBLWzJYTyzatFKu0ggkoEJLckAgHBwe1fpTpMcsOn28Uz+ZMkaq7E5JYDkkgAE574GaQF+iiigAooooAKKKKACiiigAooooAKKKKACiiigBKKWikAlfJH7ECjT/Gv7RUckzSvH8QbwEsTu5VeoP8Ajnivrivjn9kXwvYeJviP+0Z/akBneH4gXgjZZXUgFUOMqQCPlBGckc+pywPsOOQSKSvTOOa8l/aM+BOl/Hb4eXWkXwjhv7WRL/TbsqCYbqJg8ZJIOFLABsdVJByOK9S07TbfSbWO2tIlggTO2Negycn9TViQbkIAzmgD5/8A2WPjxN8Q4Nd8JeIR9m8Y+F5I7e6hlI865hKKUudqkrtbOAVYg4BIXcFH0CrblB6CvjH4/eBde+B/xitvjF4Q1m18N+G7mAQeKYZLCSdZY43Molf5upJIABQnGASxUV9g6RqVvq+mWt7a3EV1bTxrJHNCwZHBGQQQTwfrQBfooooAKKKKACiiigAooooAKKKKACiiigAooooAKKKKACiiigAooooAKKKKACiiigAopNw4BPJooAWiiigAooooAKQ0tIfSgD59/bO+Ilt8P/gtfvd3q6YurSHSVuGlaNgZ43QYKgkAnALAZUEkZIAO7+yD4Pn8D/s6+CdLuoWguRYRyyRvuBQsoIXDElQAQAuSFAwOAAPEv2pLh/H/AO1N8Kfh4JrL7FGp1u7tZUa4luFhnVhE0JIRo22ls5BBiLHITB+xNHsYNM0+K0tYI7a2hG2OKIBVVR0AA6D2oAk1QA6fc5zt8p88kcY9RzX4afsi6x8ddD+JPjV/gnpserSyzPHfJdIj2y4kfy2zIVCtgvgjkgHtmv3PuwWt5ABklSMfhX4wfCHRv2kf2Z/ip4s1Xwl8KNU1aC6u5Vkt77TpJoGCvJ5ckZUghtrnDAkkEjvTXoB9HfDHxx+3Hq3jbTk8SeHLW08O/amiv91raROse07njw+SQOVPQsADxmv0J0kyGyhMpkMhRS3mYDZwM5AJGc5zjj0r84rr9rj9sq6lthb/AALFpg/ORpNwyuCCMEtJkDkHjB4x3r9DfBt5ql94d02fWreK21WS3je5jtyTGshHzAEgHg9iMjpzih27Ab9FFFIAooooAKKKKACiiigAooooAKKKKACiiigAooooAK+Tv2JUWP4mftKxo+Uj+IF0Amenyg5/PI/CvrGvib9lnxldeGPjZ+0lZweGNZ1jzPHRkaeyjQonmBgSSzLwoXJwCcMMZoA+2aSqmm3jahZQXDQSWxlRXMMuA6ZUHa2CRkZwcHqDVygDC8ZeFdP8aeHr7RtUtUu7C7iMckUgJBz0PBGCDggggggc18i/sffFbWvAnjLxj8JviJrb3Op6Rem40291SQJNJbyYJUsxCyEOwUbC2CeuCK+1q+Rf21PhHq5uNK+LvhKy3+IfBAN4bW0UtJqsDMBcQSJtIICKNrA5GW4JC4APriOQSKCOmM0+vMP2ffjl4d/aA+Htl4n8NvJ9lYCGaGUEPBMqqXjOepUkAkdSK9PoAKKKKACiiigAooooAKKKKACiiigAooooAKKKKACiiigAooooAKKKKACiiigBkis2Cpx6igsRgY59QKfSUALRRRQAUUUUAFU9R1C30uynubqVYLeFDJJJIQqqoGSST0q5XlX7THjyL4b/AAQ8Z+IHabzbLTJ5Yo7dQ0kjBCQACDkAZLEggKGJwASAD50/ZjbQPjt+1x4++LmniKEabbpo9tbOpiuRwyu8iE5ySHG4gqeAMFGz9v4xXin7J/gG78D/AAg8OJqTpJqlzaCe4MSqsfzs0ihP4toVwBuJbAGec17ZQAlNCAZIGD1p9FIBu0YxilwOMUtFABRRRTAKKKKACiiigAooooAKKKKACiiigAooooAwvGHjTRPAPh6/13xFqUGj6PYp5lze3TbY41JAyT25IH4ivlPwv/wVJ+C/i7x9YeF7eXWLM31yLWLU762jhtAxJClmMhIUnGCQODyBzXIf8Fc/GEOk/B3w9oc0Vw0OqaqolkhMibVWKRlIIIVvnQZRiegOBgE/HGqfHb4Dat4N8E+FtZ+E1z/ZOnWdvHc+IdDMVndzXhjj84uTESwDgkkPyGBxngLqB+2Ok6hb6tYw3lpPHdWs6iSKaFgyOpGQQRwQfUV8t/sZyLN8Zf2mGGA3/CbyKQDwMR4z0zk9+3TFe/fByz8Paf8AC3wta+Ep2ufDMOnQJpsryGQtbhB5ZLHr8uOa8F/ZFVYPj5+0xAxkEn/CVxy7H2kBXiJBBHY4JweQMZ5zTA+rqKQe9LQAVWvrVby1lhZmVZFKkoxVsEdiDkH3FWaQjIIoA+F/Ccg/Yv8A2in8MTXF5rPh34kX0l5Zy3MyWwt7wlmmSOMERtuLxqpJVsgAZAyfuS3bdGDnd15/GvK/2ivhDpnxY+HN/p93bWsl/bj7TY3VyGHkyoQwO+N0dQSoB2sMgDOcYrgP2M/2k/8AhcnhvU/Dutpb6d458L3L2Op6arkuQrbfNAPJUkgbiSSQSSSTQB9MUUUUAFFFFABRRRQAUUUUAFFFFABRSAg9DmloAKKKKACiiigAoqOSUICScD1rm9F+Inh7xBrNxpen6xaXd9BnzII5AWU5IIHqRg5AzjIJ6jIB1FFMEi8DPNKrhsgdqAHUUUUAFFFFABRRRQAUUUUANZgikk4Hc18q/teeLotc8bfDz4Yx/aI7jXNSSWea1kAlitgGjkk4RiFXeM5ADZAJKlyPqDVLtbGxmuHKqkSlyzkhQAMkkgE/pXxf8DdDuf2gf2nvEPxXv9PuYdA0KD+y9FlmkdQ8hZHeWB8gtE2HABCgqQcEu4AB9kaJpSaNptpZRGR4beJYlaSQuxAAAySSScDqSa1KbHnaM+lOoAKKKKACiiigAooooAKKKKACiiigAooooAKKKKACiiigAooooA+F/wDgrF8LpPGPwNtPEdt9oM/h++jmlFvDJMTAVdXJA4ULu3FiQMA5PAB+U/i18bfhdqX7AXhbwLo15p934yZ7RpbKASGe1kRlLl92ck8k7SVx2GcV+wWsaHZ+ILC6sb+BLqzuo2hnhkGVdGGCCPcV84+FP+CcPwM8F+OLXxVpvhmYX9rdfa7e3ubySa3jkByv7tiQQpwQDnGBQB3/AOyPYanpX7Nvw9stYWOO/g0e3R44znYAgwD/ALQGMnvXj/7P8fin/hpb9otdEfS4tOGv2TObyCQOZDAu/BQgEbQcEjJPJ64r63sbGDT7dYLeJIYl4VI1CqPYAdBXy3+yxM3/AA0v+0rBlMLr1nIVbPm/NbnBIP8ADxwQADzgmgD6h0sXi6fbLfGNr0Rr5zQgiMvgbtoPIGc4yTxV2iigAooooAayh1wRkV8SftW2+ofsw/EKz+Mvh3zLDw1f3drZeI9L0HTY1e6XfLIbieY4wS7ICeCQSCwyDX27XPeNPBek+PvDOo6Frlql/pN9EYp7eTIVlODjIIPUZoAXwf4rsvGHh3T9ZsHZ7O+hWeJmBBKnkEDuCOQRwRyOK3lYN0Oa+B/gD4sl/ZL+M0HwC1ab7bbajcGbRNb1D5GuLdiWW3RshAyNI2F+YkqwwNygfesLbkyQAfY5/GgCWiiigAooooAKKKKACiiigCGOMR7guQGJY5yeT9alpaKACiimSPsQnGSB0oAjuLqK1ieWaRYkQEszEAAAZJJ9MV8vftAftbX/AIPvbvQvhhpyfEXxTaoI7vSdKDTzWruV2MzKGVcKWOGBJOOMBscl8YPih4v+PHxaufhR8O/EFrpdpDCs+qavbOkywKVVkQglXD8tuUFgAFDKQxA+g/hH+z74Q+EekQQaRpFrHqTIputRMYaaeUKA0hcjIJOSQMDLE45NPTqB8j69pP7W/wC0B4JubK1utN8C2uoxKZlubqSG6ELlnwuLdWjYZ2nBVgI8EAHJ+a/2cP2N/wBonwZ8YotX02CTwtqtrDIY9YuiHRzIrKwJZGDAgEkNggYwQSM/stHarGAqnC+g4/z2/KlS1SNgw4OSR+NF/IZ8j3XgT9rDTNSibS/GHhnWbJVKMurxNbOWPlkMDEJAQNpBBwTl8Y3AjH1D4sftJfDm3uwfCWm+K0t7ctLMj3cssjpDtBjQQKOTEWKkjLbsECSOvtX8aha1VhgnIzk55/D6Uu5Op82/Cv8Abf8AAnjzWrLw1q2ojwx4rmkEDadqxS2LSsFMaplyGLBgBgnn/eXP0pFKpVV3hmx+fvXjXxP/AGSfhl8VCbnWvDMD6qjpNb6hau9vNBIhBVkKkAHgA8HIAznAx5D8IJPiH+zz8Vl8G+OtYbW/A2oXczaX4guSiMJpDlY5gqnlmJAJKgMGBGDGCBr1PsmiqtjfQ6lbx3FtLHNbuNySRsGVh6gjrVqgYUUUUAFJRXF/E/4o6L8LfC2qazq9xgWlq9wtrCQ1xPjgLEnVmLFVGB1IB60AeEfty/Fabw94S0TwDoeozR+K/GV2LKzgt4opm2qQzu4kIGwAcgKxYHaACwI9Y/Zt+GN98IfhDoXhjUr1dRvbNX8y4QEKSzs3APfByTgAkk4GcD5s/Y/+CepfFD4gL+0J8QorqXVdQt3Xw7p92iqNOtSSEkIAUtIyu4yVA+8RkMpH3JFGI1AFHkA4cCloooAKKKKACiiigAooooAKKKKACiiigAooooAKKKKACiiigAooooA+bv27P2jNY/Zt+Cd54h8NxWtx4gmuoLS3W7BZIg5OZCgxuwEIAyOTnPFfN/gL42/ty+KJvD+oT+CNHXQNQeGaSdbGJZPszFSWCNcAg7CSAQCSRWv/AMFTPBnjP4j6r8N9D8IeHdW1Cf7aZW1C1t2lgtnBUIzbQSuCwJc44QgZwceH6542/aL/AGDfGHg6z8aeLovEPhPUJkIhjkee2jjRhviQusZ3KrgkAgHIyaYH66W7M0YLDB7/AJfpXy3+zDeQf8NQ/tM2uFE6azp0pbGCQ1sQBnvgqeO2fevorwP4qtPGnhiw1yxWQWd5H5sRkAyykkBhgkEEAEHPIIPevjv4PeB7vxd+2X+0j9g8T6r4e+z3ejuyaeyhJsxM/wA4IPOUAyCCVLDvkID7iVg3Q5FOrO0PS/7F0q1sRPNdC3jWMTXEheR8DGWYkkk+prRoAKKKKACk659KWigD5j/by+Aa/GT4Pz3ekwpa+L9FljvdN1WGNvtEBVssFZSGAI5OMkYyASAK6f8AZP8AjVefFz4Zo+s2EmkeI9Gnk0vUraRxKBLCQhbeAAd2M5wOucYIJ9xmjEikGvgX9oG98Xfsq/tIRfE8W91qfwp1Zra31FIbsxJp900mwzyIAfMBEpxuBJwBwEjNAH37S1m6PrllrlpHc2F1DeW7qGWWGQOpBAIOQfQg/iK0aAEZgoJJxSg56UAHHJzSKpXPOaAF6U1JFkGVIYeoOaVl3KR2qKODy9qgKFA7Eg0AT0meATTeegIzRtJUgn8qAHbgeh5prSBcAnBPApvllcENgdTxQCZVVlOF69OaAJK+c/24/jVqvwb+DM8/hlLm48V6pOun6ZHaRNI4mc4D5UgrgkY4OSQuPmyPomZhHCxPAAya+DtPmtv2lP25nvLRgnhrwGzQSyG6KvcXqIrRyRBSoZAskgwS+BI5IUuMAHvH7JvwR0v4Y/Dy11ghb/xT4kgj1LV9Ykw013JIDJ87DAcgyMN2Bu6kA174KhtY1jhVVAAHAwMVPQAVzvjPx1ofgHQbzWfEGqW+labaxmWa4uJAqqoBJPqeAcAck8DkiuhY4Ffl5/wV08XaleeJvh14FtJUsrLU2le6ncBGkxJGqAuR/qgXJIJwWAOMqCADv9W/4LHfDjT9Wvra18I+INTtYZTHHeQtCqzKCQHUMwIBAyMgHB5A6V9P/s5/tSeCv2mfDral4WvHW8t1Q32l3AInsywJCsfunIBOVJFVPhH+zT4L8H/BbS/B0ek21xbDTzbXFzNaolxN5ikSFmUkgkE8hiRxg8Cud/Zl/Yf8HfsxeJvEGv6PPJf6jqh2xeapC2URxuijy7EgkA5YlsADOBQB9I7QcEivPfjJ8G/D/wAaPCdzoXiLTlvrST5lBYo4IIIAcAlQSAcgHBAOCQK72K4SZnCsrFeGCsCQcZwR2NTUAfBuk2Xxj/YrN1DZaZf/ABO+HUd0RBY2yH7ZY25j/dxx7flZVIAbCAjJI6kH0bQP+Cj/AMGNQtYW1bxI/hq6ZQJLPUbdxLHJu2sj4BCkEgnOAATycHH1RLCJRz1wR09a858Wfs8/D3x5qkuo+IfB+j6tesgjNxdWqs+AxYEHHByScjuTRpe7Az9O/aY+HuseFT4gsfEttPpX2T7aZ2DIRFsDhiCAQCpB5A4Df3Tjyz4ef8FIvgx8RNQvbSHXJ9Ie2UOH1KAosimUxAoQTnnaxBxhWyeAcdTqn7CPwYv9Du9Pg8FWGnyXFrNbC7tgwljMiBTICScsMAgnIzk45OfH/hn/AMEnfhv4B8cNr17q134os0l3RaPq1tG8Cr6NjG4jAw3HTkHNK19b2C/kdX44/wCCkHwu021gtfCGpjxb4gvJore1soVaOJZHbAE0jACNc4BJyQSODyK5Lw3+zP8AFD49fEu08b/GaS20bTrO7kaLwzp8rBkVceS4mWRlJUhDkBSSCTyFNfWXhD4Q+E/AdnBaaBoVjpVtC7PHFbRBVDMcscdyTyfcA9RmuyjjEaBRyKrZAQWdjBp9vFb20SQQRKEjijUKqgDAAA6AVaoopAIGDdKWkAC9BiloAKKKKACiiigAooooAKKKKACiiigAooooAKKKKACiiigAooooA+AP+CkX7PvxG8ZeI9D+IXw7t7ud9CszJqEdlcCN3WJ/MQhN2ZHHOAAcgkYPQ/Nvij4ifFL/AIKReNvAXgiXwPP4V03Rrh5LvUykrooIQSSyOyKoYKjYQcksQOpr9jnjD9RkelRRWsULEpGqd/lUCnfSwGF8P/CsPgnwrY6LbCMW1opSIRQmIbckjIJPPOSc8kk4GcV8xfs06hc3P7cH7TcTuRAsmkYQ88rDIoI9Mjr+FfYVfEHwg8a6B8P/ANtz9o+51S9aFbn+yVUJE8rbvIlYjCAkdMZI5JAGSQCgPt6lrM0HXrPxJp8d9p8hmtJQDHIUZQ4IBBGQCRgitOgAooooAKKKKACuA+M3wx0z4ufD/WfDGqaZaalFewOscd6uUWQqQrA4O0gnIYDI6jmu/pMH1oA+Cv2ZPi9ffs4/FDWPgD48a10+y0q1W70HU5pjLLd2wQkqSACzYQkKB8qqVGQFJ+7rWXz4VkByrcg4I4P1r5t/bC/ZRHx48JrqHh6aDR/HulsLrS9WAaOTzUIKxmRCCFIyMkHBIPGK2/2R/j9f/F7wI+neLbYaT8RdBlax17S2AR0lU8SBMkhWUg5xjOQCcZIB7/RSZ70tACdKWiigBMd6WiigApKWigDnPHfie08H+EdZ1m+llhtbK2eZzAm6TgEgIMHLE4AGOTivHv2PvDtpP4An8Xvp1tbap4juXu5riC3hRnCkxqS8aL5jELln5BYsVO0gDlf+CjHjyDw38AdV8Ps8kV14o/4lVtJGgdvNYrhQmCzEjJO0EhVbGCRXtvwP8CwfDj4aaB4fs5Gls7O2VY5Hd2LqfmDYYApnJOwAKucAAAUAd+qhVwBinUUUAI3Pavz5/wCCqXwD8TeLNC8L/EfwlbNeXPhOV2u7W1gZrkq7IRMhXk7SgyByAc5ABr9B6imjEylSMg8EEUeovQ+D/hr/AMFTvhXa/CzR38SSXOkeK4bILeaRYabM8K3CgrsRgMKrEAjJ+UEAnIq9+wh+2B8Sf2kvHXi2LXPDmfCiyme01JCqpYDA2W3CgyEg53H0Ir3jxh+xj8GPHmsXeq678PtIvNRu5DNcXCK8LyyHqxMbLknqfU8mvUPB/gnRPAOg2Oh+HtMt9I0izj8uCztU2oi5JwPxJP4mnp0DXqW9J8P6fos17PZ2ywS30vn3DKSS74Ayck9gBx6VqUlLSGFFFFACEgdeK43XvjP8P/C+oy6frPjnw3pN/HxJa32rW8Mq/VWcEfiK6+Rdw64//VX4rzfA3w7+0P8A8FFPiP4M8SanqunWk2rXsscmnQCSUssi/KeGCqQT8xGAMZIPRgfrvoPxn8AeKtUh0zRPG/h3WdSmyY7PT9VgnmcAZJCI5JAHoK7ISKeAw/Ovy4+P3/BL/TPgn8OdX8e/DfxhrVvrWgW7XwS5kVD5calpSkkaBlbaCRk4PIJ5FfT/APwT5/aC1P8AaC+Dcupa3c27arpc8dhJbwgZRVhjAZjkkmRlkbJAIyRzjJGrbMD6rooopAFFFFABRRRQAUUUUAFFFFABRRRQAUUUUAFFFFABRRRQAUUUUAFFFFABRRRQAV8e/AuWGf8Ab2/aHs5lBLWOjyIjRhc7Y2ywI+9gsOevOD0FfYVfLnwtmQ/t7/GZFjUP/wAI5o2X2YPBm4yeSDkcjg4HoKAPp2G3S3QJGoRR0AHtU1FFABRRRQAUUUUAFFFFAEc2fLODg+tfDP7TngPxF+z38YLD47+BtOOvyTRy2muWMhVHaMgMCgUKGCpGVAYliQuM8191VjeJvDdj4q0qfTdTtku7KYAPHJnnnjBHIPXkHPNHUDm/gx8WtH+Nvw/0jxdoMm/TtQhEgTcC0TEAmNxgYZSSCPbvXe18E6xqWs/sGfEXWdQu72A/BnXriNdPtFWS6n0uZyFOVAVY4Q7k5LElVAALHI+49H1i01jT4b60njurS4RZYp4mDJIhAIYEHBBBBGOxFHoBp0UgIIBFLQAUUUUAFRSMVwR+VS1WvZFhiLsdoUZOB096APiT9oK6ufjB+2X8K/CVpcwvoXh+capqARmlEkgkKiNwMCJhtkKkE7tpJH7tQfuCFQiAAY7YzXxb+y7q2rfGz9o7xp8UYLmd/A9qs2haWJM7mkWSOR2ZsDIOQMEAjaF6KCftUY6AYFAC0UUUAFFFFABRRRQAUUUUAFFFFAEUzFVGBnJxX5W/B+CLS/8Agqt49iXdK891cSBYba4ZAWaJjvAIYY3n5jlAecbSK/VKWMvtKnBHbsfY1+dfxt/4JbeKPih8ZvFfjnS/iNZaENau2nWFbSdpY1YAFS4kGScZOMDoAAABTXqB9d/tT+ONE8Afs++OdT167+xWbaXcW8bLKsTyTSRskccbEEB2YgDg8kcGvmD/AII/6LcWnwD8Q38s90Le61yRIrZlHkKEjQM0ZIycsSCQxGQBwQc8N4R/4JA6zJrlv/wm/wAUn17w8kiyT6fZwyxvMAQcb3dguRnkAnsMdR+hvw3+Heh/Cvwfp3hnw3p0Ol6PYR+XFbwjA92J/iYnkk8k5JJodu4tTqaKKKQwooooAKKKKACiiigAooooAKKKKACiiigAooooAKKKKACiiigAooooAKKhluEhBLEgAjPHrR9pj3EBwTjOO9AE1fES+Otd8E/t5fE2fSfB+seK1u/D2mRyDT9qRwqjnJYsMM2ZAQAQcbuD2+2YphLuxng45FfJfwxuJU/4KMfFq0ldpVfwpp0ifMdqgSYwQDgnLEgkZ6gHGaAPpzwjrdz4h0G0vrvTrjSbiVf3lndDDxsCQQfbI4JAJGCQM4G5TVUKoAGKdQAUUUUAFFFFABRRRQAUn1paKAOS+Inw78P/ABI8K6poPiDTodQ06+t3tpVkUbgjDBKnHykZyCOQeRXx18FfjNefs4/Gy9+CnxA1drbw/a2wPhS5e2EUT2oyFjdhkswEfBJBJLAA5UH7xPPBryn9oj4CaN+0B4Au/D2pRmGdislrexBRLBIpyCrEHGeRkDIzkYIBAB6lDIs0SSKdysoIPqMDmpK+G/hX8ePFP7LPidPhP8YYJrvSoyv9h+NzITBcwEElZizsRIoD/KMZ2EKvKk/bFjdw3EEc0UgkSRQ6spyCCOooAu0U1W3LkdKdQAleS/tSfE61+EfwT8R+Ibi6ktXjgaOHyYGllkdgQFQKRhiM4YnC43HIBB9YkbapJPavh79rlb39oj44eAfhF4amvm0y1ZdW8SXlpcmKH7C0rIVGTtkZXg5ADYLY7MAAd5/wTv8AB1/4R/Zn8MT6jZCwudTiF28clqsNw5OQJJSCfMLAAgkBtoGcnmvqequn2629nDEoysahF4AOAMdAAB06CrdABRRRQAUUUUAFFFFABRRRQAUUUUAFFFFABRRRQAUUUUAFFFFABRRRQAUUUUAFFFFABRRRQAUUUUAFFFFABRRRQAUUUUAFFFFAHxR/wVD+MHiz4c/CXStE8Iia3vPEl6LSbULdmWW3RQJMoVwVJIAzkcZ684+KfjL8G/ix+xZJ4U8dt8T7jUrjUbqIF1lkzwRLtdDKxkQlMkbQDkA5JwP2N8Ya3o3hvR7nVdde2hsLNfMea6C7I+cAktwvJAySAM5JxX5PfFbU/Ef/AAUi/aa07QfC1tMPhzokyxSagoZEW3JVpZCSGUTEFwgwN2BkEc0Afqd8J/G1v8RPAOjeIrSRpra+to5o52UL5wZAd+3qASSQCAcY4xivn34exkf8FJPie48tE/4QvT8qGAZiZuDgdcAEEnpketfTPg3w1Z+EPDen6NYIiWtlBHbrsRUztULkhQBnAHavjmS78V2n/BSfxrZ+GE01prrwRbyS/wBpbgmVceXyg3AFiQQOMEHGRQB9w0tYfhRNYj0mIa79l/tHcwf7GzGPbuOwjcAQSu3IxjOccYrcoAKKKKACiiigAooooAKKKKACiiigDzv42fBvQPjb4Bv/AAv4gWdbS4GUuLZyksL9pEI7g4IzkZAJBxXxzpPxG8Q/8E/9atNE8e3uveKPAVyq2Ol6vcsZUtVjLExkAAB3MiEFjgKCCTt5/QkgN15rnfFngnSPGVuIdV0+2vVVHjRp4UkaPcVJ27gcElVOR3UHsKVgKfgf4laH4/0+O60e+gugyufLjkVyu1tpyVJHBIHB71qWPivTdTmvYba+t5JbOZre4TdgxyKFJUg98MDnpyK+T/id+wTc2+ni5+DvjG8+HOpQyyXAhWWeaCcupDoyGUoASSRhABwOlfE3wh/Yr/afHxQNvM2peEkuFYXuuahdLcQ+UWBYAZYSE7VO0jBAwSBzVJX2A/Sj9pD9rDwh8CfDN+t7qC3HiN4zHZaTaoJrmWQgBSseQWALpnB7+xxh/sa/DjxFpfh298WeNSz+IdcK3EYJkXyYGRWEflyqHhCszgRszHILHDO2cT9n79gzRfhfrll4n8W6w/jvxlAJM6rfRuTl2JYbXdlAAIAAAxliSd2B9YqoXjGPoKQAq7FAzmnUUUAFFFFABRRRQAUUUUAFFFFABRRRQAUUUUAFFFFABRRRQAUUUUAFFFFABRRRQAUUUUAFFFFABRRRQAUUUUAFFFFABRRRQAUUUUAfH3/BRXwT8YfiR4D03w38KLS9u0vZWTWI7W6it/MtypIUs7qSCwXIHOARyCRXxx8Ifgr+2r8B/D82leB/DsejWV5OZJF8zTpZVIPALO5IBJJAycZPSv2H2gnJFJsXrtH5UK3YDz74HL41TwDZr8QJln8UAL9qaGNFi3eWobYVJ3LuDckA5JGAAK8D8ORpD/wU28Vvlw8vgW33bxgHE4xsOeQB14HOa+vgoXoMV8faItr/AMPOteJMb3P/AAgkOBgllJnGeTwMgA8duDQB9gjHBpaYsitkA5Ip9ABRRRQAUUUUAFFFFABRRRQAUUUUAFFFFADWxtJIqo11BDMEeWNHI4VmAJ+g/wAKsXG7yX2jnHGTxX45/tgeE/E/xg/4KDTeBrTW9YtTe/ZoLZ2aN0tIzAGJRBKoCAgnBIYkngnGVYD9hG1K1ixuniQY/icCrEchkY8YGMivyT+LH/BMHxj8Lfh3rHiqL4rW1/JpVsbp4LpDaoxUjIErykJxyCTyRgckV9hf8E5fjx4o+PnwRn1XxWfN1HTr3+zxdKUAnRY0IfYoBUkNg7upGR1wGB9X0UUUAFFFFABRRRQAUUUUAFFFFABRRRQAUUUUAFFFFABRRRQAUUUUAFFFFABRRRQAUUUUAFFFFABRRRQAUUUUAFFFFABRRRQAUUUUAFFFFABX5/8Axm+H/jD4gf8ABQwWHg3xrcfDa+fwUJJdXtreK5luYxOQYxG/GASMnIIwMZr9AK+Upox/w8jtGEjIf+EAcsm0EP8A6Xxz1GBz79KAPavg54F8VeA/DK6d4u8b3HjzVFdj/alxZR2rFCSQCiEqSM4yMcAAgkZPoVC/dFLQAUhpaKAITMqyBMjecnbnnA74qVTkA4qNreNpBKUUyAYDEDOD2zUn0oAWiioJLmOOaOJnUSOCVUnBIGMkDvjI/OgCeik9PSloAKKKKACiiigCOZd0Tg9Mdq/GT9rj4d+I/iN/wUdm8NeG7qPQ9c1Ce0ltNR2LamErAXMwdGDMVVG+YkMduAMgZ/ZyTPltgZOK/NH9sL9hH4wfE79piT4j/D2fS4UmigkiuTOLKa2liUKCThi74AIYADAAIGASwON+M37Bf7RUHwz1651H4xT+M7KO2E0mhte3J+2FSCFAkfaSAMgHkkAAEkV9Af8ABK3422fxA+D9z4PezFjrPhMpbTKkIRZo2LFJCVQYbA2kMS2UyeteD6p+yf8Atwa3pE2nal4/W9tJiBLFN4hLBgDwDlOCeDx3ANfaP7GX7Jdj+yj4HvtMj1WTWNV1adby+uXjCKJPLVfLQDJKKVJBJJyzHjOKAPokHIpaKKQBRRRQAUUVWN7Ct2tsZUE7KWEW8biAQCQPQEjJ7ZFAFmiiigAooooAKKKKACkzS1QmvhFfQ25WQmTJDLGSowBwSBgZzxkjJ6ZwaAL9FFFABRRRQAUUUUAFFFYWreMNJ0bXtI0W6vY4NU1Yy/YrZmAaURpucgdwByfqKAN2imowZQR0Ip1ABRRRQAUU1mCqSeg61znh34i+F/GF9fWeheIdL1i7sTi6gsbuOZ4DkjDhSdvII59DQB0tFcjp/wAV/Buq+Jbjw9ZeKNJu9ctzibT4LyN5ozuC4ZAcg7jjB5zXVyHapJOBQA7PvxR/KviT9qv9onxnJ+0h4A+D/wAKvEsui+IJC11ru2xjuB9nKLIijepAYqrkYKjLLkjOR9Wat8VPCXhvxBpfh7WfEumab4g1KMyWmnXV0kc84HUohOSOD0yMgjPFAHYUV514R/aG+Gvj7xM3h3w3450LW9cWNpTp9jepJMFXGTtBPAzS2H7QHw41bxYfCth430K68S+e9r/ZMN9G1z5yAl49gOdygHI7YPpSA9DyPXilr4n/AOCgHxo+J37O9x4R8e+F9ZMfhSO9istQ0U26yrd7izsXcoTENqbQQSSXzxtwfqj4X/EzQviz4G0rxP4dv4r/AEy+hV1likBCtgbkJ/vKcgjsRQB2FFFFMAooooAK+OfGni7SfBf/AAUa0q+1jULewtZfAckRkuGKjcbsAAcHkkjOSMAE9Aa+xq8R+NX7IPww+P8Ar0Os+NNBk1HU4bX7HHcRXckLLHuLYG1gMgsTkjv3oEX7r9rL4SWM4hn8daSsm0MFWYscEKRnAOCRIhwcdfY4sS/tR/C2CCeaXxrpaRQeZvZpTgeWSH7c4I6d+2a8YX/gln+z8C5fw5qUpZgxaTVpyeARgc9Oc/WpT/wS9/Z/aYOfCl4RtK7Tqc+3pjON3Xvn1qtO4a9j1mX9rT4SRNMp8c6W/lRNO/luzhUUsCSVB6FHGP8AZNSj9qj4XNdXFsni+yaaCMyumHHygSEkEryf3MnAznAPQjPk1n/wTI/Z+soSg8GTXAYn55tQnLDIA6hx0xkcHk/hVuL/AIJp/s/RqobwMZdrlhvv5ycEk7c7+gzwPYc1KXmO/kelt+1d8KYbWaebxlYwRQs6t5m4fc80nHHIxbykHvt4zkZtTftOfDKGJZW8XWJRgSpUs24ASHIwDkYikPGeBnuM+Yzf8E1/2epoUT/hAY0C5xtvbgE59fnpg/4Jsfs+xpIg8Axne24N9tuCyjjgHfwOOB9fwXzA7u//AGwvhJpjSC48X2qrGX8yQI7IgUyhiWAIwDDIOM5IGM5GeZ179pv4eaR8TtOvJfGNklhJpF0zQq7B2MTByxUg5AVWIwAcg8kMMZ8f/BN/9nm1gVD8P4WIBG97y4JOfU7xk/hXO6t+xv8AsoeG/F2k+GtT8O6Ta+IdWVnstPuNRnE1yBwSoMnOPfvRp3H8j1W8/bE+E9k93G/iu3ea1ikmkiRW3bYzIGxkAEgxOOvUAdxm7dftXfCyxacT+LbNPJdo2b5iu5S4IBA5x5bc9OnrXFSf8E6f2epMY+HVoozkbbu4H/tT2rJm/YN/ZqbXBox8AWI1BYhOLc3V0MoTjIJfBxjBAJI4yACKPRiO4j/bS+D0ywtF4zsplmDNGYwzbwrFWIwDkAjH/wBbmoYP23Pg9dC9MXi2FzaAmRVjcnIYLgDHJJIIHUgg4wQTh/8ADun9ntWZh8O7UHOeLu4z9B+86VJH/wAE7/2fI2yPhzZnHIBurgjrnP8ArOuf5UrO+o9DYj/ba+EM1nb3UfimN4Zpktw5hdVWRmUbGYjAILjIJ4GT0FVIf28PgzItsZPFkds9zJ5cEc8TI0pPl4K5GCCZlGc4GGzgKTVT/h3f+z2zZPw3sge+Lq4/L/WdKQf8E8f2eVJLfDbTy3djdXGT6/8ALSqEaGnfty/B7Vry0tbXxXA891E0yK2FACiIsCSQAVEykjOQFf8AumuWt/8Agoz8GZPFV5ps3iWCG0igt5Y71shXeQKSuCMAKJI8kE9WyAFJrTf/AIJ6/s4qpVvhxpi44wbucY/Dzafbf8E8P2eFQhfhvYOM5y11cE+o/wCWnoaXzHfyJbP/AIKBfA7Utgt/G1k0jEYSVhEeQGJJchQADzkjoQMkYqvJ/wAFDPghDdNDJ4vhUBWYSLhkOAxxkE8kL+oHer8P7AHwAhj2r8MtJx8wOWlY/MCDyX9Dx6HkYIzW1o/7FvwO0GGKO1+F3hpxGmwfarFLg4BJ5MgYseSMnJxgdABVadGL5HIt/wAFDPg0LOS5j18SJGruys8UbkKZgQqu4LEmEgADJ8yM9GBqWH/goR8F7iSWOPxPCXiyWV5I4+A0ikgs4Dcx5wCTh1Peu4tP2SPgvZwGJPhX4TKZLHzNIgkOScnllJ/wHA4qdP2Ufgykez/hVXg5htC5bQ7ZjgDjkpUhe/Q871D/AIKI/BXT5HV/EauiKWLwvEwwM5Iw/PQYHfIx3w2x/wCCinwT1C6MI8TJAqvHGZrgqkeWaMZBJ5AEgJPQAN3BFehr+yf8GEZ2/wCFV+D2Zm3HdotuRnjoCnA4HA4p7fsp/BllVT8KvB5C8g/2Jb8H1zszn3oA84X/AIKLfBQt83iaNEIjbezIBhjEOm7OR5vIxkeXJxxzyNv+3Z8INQ+LVlfjxPb+QujgIJgpCvI0TH94SFjIRuVDEsY2BAKKG9uuP2XPglZ5nuPhh4Khjj6vJo1qqgdMnKY7459qi0v9nf4Ea5EZNN+HPgK/jX5S1tpFnIBjsSEOOtMZ5td/8FKvgfYyCKbxDJ52QuxI9/OVB+ZSVwMnkE52kjIINUpf+Cn3wOjsZ7mPWbmUREL5fk7WYlA4wCRkckZ6ZBFezL+y38Guo+FXgsnpn+wbUn89lRt+yn8GTJv/AOFUeDc/9gK1/IjZQB4tH/wVK+BzSxI+p6hCXcoxa1JCY25JIJ4+Y9M/cb2y5f8AgqN8DmuI0Or3QSRwok8g7cFA2T6AElTnuD25r2z/AIZZ+DfJPwo8F5Iwf+JBa/8Axuhf2W/g4vA+FXgxR7aDaj0/2PYflSsI8dP/AAU1+Ci3vkvrMkcPlLILhlGw5LjbgZYEFAMEfxqemSKl9/wVF+CdmJiNUuZ/LcqBFHksAJSGGccHy1A75lTjrj23/hlr4OHJPwq8GEnOSdBte/X+ClH7LXwbUED4U+DAD1xoNr/8RVadAPG77/gpp8F7OG4mj1eS6jhjaQ+VtDMAH24UkE7iqAY5BkXIGGxwGq/8FPPhPqXjfwvdwXeq22nxxXMty4QhAdpVI3AbaSxUEEg4yuCDmvqJv2Wvg22AfhT4MIHT/iQ2vpj+56Uf8Mv/AAc3En4WeDS3fOhWuen+56UaAeJ2/wDwVC+CUsFvJNqt1beaxBV4SdmCBkkdRyx47Kc4yMxWv/BUr4Jzw2csmo3lubiHzWjeEloQTGNrgZ+bDsSBnAib2z7k37L/AMHG2Z+Ffgxio+X/AIkVqcD2+SrV9+zl8KdTuDPd/DXwndTFBGZJtFtmbaBgLkp0xxjpRp0A+frT/gqd8GLq3gkNzfwGWJZSk0IBjJVDsbBPzAuQcZGUOCQQSX3/AAVP+CdvYtLBqF3czhtot1iw3Q4OTxg4478jjmve/wDhmb4RjIX4YeDwC2840O2+96/c6+9RSfsufB2d2eX4V+DZXYksz6DasST1JJSlYDw++/4KifBm0DiLUJ7kKHAaMDBKq5A5wRuKADjq65xziPUP+Co3wat5ljtry5uwZvLLKoQbcyguM4yP3QPODiVe+QPor/hRPw42WiDwF4aC2atHbj+yYMQqwwQny8Ajjiqdz8Efhno6xXaeAvDNs9mhEEkejwbogeDtwnAx1x2osgPB5/8Agp98GEmUQ6pJLE0pi8xkZQCGYbiAp+XCqcjn5hx1x4R8YP26vhr4q/aU+CniWwvJJdK0B75dVukVmWATQqoxlfmXJJyAD8p4FcbpH/BSWdYL8eF/2atFm0S3umiNxYxkRhyTjdstyAzdcZySe9fc37LutaV8ePg/Y+Lde+GGmeEry+luEfTZbONg6hyu8FkUlWAHJHOPpR6oXWxxi/8ABTT4KbmRdfXCGPLOCAQSgYjCnO0M5PqUIHUZrXH/AAU++DUenzXMOqNLJGxAhYlWbABJBweMkgdyR05GfpkfDbwl56TDwvo3momxJPsEW5VJ6A7enA4p0Pw58KW+8xeGdIiLnLFLGIEnGM8L6UDPBvhv+398Mvih490bwpo+oLLqGrT/AGe3AZi27y3f5l2DaMoByerDtzX07WJY+C9A0u4jns9D060njJKSwWsaMpOckEDIzk9PWtugBki74ypAII6Gvx9/a+8A+Jv2E/jhc+O/h7qMNhoXjBLtY41JSW3d0Akjwm0FVMgeMjO0gZyRz+vGqXElnYXE8cMlw8cbOIYgC74BO0ZIGT71+W/hv4IfEH9tv9ovxNrvxG8P6xpnw701rhbSx1RJLUuxjMUfkhkBHCRsRkDIBJOTRqB6d/wS9/Z8Gl+Gb34yeI7uTVPFXioyGCeSUSqtsZAWYkjJkaRHJOSACAQCDX3/AHYzCOAeR1Ga/On9gnwz8Vv2cfi74p+FviLwp4g1LwzcSeZY65gGxgVTgOpbCgMpJIVicjAXJJP6MTJvjKn5geoxmmB+V/7MNq/xL/4KOeNPE2qW2nMNHnu7W0tVtSsyNGwjEwj80tFgZBkbIJkwFBY7eb/4KXeG7y+/bU8EWWn3NxplxrGl2kUdxBuZ42a4lVmjVSCSBk4BGSeozmui8Axt+z1/wVG1XRZzYx6d4tuZJYpGhljRTOGlUJlvvbwyEkspJOAMgDtP20vhj408QftzfCzxTpfg/VdW0DTYLOO71CxgaWJQLiUvuYDACqwJHUjpyRSA+Yf2tP2Y7b9l/wCLvw60nwRrOr2UuvW8KtrVxcf6T9peQRyFBGqlAA4O0MSQSM4xWl+2R+zfpX7L/iT4aX+geJtUvfE+qSLc6nfXd7ieSYNHulVCgaIMxYjc7E8g4wSfp/8A4KGfB3xh8R/it8GdR8N+E73XbKzmVr6aygZxAgnhYl+gAwDgEknBOBVT/gpl8IfGfxCtfhU3hbwxqviGK0kZJYNPtsw25YRhcJglCSMHdlQAAcAHL1tZge7/ALd2m2Oufse+LWv2eVYNOW4iVZ9peQKCh4BDkHnHfGQRiuF/4Jg/EC3m/ZX06DV9ZUS2epXVtCt5OBtiUrtVOc7RkgA9K6H9vjxo3w1/Y51nfETc6hBDpIhneNWRpVYEEYIYKFPyrggDIOBWr/wTt+Gtx4D/AGWfDEGoW0K3OpbtV3SEyBlmAZMBlUr8uBtx1B55FSgPqmiiimAUUUUAFJS0UAFJS0UAFJS0UAJRgUtFAHkX7UHxG8T/AAr+Eeqa/wCENLt9X12EqILe6favJ5IH8RwDgcZ9RX5VfC23+Ius/t7eHJ/iXp0c/i3VriO88uVre5W2jZVeNkQShAFQAhc7hkkKWwD+1kyq6gMAR7jj/OK/NP49W1gv/BT74fiKBB9otYkeSeFCrzDdgIxYGQqAnyHBUjIBJ5Bn6YKPlFUJdFs5L/7b9ltzeAbRcNCpkAIwQGxnHTjPatBfujvS0CEXOOeaKWigArxv9rHx54l+G/wJ8W654R0a+1nxBDZtHarYqrvbu5CibYcl9pIO1QScdMZNeyVV1CaG1tJZ7h1ihiUu7ucKoAyST2AAoA/HCT9kf4oeIv2b9U+N3i34na1pmtravqLaJqQnSWQRkKoZi4IZlAIAU8EA98fdX/BOD4u+Ivi5+z5b3nibVIdX1GyvJLNLiNNjiFAoRXGBkgc7hkEEAnIIHzN+1L+0tr37X/xGT4JfB+7Nz4TmVX1fWbVCwdFZQxUkL+7BYAgEhztAI5B+9P2b/hDZfA/4TaF4UtRG72dsommSFUMkhALk45OWyfmJIzjJAGHbqB6nS0UVIBRRRTATaKWikJPFAHxl+29+zv8AGX9oLxZpGi+EvE8Ok/Dia3jTWLKW4EbPIJSxZVCEthcHBYAkDgYyfjX9nbRb34K/tr2vh/4QeKZ/HPhpYyup3CxPLDFbkqsjSJGAHaNiMFQMFwM/eB/R34pftffDn4YfF/RPhl4lu72213WBAYJFtyLdTLIY03yEgKMjJPIAGTXwd8dPhNp/7GP7XXwl1X4dX11bW/iS4ZZ7eWZpvNRp41lRiTyGEhx2G1e4JL+QH6zWxJQk+vpipGbauScCqumvJJaRtJC1u7KC0bEEqSBkEgkHB9KtlQ3BpARwTpcRJLGweNhlWU8EGpajjjSJQqrtUDAAqSgAooooARmxXwJ/wUm/bNPwl0qTwD4N1W4tvGd/EHuruykMT6bEGRg27HLOuVAUggEkkcZ+xvjH8RLb4TfDTxD4tvFZoNJtJLk4QsuVUkBsEYBOATkda/HPWPE3hD4v/BH4x/FDxn4q0R/inr9zDHY6HK8QuYY4pIgogjDByCnyklSMLnOQ1AH6Yf8ABPzxvr/xE/Zd8Ja54k1K+1bVJhKr3eoAmWQLIQCXJJcHsx7cdq+kq+MP+CVfirRtW/Zf0zSbDUbG41PS7qYX1pbDbLAXbchkBJJZgM7sAHGAMg19n0AFFFFABXjv7WXjC48B/s+eOtdtrWa7ls9LkcRQzmBsn5QQ454yTgcnGO9exV5T+0xo/i/XPg74ntfAcssXixrJ/sHlTCImTjoSpGcA4BxkkDIzkAH5Gfs2/F79pP4I/DDUrjwL4Xub3wO0j6nPdXOkm5gjABWR0ckEAFDnryD6V+o/7Gf7Slr+0t8JLXXDbfYtZs9lpqlv8oXz1Qb5EAJARzkqCcgYyK+FvBP/AAUUGlfAnXPhX8SPDvifU/HlzFd6Wk8SIsshlDLGsgyrK4LBchSSADyTX1H/AMEzfg/4j+FPwZu7fxZpmoaVql1dC4W3vt6bFkUPgRMg2nBXcQW5yCQVICs0LR6o+xo2DICOmKdTVUKoA6CnUxhRRRQAnXrTVjVeQMU+igBNo64pGyRxwadRQB8yftPfsY23x98feD/GmkeIG8H+KNBYq+o28DSSXEPVY8h124Jfkc4YjIr6OhsQsMKFnAjUKFDEDgY9c/rV2igBixqoxjj6mhkGDxzT6KAPnD9q79kuT9p++8IJd+Ixp+i6LfLeXGlyWplju8EZBIdSMruU5zjIIxzn3vw7oNl4Y0HT9IsIvs9jYwJbwRA/dRQAB+AFaK53HPTtT6ACiiigAooooAKKKKACiiigAooooAKKKKAGsCwIxmvmjx9+xXpfjj9pTSvjC2spHf2MEcf9mXFmZonePIWTd5gwQDxgAggEk9KKKAPpheBiloooARWyAcUtFFABXlv7SHg3xf8AED4N+JNA8DaraaP4j1C3NvBdXysYwrEBxkfdJUsMkNjPTuCigD84vAP/AATb/aX+F0l1N4R8caJ4auLpVjnlsdUnQuoyQCBDg4PPTP05z9zfsjfCv4tfDPwrd2nxT8Xw+J9ReZmSSKeS4JU42nzHVSuACu0KQc5zmiigD6HVSqgE596dRRQAUUUUAFFFFAHyt+21+xLp/wC1NoQv7LUBpfjLT4RHptzIqiHG8lllIQuVIJ6HggEDk58X+An/AATc8Z2PxI0nxL8ZvG48Z2eggjStPS8nmMTjBRw0gBQAgHavGQMkgYoopgfodEpVMHrT6KKQBRRRQAUUUUAcN8YfhD4f+OPgS+8I+KIJbjR7wqZFglMTgqcghhyCCAfT1FfFfx0/4JVeArP4T6+/w203UJ/Gqxq9gl/qhMbsJFLghgFBKhsZ4zjOKKKdwPRP+Cff7GMX7O3hEa/4ispbb4g6hG8N4hujJFDFuBVAqkqTwCWBOcjkdK+x1GM5OaKKQDqKKKACkK570UUAcdqHwl8H6trn9sX3hfR7zVfMWUX01lG0wZTlTvIzkYGDnsK69F25PrRRTYkPooopDCiiigAooooAKKKKACiiigAooooAKKKKAP/Z\" alt=\"\" width=\"350\" height=\"241\" />', 'Y', 16),
(106, 'Grafik momentum p terhadap waktu t sebuah partikel bergerak sepanjang sumbu x dilukiskan seperti gambar. Urutan besar gaya yang bekerja pada partikel dari yang terbesar hingga terkecil adalah ...<br /><img src=\"../../uploads/12.jpg\" alt=\"\" width=\"400\" height=\"231\" />', 'Y', 16),
(107, 'Dua benda, P dan Q, dalam keadaan diam dihubungkan menggunakan pegas kemudian direkatkan menggunakan seutas tali. Tiba-tiba tali terputus sehinggan kedua benda saling terpental. Bila massa benda P adalah 5/2 kali massa benda Q dan benda Q terpental dengan energi kinetik 125 J dan&nbsp; maka energi kinetik benda P adalah &hellip; Joule', 'Y', 16),
(108, 'Empat permukan datar A, B, C dan masing-masing mempunyai jari-jari 3 cm, 4 cm, 1 cm dan 2 cm. Pada tiap permukaan diberi gaya vertical (F) sehingga menghasilkan tekanan (P). Urutan tekanan dari yang terkecil adalah ...<br /><img src=\"../../uploads/13.jpg\" alt=\"\" width=\"400\" height=\"166\" />', 'Y', 16),
(109, 'Mesin hidrolik mempunyai piston kecil dengan luas penampang 4 cm<sup>2</sup> padanya terdapat beban 500 N sedngkan piston yang besar mempunyai luas penampang 20 cm<sup>2</sup>, maka beban yang dapat diangkat oleh piston besar adalah ... N', 'Y', 16);
INSERT INTO `question` (`id_question`, `question`, `status`, `id_chapter`) VALUES
(110, 'Sebuah pipa silindris datar seperti gambar. Daerah A berdiameter 6 cm, daerah B berdiameter 2 cm. Jika kecepatan dan tekanan di daerah A masing-masing adalah yr = 2 cmls. Pa = 180 kPa, maka besar kecepatan alir di daerah B, vs adalah ... m/s<br /><img src=\"data:image/jpeg;base64,/9j/4AAQSkZJRgABAQEA3ADcAAD/2wBDAAMCAgMCAgMDAwMEAwMEBQgFBQQEBQoHBwYIDAoMDAsKCwsNDhIQDQ4RDgsLEBYQERMUFRUVDA8XGBYUGBIUFRT/2wBDAQMEBAUEBQkFBQkUDQsNFBQUFBQUFBQUFBQUFBQUFBQUFBQUFBQUFBQUFBQUFBQUFBQUFBQUFBQUFBQUFBQUFBT/wAARCADTAoUDASIAAhEBAxEB/8QAHwAAAQUBAQEBAQEAAAAAAAAAAAECAwQFBgcICQoL/8QAtRAAAgEDAwIEAwUFBAQAAAF9AQIDAAQRBRIhMUEGE1FhByJxFDKBkaEII0KxwRVS0fAkM2JyggkKFhcYGRolJicoKSo0NTY3ODk6Q0RFRkdISUpTVFVWV1hZWmNkZWZnaGlqc3R1dnd4eXqDhIWGh4iJipKTlJWWl5iZmqKjpKWmp6ipqrKztLW2t7i5usLDxMXGx8jJytLT1NXW19jZ2uHi4+Tl5ufo6erx8vP09fb3+Pn6/8QAHwEAAwEBAQEBAQEBAQAAAAAAAAECAwQFBgcICQoL/8QAtREAAgECBAQDBAcFBAQAAQJ3AAECAxEEBSExBhJBUQdhcRMiMoEIFEKRobHBCSMzUvAVYnLRChYkNOEl8RcYGRomJygpKjU2Nzg5OkNERUZHSElKU1RVVldYWVpjZGVmZ2hpanN0dXZ3eHl6goOEhYaHiImKkpOUlZaXmJmaoqOkpaanqKmqsrO0tba3uLm6wsPExcbHyMnK0tPU1dbX2Nna4uPk5ebn6Onq8vP09fb3+Pn6/9oADAMBAAIRAxEAPwD9U6KKKACiiigApkj+WhbGQBTmOFJr49/bW/aQ8TeE9c8PfCbwAUi8Z+LIyzaqsmG0m2DgNNsIwTgPglgBtPBJFID6m8R+M9F8J6fPfaxqtnplpBE08kt1MqBUVSxOCeQACePSvlHxh/wVF+FWl3U1l4Ustb8d36QC4X+y7XyoducEs8hBUDjnaRyBnmsLw5+wf4T8a3HhbxJreoat43hli+1X2o+LbueWW4Lg5iS1basIIIYNnI24IOSav+NviB+zn+z7qkXh3QPBml+LPHFzHb6cmg+H9OjuLico2Y1fgqoDAFjnOVBIJAw0u7Fd9ip4Z/bS+NfjrWNf0bQfg7pP9u6Pdta3Ol32vJFcxADd5hTHzIAUUspPztgAgEjvbL46ftDXS2rS/AmzhWb5WVvEMeYj5YbL4BGMnbwScjpjmvHLrxV+2d408Uw6jZeF9I+Hvhu4n8sj7LBe3NtEzfedN3mPgkbtoA6kDIrs4/Cf7Ydx5sNt8UPBU8kbBJVGkqTGTDvw+BkHeQuMZIO7j7tXGPf8yZSb0RqS/tDftOrKZ4v2ebOSyEhUxf2/GJ9oUHPJAOScDHcHjHNWLz4//tNR3JSD4AafLGsjAn/hII87FUE46DJLADPXa3HQmBfh/wDtazWaSj4n+EYL5VIaNdCDRMwUENvJ4yxIwFxgA9yBUk8B/thrdMkfxR8Hywqz/M+igNgbSgxjHOWyM8ADk54bir3/AFJ5nexq2Hx5/abZr8XXwH0mUQAtCLbXwDLhyu0bgOTwwzgEA85wKkvfj9+0nZ3sLp+z1b39i6OCtt4ghWZGViozvKrg4yMZ4I5zxWdd/D/9ri3s5HtPin4VmuMMyx/8I+ig4cBRvLZBKEt0wCAMnOaiX4d/texuIm+K/hUR48zzRoSjBMoBBBOT+7JbjjI25xzSsraFc3cvTftG/tL/AGpBF+zVItvgF/M8RWpbpzjD4/OpLP8AaH/aSuWVJP2cRbNvG55PEFts289CHPIwPas/T/An7T+qXSalZfG3wzewyCKCT7PocUlshWRxJsAc5ZVIJJwSRggYzU/h34V/tP2d9Nc6j8XdKvEuFjAt/wCyY41jXexk4IYZC7QMdyc8LgzZD5vIsS/tE/tIRtHt/ZykkXkuo161BXDHAB8w5yuDnA54xVi2/aB/aOkG6f8AZ3ESu6qoXxBbsyAjJLDcOg7A9SKxh8GP2qWhiJ+NGh+aTGzFtHGFIhkDLxgMC7JyQCcBuCApkHwf/awm0420/wAZ/D8IIx5kGiKHwIwQA/UZcEE+mW5JxRZD1NWz/aM/aGRCl5+zddSTkjb9m8Q2gUKDhiQz5yRjAz65qvaftMftCTXUkcn7NV8sajAb+3rUHcM55LgEdMYPPNZGsfBf9rG8tTHD8atDhnBlMZg0kJkFAVBPOPm3AHBwACMkkB0nwH/alnkbf8e9NgkCtGipoaFSAV2NjIwxy+SM4wMZySGkguzo5f2gf2hI49OZf2enklmYfaIl1+2+RCCMhi4GQwBIAI2nOc8VTuP2jv2ivtFwsH7Ns+zyx5G/xDa534wSxDdNxGAMHGe+K5e8/Z//AGq717t2+PtrAryfJ5WmLH8qyAAgDO0lMkgZwQBkg5F2T4DftQXFlZwH482SGzOFlj0lVaUGXBMuM7iIjuHP3gBnHItR0vdBzPsdNdftHfHrzs2v7Ol3NGsY3K2v2wYuw4AJIGFYENkjgjGc5oT9o74/LM/nfs1ah5bZEar4isi2eMFvnxjrnHtXLL8Af2pv7NigPx608zCSMsV0cKxAlJJLnJJCAHGMEnaSAMmXUfgP+1DqF3aGL462GnxJHCsoh0sMC/zLK2GOSCNrAAgEkjAAGZ5R6m3c/tMfH6GFwn7Nl/5xLmMt4gtNu3OU3YbqADnHGelXLT9pL45zQu8n7N+poyoGCnxBZjcSw4HzH+E55xyCPavOv+GY/wBqlpEuH/aPO5gokjTTwqoGDFwvrtYKFOBkE5AwAbVv+zP+1VsCyftEwhcIGZtNDMMoS2OBnD4Uc8gknB4KSQnex3D/ALSnx1jtZJG/Zu1NXUrtX+37Ntw3ZYE7xgheRwckEHFcp8R/22Pi98MfDMmu+IP2etS0rTYZo45rl9YgnCgkkgLDuYkqAAcEBjyQKrL+z5+1HpNjPM37QdpKyqWL3OmLtUCLOcnp84wScYUZ5zgVJPhr+03Y3Dah4Q+NGk+NzpsqrcaTqMCBHdYkkMbSKoGWZ2GPlwpUls5oULvcL9i9ov7enxDtdJt9Y8S/AvUIdJmsor/fpGrW91cpBIW2TNbgmQIQACSBghs4xX0R8I/2lPAXxwtnfwjrkV/PFFHPLazI8E0cbjKsUkAJBH8QBBwcE18kePP2kPF3guOyH7QP7PMl5b3EElrNrnhuUXMQhYhjFtBJAyikgygYAOB0rL0f4V/AL9raSXxL8L/FFx4E17y5Wk0qzkGmubmYqC0m3DyBTGCFVigK4GAxJOWw9X0P0cWQMxAH41JX5+WPxK/aK/ZB+3R+O7KP4r+CrcoV1qCRYruCFXWPIUEliVdBtYAlsgEgEn6B+C/7bHww+N1iZNM8QQ6TqayCKTR9YZba6RidoG1jg5bgEE9D0pbAfQVFRQSGRSSMc1LSAKKKKACiiigAooooAKKKKACiiigAooooAKKKKACiiigAooooAKKKKACiiigAooooAKKKKACiiigAooooAKKKKACiiigAooooAKKKKACiiigAooooAKKKKACiiigAooooAKKKKACiionkVdwLKCoycnt60AcJ8bfilpnwX+GmueL9WuhBaadCXGVLF5D8qIFBGSWKgD3r5P8A2ffhaRous/tD/tCC1XxResmo2kl0Sq6VYIp8uMIBwSDkjnPygjINbGsalb/tnftCLptu8M3wu+Gt/v1FZ8PFrGobSFUDoUjIBJIIJB55rhfib4q1/wDbt+Lsnw4+Hmo3OjfDPwrcCHxJq9vIqC8YtgRwkAngI4BBAILZGMAia2B6I0fE/jH4l/t8ah5Hwi8Q3fgT4UWEy2t9rsytDd6ozKPMESgA7VBK4LAEsCcAA19QfAj9mX4f/AHSXsfDOjxveu4muNVvR513PKVCs5lYEgnBJAIHJwMV2vw78AaP8NfC+neHvD1hHpmj2MAhht4wAMAAZPqx6knknrXV4AyapvoJbDfKTjCj2rlP+ELt7Dxi+vWB+zPdLsvoVZvLnwoCuUBC7wFA3EE7RiuupD3qRkaRxlRtC/UAdjTvLUYIA6YHFcndXj+F9chS5u9L0/QLgrDBG5KTNdyOSQCTtIbPAAySSa60OpYqGBI60AIIkXooFch8Vrq9tPAWtDS5Fh1Oe2e3tZGVyqzONqElAWADEZIHA57V18n3SM4PrXkWtePNdX4+eH/C+m2N8+iHTZ7rU7oWpe0BIHkqJhwkmc8HqvIoAzvhF4Pj+E2vnwjp9jN/ZlzYR6s4SEi3tbr/AFc+JMAEysA+0Atu8xicECvabVMxh3RVc5zj615l4O+M9j4u0DVNYTS9Ss9O0u4mtZ5XRHV5YpmidECMWYhlznAGDkEnNenWkizW8bo29GGVbnkHkHmm3cZJ5a8fKOOnFHlKMEKAafRSEN8tSckAmkMak5KjNPooAZ5a9lH/AOvrR5KA5CjP0p9FADdi9McU3yU/ujrnpUlFADTGrYJGcdKim2xpngD6CpmYAEk4Fef/ABE1zUby6sfDfhjU4bPX7qRJpZWRZRb2oYmRypIILAFFIzhmBwQDhgcpdapD8fNUl07TJ2k8GaVe+XqF9bzMn224jJDQIysCUU4LHlWyVI4NeuaZpNlpsJWztIbVHwWEUYTdgAAnAGTgAZPOBUOg6JZ6FZtb2VtHaxtI0rrFGqBnY5dyAACWJJJ7k1rUNgV5rOGeNo5IkkRhgq4BB4xgivC/jN+xh8LPjRAk+qeH10jV4YysGr6GfsVzD3BDIADjnAYEe1e+U1s7fX6UtQPg8+GP2jf2c9Ui0rRry1+NPgS3kWSPSNQUf2slmHG3EzAKzKxAAJJwucDtxfxC179l39rTUrSx1WVvh14/srxLdm1G1e1dZfMAkgJRlV/mBBYsME5BOTn7x8YaDapqFl4nnuJLA6PHI09xGCS1vjc6YGeCVBOAScADrXI+P/gd8NP2k/CmmzeI/DttrenzR/aLS4CtDNGJFB3BlIZWOASDyCMEcYpfmM+O7qz/AGmP2X754vCOtal8WvBlvercTwXYSa5W0Rc4SQlgAxSQEAkjapwC1e1/BH/gpB8MPi3qR0bVZLrwFr3mNCLPxARErsBggSA7QQQRhiCCPeuY0n9ln4yfs0a9DN8FvGY8S+D/ADGkl8H+LJiI1U7mIilUEgkkZIC5JycjpxOufF/4AfEbxJp3h341fDK5+GXiKzvzJH9vsALa5uXZhJidE+ZCxDknAYkEkgHNJK6T6k3bTP0StLmK6t0lhlSaNhkPGwKn3BFTV+e/hn9lz4xfAvbe/Bz4px+JPC51GS6fwzcbHiER3MsYkJOCRgHBHJBx1rpvA/8AwUw0Wx16w0D4teDdY+Gmt3UgjWe6iZrQgsVD7iAQpYEZwRgE5xUu6exVj7jorG0LxJpfiK1ju9N1G11C3kXekltMsilT0IIJzng/jWuHU8AgmmIdRRRQAUUUUAFFFFABRRRQAUUUUAFFFFABRRRQAUUUUAFFFFABRRRQAUUUUAFFFFABRRRQAUUUUAFFFFABRRRQAUUUUAFFFFABRRRQAUUUUAFFFFABRRRQAUUUUAJmvlf9t/44ap4O0PR/h54MaY+P/G0w0+xlt87rOEkCS4YgE7QDjIHBOewr6jmmWH7wIXqT26H/AAr4V+FvxE0D4vftEfF/423EElvpPw+0w6Fp1xM5MT7PMeaYDgZYjGDk4KngkCloPTqHirS7nRLex/Zx+BcVrp+qtbrP4v15ZCBYRyKod2fBJnlIbkqeueMnH0/8BfgB4V/Z78Hjw94UsmtraSX7RcSTSGR55ioDOSe5AHAwB0HFeK/8E8/DniS8+G2v/EDxSIU1PxxqkmswMQ7TrbNkIrsxxtwBtAAAXHU819d1V7KyDToFFFFSIKSlpKYGRrlnc3mmXQtYoG1BUZ7VrgAokoB2MeDgA4PTPWuR+DN54mm8Iw2XjXU9H1XxjYN5GqXGiMTCZPvAEFVKsVKkrgYz6GvRMZB5rh28I6np/wASIvEFjfww6LNZvFqGnMGzJMGBjlXBChsbgxIJICjtT+Ym7dDt3UMMe+f1qu0KRlmVQGbAJAGTgcfXAqaOYSEgDA9aS4YqmcZHekM8e/ZpuPtvhrxgpjZFXxdrAwygL/x9ufl5OR/XNeyou1QMYA4FeH/sq3klxovj5HgeMReMtWVZWYETZnJLAADABJXHcqT3r3KgAooooAKKKKACiiigApOnXpS01zhST0oAyvE2qRaJoF9qNwxWG1haduCeFBOMDnt2rjfgz4WuNN8PtrWqv9p1/WWF3dTMQSqtykIIABVAcA4BIxnms/41aXqHjQ+HvCcOltfaHqV+kmrXKsCsMEREm1gHVgGZVAYZwQQRg16haRrDGkaKqKqhQq8YAHAx2FAE65GfWnUUUAFFFFAEcy74yBz9a4/wL4V0/wAB3GqabY3ji2vLh763sZHBEAY5kEYxnaXYsQehb0Irs64v4g+EbnWv7P1XTL+LS9b0uQyW93cK7xCNsCVHVWXIZQRk5wcHHFAHYKwlGQDnp6EVx/xG+EfhH4saaNO8W+HbHxBZxv5kUd5EGKPjqp6g+4I7da6uzmSeBHRldGGVZWDAj1B71ao2d0wPifxN+w34p+Ed4NZ/Zy8Yy+Db6aUm90jW7l7nTpUwTkIUYhgcAdBjuMDPMa1+0Ro+mzaf4f8A2qfhUulX4DwW/iBbNb3TbnK7GdWXJQEOcgg7QScg5x9+lcrisjXPC2meJbCay1awtdRtZUaNormISKVYYIIPqCemKej3J1T0Pz2s/wBknUraex8afsqfE2z0yOOVvtlrNqMktpIjKk0amMKwDEEAoQBtCjOc46rwn+3R49+Bsdno37Q3ga+spHdlPijQolntWIYArIicKV3KDtJJJGBXc+NP2AbDRdQTXPg74r1D4U60rK89tp5aSxvCpBjEkRYDAIwTgggkEEkk8N4s+OnxB+EtvqWkftIfDGHxh4MWeNoPFPhe0EtqmBnMkTEsCNgIbAwSB2BJ1dloV8z6++GXxm8GfF3R49Q8Ka/Z6vCVy0UMmJo8HB3xnDLzxyBXbecuBg8Gvzf8K/smfDf41Xl38S/2ffiHqHgyeGJorW10+RQpnWJQm9ch413ZDBgxYncCARnsfCP7TXx0/Z5t7ex+OHgqXxVo4hlmPiPwyomkgSLhjNGAAT0O4ADBJ6A0+XS/QL6n3kDnkUteNfBX9rT4Z/Hy3VfCXiKC41IR+ZJpdyfJuox6lG5Iz3Ga9eW4DMF2kHrUAT0UlLTAKKKKACiiigAooooAKKKKACiiigAooooAKKKKACiiigAooooAKKKKACiiigAooooAKKKKACiiigAooooAKKKKACik3DdiloAKKKKACiiigAooooA4P42eNrf4b/C/xR4ovLo2Ntpemzzm4WMytGQuFYIPvEMRx3zXw9qVjoHw7/Y/8KfDK5mutO8d/Fq5hluFdg08s80kTTyvk4RSuAB0BwOc5Psf/BQax1X4iaR8PvhZot+baXxbrscd/HHlpDZRAvIxAIJUEDOOxrnodD0v4w/tzaRpC7otI+D+hR+WhheIyXs2AuGzgqqBCByDk9cUAfYXhnw/beGdB03SrKNYLWxt47aKONAihVUKAAOAMAcCtmkXO0Z60tABRRRQAUUUUAFc58QHuo/B+qS2c1/DcRReajaZEktwdrBiqK3BLAFcH1PfFdHUU2fKbAGccZ/SgCtp8pubeGco8RkjVzHJwy5AOCOgIPXHfNWZlDqFIyPw/rXn/wAHfFWueIdJv7TxQmmxeINNvJba4i0yUPHtDExMQCdjMhVipORn3r0KTGMdzwKAPGP2XZJf+Ec8aRMyPFD4w1dYyoAODcsTnnOSSete1V4F+yXeJcWfxOjDbpofG+qLKMjhjIGHHbgjg8177QAUUUUAFFFFABRRRQAUyUBo2BO0Y6in1l+JdW/sHw9qepfZ5bs2lvJP9nhUs8m1SdqgdScYHuaAPPPhxZ23iP4g+MfEM919uvLO9/sm3VrQRmzWNFLqrnJcMXBJzjI4AOa9UjjKZy2a4/4WaAnh3wfYwiCa2knDXcsNxKZpEklYyOpc8nBYjn0FdnQAUUUUAFFFFABVHVLGDUrGe1uI1lhmjaN1ZQwKkYIIPBHsavU1lDY9e1AHMeBtFufCvh23025vpdS8jIjmuURJPLHAVggCjA4GABgDjOa6hTkA15nbyy6P8br+CS0vnj1XSY5Ibzzma2j8mRg0ZQjajHzQwI5YZzjAz6VExaNSRgkdKAH0UUUANZQy4NUr7S7bUYZIbqJLiKRdjxyIGVh3BGOav0UAfLHxJ/YP8Daheza38P3vPhp4uO6RL/w7dPbRSOACvmQqdrLuAyAADk5BrzTQ/FP7SPwL0kRfFrwXp/xo0FWdm1Hw/Ij39pGQQ++Jo1EgKk8KvTIJxX3e0SsxJFMNum7PRu5p83kK1lofmzF8OP2cP2yNc07V/h14pn+HPjyEyZ0qLbp93uCsQDGuCSDtJZGICqVGOMdjpfjb9pj9k2+vY/FOjTfGv4dWUQnOt2bRQ31vCq4I2A7mKgFjlWJ7sM8e9/Fz9if4X/Fq4j1KbRz4d8QQu0sWteH2+x3QY5JJZMbiSSTkHJ65rye8t/2jf2cLwQ2if8L2+HyxsSt0Y7fV7YZJKlhnzhtxyQc4xhepp66iitdT074L/t4fCP44Xdtp2ja+NO1yaNXXSNWAtrhiQSVQE4kICkkKTgdcHivoKG483PQAdcev+FfnTpvi39lv9rL7NpkTv8NPHJti0caKdMnhuOcBJwAshUl8AHBDHgninP4N/am/ZNkgvvC2ux/FPwDZ6f8AabnT9QlMzxBQC8cJP7w8sdpDMSFyQelLlfQrpc/RtSe/FLXx98NP+Clvwz8SRwWPjcXnw08Q+Wsk1jr0LRxYIBBSYgAqcnBIUkDOBX1B4Z8baJ410mDU9A1ix1mwmAKXFlMsqHIyOQeDgg4NTawlqdDRUSSb1U9AwzQJRkDcM/r7UDJaKrrNkAht27kEYx9fyo87nhs88jj0z/LmkBYoquJtzEBxx14/Hn8KlQkqOcmgB9FFJmmAtFJmjNAC0UmaM460ALRSZoyPWgBaKTNGaAFopM0UALRRRQAUUUUAFFFFABRRRQAUUUUAFFFFACY5BpaKKACiiigAooooAKhnJGCDj8/T2qasbxVrdv4a0G/1e7cLa2MElzJuYL8qqWPJIHQHr3xQB8kWc1j8XP8AgoVd6jbSR3mnfDzwyIZLiFkdIb6eRsI7AE7gpc4BGCpzg5zW/wCCe2oTeLNW+NHiq712x17VdU8UPHNLbCQvGsW5UUhiQI9hG3AHGRzjjk/+CdOsW/ivR/jf8a9R1HfPr+rTPNF5RBtre3jaRMjH3tsoyASCFHOSRXb/APBL2xH/AAz7qmqhYPJ1jxHqF9DNC2WdTJtBcHlSNhIU8YIPegD7J8xUh3k4QLnPTjFNgnS4jSWNw8bgMGByCD0IqVQNoA6YpQoUYAwKAFqtdzLbx+bK4iiQFndiAAB656DB5PtUqyBs5BAB/iGK+SP+CkXj248OfCnw74YivTp9h4w1mLSdSuIXKzrZ43TCPg8kAKeDw2ByaAPoLwj8ZPA/jzVJ9L8O+LtG1nUYATJaWN9HNKoBwSVBJABBHTtXbRklcn+ea/L74LXf7NGm/Hjwhf8Ago+LPht4itLxLKzbU7dhaawCGV0ZiWALggljt4xgDmv0xW4eC3eWVQCoL4U5JUHg8Dk45x6mgDSz+dI/3T61+e95+2l8dfFniLW/FvgL4YG/+FPh+7ltL5bvCXdz5TESSR7iGJAHCqrYJweRXb/tMftd/Ef4Z+KPhho/gXwfpuuXXjiyL2thfTtHci4IUhTnCgAOMknkhhwBmiz7AfTei6xpul/ETVfDlvpMenTXNuuqm7Uxp9tkLeXIdoO4soWMEkdGUZ4rs5MdePb296/Ntf2tvjz4W8aS/DzXPh1ay/GnV7ZTpbR3cYs3gJkIZkDlAVCuAdy7gOewr6F/ZL+OnxB+Jw8T+D/id4ebwz498Nzx/apbe3P2aaGT5kIOSoJHAAJyBmp5n1Q7W6nUfsmwqtr8T5wADN441RiON2RIF5I6nAHXnGK98r57/ZFa5W3+KUEsMyRQ+N9UWKaRwyyDeCSo6jBJBB7gnvX0GuQACcmqELRRRQAUUUUAFFFFACNgDJ6V538Sr46lodtZR3EcUV5eW0M63ME/zxNJhlQxgMHIGATwOp4NegSFlUgKX+mBXl/xI0i61T4lfDeexv8Aym0++nuLm1SVVlmgaBoyQpI3KGZC2DkDBAJxQB6ZaxiGNI0yEVQACcnjjr3oufNPl+U4T5huyudw7gc8GkCzLcRhdogwS4bO7PYDHGOtSTNtwTwB3J4oAfHnbk807NVIppJpZUMMkaqcK5xg8dRgn9RSG3bdERJIPLOcBsBuMYPHQUAXaKReABSbhuxnmgBaWqt+rNCoQOTvU/IQD1HrTmlWKNnZtqqMlmOMDuT9KAOI+KHjqPwNJoDzy/ZrfUNRisjcLEJSWc4WMJkHLHjcM7cZIIrurfPkqG645rk/H+rS6H4Hv9Vsore/ltovPhW7kVYicghmY8AAHOa39PupLiGMtGxBRG8xSCpyMnBzkgUAaVJQudo9aMigCPYxkVtzADqvGDUgPOKWq93G00LojNGWGNyHDD3BwaAJ6Wqyq6Kik5wACWyc/wD16jN8ECiRGjZn8sLkZJ9R+HNAFzAPWo2jTaRtGM+ntTo2LKSRj607cOxzQB5P8VP2bfhj8YdPNh4o8GabfmJcxXCQCGaLJydkkYDKSRk4PPvXzZdfCH49/s0+JJbj4U6/J8Q/AEIVm8I+IrhpbpFwoMcMzAAZAIABwBkkEnNfdTEKMk49688+LnjjUvDulppvhe0t9X8YagCthp8s6xKBkAzyE5IiQkFiATjgDJpqTJaR8keM/wBs74Sa54nPgn4+fCO98JXarHPGPEVhBdxHIJUhkzgAcZBIByPasTwf8O/2Y/il4svtM+D/AIr17wP4rhVbyLUPDl5cwwRtLGzBQCTGByAV+U5G0EYIH1W37N/hzxlocEfxGs4vHOotZQ2802rRRyCNguJDCQgMe4nJIPJUHjGK8v1r/gmP8DtQvGn03R9V8OTqVZG0rUJI1GM4Izn69eoFO63W41bqcVY/su6v4kvLvTvD37WnjC4vbFgt3Db6sLloWICkuFlBU7w5wcHBxzjJ04f2M/E82/b+0344klYssO3UyRnbhMkPyQwckdxwMEZrldU/4Jr/AA3+Fur6v4o1fxv4msfDM0UMUkFvO3n/AGgzqwkaRQWYFgpAxweSeM16LD/wTl8DWkMAsfGHjeIo6yxhdckAADM2RgYzl2IPqSe5pq/Vhoc9D+x9r/2q7toP2nPHDybQIbX+0iDAGX93vIc5G0ORwMgE9Ac2rH9jfxRbz3UU/wC0142drgj7PFHqBV0BIKEnfliUDjkAHORnGDu6X/wTi8BaLJFNaeJvGtqLdo3hWLXJFWNkDANtAwcBmA7/ADH1NE3/AATe+Hl1fvdS6/44Fw21PMbxBIzMqqyLkkZ4V2Az0BI70r62uCtc5nU/2JfEqWtxLYftI+NLK9nlMkss2omRGUMME4dSSIhtz0yMnA4C2f7FnxD8syn9q7xpIGAI2TkIAepH77uOnocGrtx/wSn+DskbiC98VRhjuCNqzMucEDIK9Bmkk/4JV/CJntgbzxUUC7ZR/bD/AD/KF4OOOP0GKd/MXNZ2M8/sT/FBTlf2sPGAByNrSseM8n/XdQMYqjJ+x38Q4bpbR/2ufFy3bAyrAbg5KBgCcGbJGSAewJFdMf8AglX8FnEg8zxSS+Buk1l2YYIyQSvUjA/Clb/glH8ETMZGfxQ4K7dp1huOc5B2cVLY1c5TR/2QfjJaw3KXf7U+uLeeZ5kMCTySKyqxC7i8u4Ag844JwDkVc1D9j/4ptqQmk/ax8TRWs2EZt5Q7iRtCqJQozyDjB+vNdJ/w6t+Cm1kEvixVYFdq60wGCQSPucDIH5VG/wDwSj+B87Au/ipyCCM603px/BS06jOZl/ZL+MrWqWkv7VGtLZQ3eIJN7LM6MACHcSAltwwFJIwOoOaSx/ZU+Ja3CXI/at12e7dvLaJrljEJGUnCp52CQQWAPBwMjGRXUD/glf8ABeHakT+KfLjIba2ssQSOQfu9iT/9brVqT/gl/wDBGZpHTTdbh3lmCrqsigEsGAHGQABtGD90kZOc0vyFqcl4Z/Zn+M/g/U7C8P7VN/K0JeO7jvkW6UAqWAWOZipOApywGFyQav6l8K/j34gv9bfTP2j9PgM0rRyW9laRFIR9lTYRklo2Y4YhSAA24cmuo0//AIJt/BazAml0rVjcjeS7apL/ABEHIwcgKMquTkKcHJ5r53/bM/Z1+AP7N/w1d9L0/Vh411gtb6LY22rOJ2kchd5HOUQsFIwcghc85FxdtFqS1fqe0ad8Bf2kZ7rUjaftJ29zG0jMVTS4pGRiqEKRghQcE4BwAQQOTV7UPg3+0Hpkl3O/7RcdvcyGSW3im0i2WIJujG9gwOBg8gcAlccE1yH7Mulj9mD4ORaEbv7R4kvFN/4kkmdZHtWMAxGiq5YtCuwkFcsGOMkYHoun6impssWqJfTRRwxwSyX9wl2SFk3GPac5wCCxwN4MZBO04cb31QcrfUwdW+JX7R/7OU7XHifR7f41+FJZ1LaloMAg1CzhHBLW6Lh2IweOMkgcV9BfB39oDwX8dNNmuvCutR3VxakLeafKpjurR+6yxNhlIOQeCMg4NZ/w7k1ezjsUFvcvZzKQ6SbS0LLIwzI4cAkAENtByxUjgGvHfjT+yLqWi+Ir/wCKnwOvm8KfECRjcXVikoNhrAJyVljIIBPJBHUt2JzRLfQvZJM+uftluOs8Wf8AfH+NDX1svW4hH1cf418A/st2vwZ/aWutW0Txb4Oj074n6JKx1PT1v7xI3Ic5lhBkBChjyMDaTwMEGvoy9/Yh+DGoMHuvBa3DjoZNQu2P5mWo1Hp3Pcf7Qtt2Dcwg+nmD/GnfbIOczRjH+0P8a8Dl/YW+CVxMk8vgaOSZDlZGvrosDnPBMvHJJz71ot+xr8JJfNL+FncTKFkJ1K7y6gYAP73kAY60tQPaHvrWFWd7iJVUZYmQAD3PNJ/aVr5Zf7VCUUZLbwR9eteJzfsUfBy5jmjn8ImVZlEcgbUbshlHQEebyB2zUUX7D3wWhhnii8FLFFMAsqLqF1iQDoCPN5HHejUR7hHq1lMuUu4HHqJB/jUn2+25zcxDHX5x/jXh2n/sT/BfSdq2ngS0iEc6XCqZ52HmKCFblznAJ46d8Z5pj/sS/Bq4muJZfBau9yf3z/b7rMgHTP7wdBwB2HSkM9y/tOz/AOfqD/v4v+NNbV7JWCm8gDN0HmL/AI14Gv7AXwFyf+Le2oHp9suh9P8AlrVPXv2IfgR4d0HUrlfh/pqoICW+0388aHaQygyM52AsACwxgE5yMg0I+im1G1XAa5hXjPMg/wAaBqVpgZuoQf8AroP8a+O/hf8AsD/DzRC+meM7BfF5uLaG4tJLm6nU25BbzIkxJgoAyBQBwFOTk8enXH7DPwPvI4o5vAFm6QxiKP8A0m4GEySBkSDJyTzkmj1A9+V1kUMrBgehHSnVkeHfDth4X0Wy0nTLYWlhZxLBbwqSQiKMKMkknA9Sa16ACiiigAooooAK4L45rbf8Kh8Ym8aFLUaRdeYbiMyIB5THJUckDHSu9rjPjBfLpvww8VXUgcrFpd058qPzHwIm6L3PsAaAPi/9j3xbBp//AATZ13Vrt9L0xLfT9SgM6QlBhVZA0x/ickgZ9wO2a9T/AOCbemnR/wBkXwPBKYmMkU1wWSIxHDzyEbgcEkYwGIwQOMgZr538CyW+k/8ABInXA90IluLG7j3X8YgDO85+WPruOSAp43Ee1fWP7GNlp8f7Ofw5dLVVv30Gx8+YBdxURkoSQScfMwB9QcYoA+hVACgDkUpOBk1FFKpRcEkY6mpGyVIBwaAEb5sgj8K+Of8Agpf8IdX8efCLQ/EGiWM2r33hXVodRl02GNpWmtxkSBEBGSBgkDJIBA9/sKHzQziXYBn5Nuc4989/pTLlh8vGWGSFHUj259cUAfnz8Vf2hPCv7YUPhD4efDfRr3UfEy63ZXd7Jf6NJCukJBKssjSSHIUbUZSoJJJxnivu7VrN9Q8O3NrGXLTwNEPKbyzypAwT0PTB7UljZ6VbRi8tbe1tRdNhpIkVGkYngFgOTnPU9Sa0pLeBRAJQrNG4MeeuecAfh2p3fUD88/gN+0rZ/sv/AA91D4ZeNdA8QTfEKO+urnS9Ge3luBfCR2Ma+aF2nkcsBtOcjvXU/FvWNam/as/ZfufEllaWPiGSO5XUFgtGmgheVVKxo5GA3DqCSSCpIABFfa8+gWss6XM0FvcXqnC3M0SmQDn5QcZAwcdelNutJtdUmt3mS3uLmzffEWUMYmwRwSCQMHBI5wetPQWp8UfE3wpbax/wU08DX9zqEllFpehi7Dm0kkE0uZo1iaTGApEmQckAgggZFeq/B/TtYt/2wvjVqc+lXcenTW2lW8V010GicrGxLBCBg4c8gnoBjpW/+0l4B8X654b0KLwQbP7UNc0+51WSdxFK9nFKHkAYLyCVGQCCQMDvn2eUBlCILeO8kwx3HnaCMkEDJwMYzwDjtS06DPF/2RtQivR8WNrqZl8c6kJI1BGzLKQOfUEHj1r6Dr5+/ZRWGws/iaiEykeNdTBZgA7HeM56c56Z7YxxivdrW+jvbcTQkSo3QqQRwcEcdwcj8KWvUC1+FLUCyBSwO7POM+gpltcvOrmSIwkOVA3BsgHg8dM9cUAWqKTOBUM91Hbxl5XVI1GWZjgD60ASlhkA9aUHPOKgjmWdQ4HB6YORg9wR7VDZ3yTWvmM6gb2TIBHIYjGD9KALteXXGm2l9+0BpuovaZurHRJYYrmOQOQJZQWV06oP3akNj5iWGeDn1FvunPSvJdB0PT9P+P3ijWjqDNqVxpFlZjT3VgyxrJKwkGCV2Mz4BIBBVux5APW6rXSNJE6x4Mm3gE4Ge3Y09ZDsUsMMRyoIPPpTlZSxwcHvj+tADLbzPJUSgLJjBCkkfmQM1NuFVpLgLLGgONxPQE9B3I6U943Z2dHxlcBTyM560AT1E0gQFnIQDuadzswTuOOaoSRG6mQOpRIysisr/ePI2kDqOnX1oAmvLnyrcOpQjco+ZsA5I7+vtQ0ySHYrAkclAecHjp6dfypJJobiFSrKyHBUqNw55BGOo70lvavFGDI4eTnMgXGRnIBBJ6D/ACKAKl+v2qxu4VZrQBTGbhkGFyvDANwQMjqMcGk8O3Vj/YVkun3EVxZrCBFJC4dGQDAIYEgjjrmkvLd5bGeK5mDjYys6pgDIOTgH0I4BB4965f4dQzab4VtLazS0fToIvLs47W0ayXC56RsSVBORg9MZOcgUAd1bXSTRgiRXJGflIP48dqRVYzK6uwRflKYABJPWqsKxNNFIuUJUhQMqMZBORx04q9LMEjLgggHHXA6460ATUhYDGTiqLagYraSSWIoUySqksdoPXgcnHOOvaiG8F2ymNtqjruQgnPTGcfj6dKALbSJGpZ2CKOrMcD86rtcKql25xnG3kn8PU9KS8jMkLxtIqsw4JTcPxGeabJYrN5LOzHy2DqFYrzgg5weRz0PFAFiGTzreNwrJuUHa4wRkZwfeq0ZuRfBQkZtSgxJvO/cCeMYxjHfOfarH2hOV3YOcDpknHpUaTSNvUxiNVbCtuBDDA59uSRg+lAE1w6JHuc4XPUnA/H2rxv4StH8QPHHiTxyILO80xX/s3RdQ2kTiKMlZlHGChl3lXBywOD0Fdb8avHGnfD74Za/rWpyTx2sNsVzbsEkLOQiBWPAJZ1AJ4GeTWz4I0ltD8JaXYvdC8ngtkjkuhGqea4UbnIXgEkknHGSTQJq5srPH9oeETKZVAZowRuAJIBI64JBH4VPHnaATk88n61VjhCt5pwzsoBYKMkDJHQc9T3xzTm1COLyFbcDM21MITzgnnA44B60DKPiK3tb7TZ7S+tvtdpcjyZYtu4FW4yemB6nsKwPh3C+i2UmiT3n286dIUjuBtz5ZJKIwUAAqpAxycbSSSa6u4ZnmjVXCoGIdducgg4we3NeUSfDG98O/Gqy8U6NFZmwv7KWy1W4vLqZ7jAIaFY0LlM7ixLEAhQqjAFAHsPmJyMjgZNRy+ZtPljLDGATjv9PSqcdpcpcbnnjaAlv3flHOCBgZzjqDk45yB2ybluGDSb3DkkkcYIBPAoAjjuyr7JI2VixHyqSMYJBJx6CrW4GojG/nhg48vaQVI5JyMHP0z+dO+zqZA2WB9icUASdKaZFHU/pQWGMHjtVW6t5ZNhWQIqsC6kE5AHQHPB96ALe4cDPNMeZY1JY4VeSfYDNVLWZ5J51aQOvG1QoBHHTOec+4FRtbym8VkbZFtAbcSwcYIwOeCM9e9AGjHIsyhkYMp6EUyadIEZ3OFUZJxnApISkcYC8LnHUVVe4FxMwBJjjLRyK0Z5JAIxkcjHcZHNAFa81MQ3FvhVlieRlkl3gCIAckgkZG4AEDoWB6A1+eGn6C3xu/a48d/GDxXei6+HHgBpNL0CZYw0VxdrwqRIQBIwck5wQzFBkgA19B/t/fGq/+D/7NvijUNAma1166UWlvOI2UxLJKkbupxjeA+QCQTgkZCkjhY/h/H8EfgL4A8IaJey6i/wDZ8uoS3DrIryTzMrNNvQ7Qd0hUFgSmQ+QIyaUbxYBbXccN9dxwTSXUyAs8kRUussjbl8tdmSwYuIwxwXaVSMACtvQbXUNama2kdbayzDJs0uUiUFJCVZH5JBxmIHGSJVPQVg2NpB5t5qcOnxHUb6aSSe5t57ghwSsZQhThcshVnXlCPNBw+a7TSI7ZPLePT7iKSWUS7YoLq2PmSMQQGzlA4Q89YiAx/wBZitFK+gHo/wAP5NXs1062iazbT1VY2+0XBIKku2IyVBYDgIehUMScjn1bR1ddPt1MccSLGoCwuWUcdASBkehwK8b8E3V3b3GnhxJFGhjcEQSlSshfBIc4UnqRjMZBH8Yr2fR9n9l27IzOrKGDMrKTnnoeV69D06dqUugH5u/EXwZd/Bn/AIKn+CPElrA1novjaTaslpjEsrRGOdXBBGSxDEjnDAgg9P0uSRZACpyK+Of+Cl3hK0l+Cuk+N/MWz1bwfrlpqdveJGGdEMqrIB3IIIOwEBioycV9VeEdat/EXh/S9UtLqO8t7u3SZJ4mBWTcoJYYJHOegJx07VIG/RRSEgcmgBaKTrS0AFFFFACMwGK8J/ae8ReDbrSdP8H+L72CHS9Sb7XqUU961qv2GFlaV2IU71BKAxnG4E8jFe6sCehway9S8O6ZqlxFPe2FtdyxI0aNPCrkK2NygkHAOBkd8CgD53+O3xE8JtY6TJ4Z1+wk8b+G74S6fa/aDGrCNVNxFIxIG3yJMkk4zt5zivpaykM1rDIQAWUEheQMgdPavAvgXpY1D4ofG5r+wtxAviOOKCN4VJ2iyhDc46MNpwa+gYUEcaqOgGBQBJRRRQAUUUUAFFFFABXH/FqxGqfDTxRaFS6zaZcxlRMYicxnjeCCv1HSuI8deAfi3rvi2e/8OfFqDwzoRVRFpH/CNW92VYYyTM7bmBweABjIwRirsnhfxZp/wy8bWnivxVF4uubm1uWtZF0xLJYYjEQIyEJDEHPJ55xQB8G+O9Q1fQ/+CSmhJbxae8U4htLppJRdYiacqGTIAjcMRgDJUdCa+3f2X9Hn0T4C/Di01KCS3urfw9ZRfZDkLGfKGckcHjAOc4x2ya/PqbW4PG3/AATP+HGiX+sQ+FNIm8TR6TqU9tZGZ5I1nYKxAwQwJRjyCQuMnOD9bWfwh+Oem6TpNloHxsQ2FnFbwQW8fhK1cLEVOCZJZcthcZBJYggkZNMD6xFrGrJPhi8aEDBOMHnoOp/CiS/WO0afY5RU3lQp3gYzjb1J9q+arD4X/tD3ltBJL8eY4gwXcD4OsQYyVJYHEhzgjHfk5HFVpPhh8e7n7QkX7QsbhmZI1Pgu0DHBxgHeMHJAzxk89OaLeYH03b6lHdeUybpFkG5WVSR0GQSOh56GnPGY5DI0pMQXG3gY6knPXnivme3+D/x80+4sYk+PMcVsEYlYfBlkiRnaSA2HIznnIBHB6E5qbT/hb8d1s7ma5+Os1+8yxi3aHwtYRogL8s6MzEgKQxAIJGRyeAW8wPouzjSG1gimlSZ8kq5AG7GSCAPQenPeiZo7mWWPcyOoGGOdoznBHYkEZP1APWvnvRfhH8aYptPOp/HC4nAVhII/DOnoTktt8skMUIUAknOQQARjAZb/AAn+Mt7Mk6fGu+KzXJDRf8I7p+LcKSAGBABAwQdoO4hSAAMU+XzFfyPoqORrbyIZ5GuJHITzAg67SSxAHAOD7ZIHeriwrGDtXg88AV843fwt+OFnbXwtvjNqF1etJm3nHh7TjCEAJAMbAEscYJBAJIOAAcdL4e8L/FOHwPrVnqnxGa916aFDY6s+hWsRgk25fESMUZQSFAYZBUnJBGFbzGdn8TLM33hm6db++0+W1uIZYriztpJWVw64/dpzIuSQQQRgkkYGR0Kz2twllO1wjNIQYWEu0SEqTwAecjJxzx64r5i1zwV+0HY+G72/g+NUmqXG+NLa1h8H6erXBYLnbukAXOTwxBwCMHIzteD/AIT/ABW0rxdpKa38Uf8AhJ9J0p1llsYfDdlZRRnb8qAq25SQeChwFBX+IU7Cvd7Df2T7iDWm+MdvD/o01n471FJZIVw0uQjAkAAghG2Dk9Acg8D3/SdQSKyhIaad5HK/vImSQkdMoRkADGSR0we+a+Wfg1aeLLjwv8bbHw54hh0zW08cXxfUo9OimNoAYyQEZwJDtO8FiQFbaMkV0Nn8DfjCt28r/HXUpZZA0ovDoFiIt7KAEEZ+YEnkkEAgBcggEuz7jPpmKJIfMKHBdy5+YnJ9vQcdKGdYdhHJJxhQSMepx9OtfMOo/CX4r2On/aYvjj4k814zFcRSaZYuYSMBpAMAYAPRSTkjBODVKH4afETS7B1vfjf4snMQIiVNPsVmbawXaXKHLAlVLHAJO7oKz94UbdT3rxt8a/BXw+1zStG8R+JNN0fUdUYpaQXlwIzIQM856AjoTwTxWzZa9LcM+YZpUyzeciFotuAVCnA3Ag5BAIyCM8V+Xn7Sn7CvxH+MXxQ0vX9H8ZT+IjcW8dvf33iJkhmswjeUQBGgDLuJBCjJILcg5r6v8JfAn4meFfDeiaKvxs1w6RZxx2Vu9hpFlCsQjQRiMmRWdgWAAJGMZJ4OTVmVp0PqprgQwB9rEA8hQSeeOPz/AAFLLOI8KYnkHH3VJGcgenvn6A18533wd+KGoXBsrX44+IoBtDPMul2CrEAxwCFQEhgDgDpg56gVp2PwW+JmoQi5X45+IrbdlVRtMsG4DHDcR4AYAEDqAcHkGizJPfDOdwJOB0KkDPJAH51534Y1AwfE/wAYW8Wxo8W7lFnZ0UiHO9iQRG7Fgvl7vuoGA5OfLtU+BPxXu72JYvjV4rV4x8tz9h08Q/fXIZAAWPygg4OBkd8VoHwL4v8AFd7q2mWXjS/0TVLSe2S/1axsrUS3QFug23CMCjMdwbdGoAUqucggPlYz3eTUmksXniGyUxl44p8xAkDPJIyB6nB45xUWj3EUazOb2Wbb8rLMQAhXqOgweRn6j1rxG8+Avj+O4t5l+NXioyQrtEgs9PES5GCdnldcjnHYj0NZp+DfxJa3lMHxf8S3Xm3RWe1bTtNMkQYgAligGFGSwGd3GACKOVgfR8l0sDKmxtznoqkjp3PQdDySKliuVZAVIZckZU5HBweR6EYr5w0H4G/FSa4uZdb+OHiZ7VAslpZ2OnWNvOMbvkkkKurkjGSAoJx6cXtK+A/jG+tLeST40+NhGJHJjhi0+IoeQQ/7ghyCTkjIJ5Hak00P1PebzVEs5oY2XiSTyy+QAuRweSM5OAAM8mpt42kthe3J4x65/Dv9K+fdS+A/je9jvpj8XfHDT2peS0jRtOhFw/lsowRAdqjd/EBggMBnFUIP2b/FesWdhNP8bviABPbtFOqXFmVQyRgPgm3BJGCFOAQSW4yamz6Ienc+jYVjsYo44k2RRgKqIuQBnAAAzgdKmaVhnJUDHHI69/r615XrXwp1u88F6TokHxK8VWE+nufN1m1NqLu8BbIEpaErxwBtAJGAc5OeH039nzxHdahqEq/Hjx/KLkDdCbyyfycMQQiC3ITkdQB3B707MVl3PcdUt1vhPHGEaEKwuY1UN5mU4Ug+oxkEHIOK88/ZZj8V/wDCjfDsvj6C6TxXuuvPS+iEcyg3EhjUggY/dhMDgYArkfCP7OOtaX4ii1O/+LvxA1N7e/Fy2nyXcBs59oZljJECny2DkEKQCRjtXRatY+Ivjd4V0SK51PxZ8JNVW6uGe30meDzZfKcqBJIY3UowAYYAyG74xS1s9NSe3Y9Wumh00m9uSyxkjLvtxCpxkHsASBnk5Jqe2kkvrMC8tliDksYnUHAByCeSCRxn3HTFfOWpfsp+Krq7sb1/jh8SzeCZWlhTUrVYYx0JwLcAkA8Ajnj0qrdfsq+J7WUeX8fPikImKKrNrVuA2c5CAQEkjjqRkE88YqrOwz6OvL0tazS27YZWVQzgbTlgpCkkcnBAJPXB5FVV8QaZY25EDqXQny7eGRVaQtIUAAJAJZwRyRk5yRXzqv7JXiVdPM0vx7+KkV4yqLq2j1mCQRswHy5FvyAep44yahk/ZR8Utaaglt8efiNfSk+Q0Da3C4y0YHz4tSUIJHIBIGG6igD6qs9SjurWG53Kiy4wrMMgnsSCckHI4qg/iNI5rmBYZJZoX2CI7VdyQWGMkAggHGccqc4HNfOn/DNOv6g1nan45/FSyltreMTvHqMSfLgquM24DMChycA4IJ5NJcfsn+J4pZYovjx8VpJAhCySapBtORkc/Z+BkYJxkZGM5osB9HyJZrdrIYlafzA/mFVLB9pHU852kjPpke1W7i1DW7IJ5VOQ25G+fg5xnByO2MdK+ao/2ONatvOlg/aB+KoYlnbbqkBOSQTgeT19PcVFa/sieJPLEn/C/PipFMXbj+2LfcY88Mc2/UjBwemaAPVfj3apfeCms59J1HWLa6mSCe2tWUQPHICrC4YkMsAyC7KMgAEdK7OGK5bR0jso1sWEBjVJssY2ACqQVJ4ABPUk8e9fO978Hdf+Hvg97m/8d+JviFHHqlvdq2s6os0lqySFQ0apFH5mAQTCThyCuDxne8Z/s/8AiHxx4hudZj+M/jvwxPcbWbRtD1CGK2tkPACIYSwJAJ+Yk5zycZoA98sIfsttHA00kzKoHmykFm46k9yevapmUq0WFYnOCcj078/yr5kh/ZT1y42SJ+0X8UnhkAETjWLcgtzkf6jHbsT39KsL+yb4iWCESfHj4oPLk+bI+txAxAjJK4hwSCMcjBBPoKPVi1Po66vGgVlWJpnCk7UIzwDggkgcnA5I5NedfFLw7e+Mv+EOuLGC5lfTdYj1CSKNl2YjRgQ/zjkE4GCRnBIIrzqb9l/VrfR1ZfjZ8UppYySbiPWVaSfJBAIEWAAARlQOCTkkA1l337OOraVNZSj4t/EzV5bi9EMgbWwJLRSpDFESIblxjJYggEHPYvTuK77H0vHNdGYriIQmMbVIy4b1JzyMY4AzkHmn2KXFtue4MckjqCWiUjnJ4GSeMYwO3NfPt9+zn4i1O0n02T4o+PLOCFGjtnXXI1kucqCZHdYmbJORgkgYBAweNXxB8M73VPAY8E3HjjWLdLeMD+249WC6jtjkUhmkMQJZ+jDkLhQPvGpdk9xrVXZ3/wAYvjZ4Z+Bvg2bxL4t1FNL01ZFgSRlLs0jEBVCA5Y85IHOATWn8PPiZ4e+KXhi11zwzrVhr9hMoButOlDpvHBGMkg5zweRjmvif4yfsCt8SNBg06++LHjK5ubRlubc+JrsXMAVnwQIxGgBIzk5O1mUYIbh/7NP7HuufD3wGbOL4qeLLa2EzSsnh25NlatvLAKoMJZpFAIb5hhwFIwOaaSWjC77H3nJcxyQs/nbFjbc7A4Ax1BPoO9UTql9JqUYgthJp5UFpQQSSQSCpLDgADOR/EME81xPw/vn0nSLHRbeW8uhbW6Qtf6rO8ly0jFmzIzIMsAQCSMFhtyNuTwnjj4Y6p8QvGUuor498VWFpbmKGOx0vVjZIu5WBdI44cyHOMEsd3zgkBQCrFanumnRxreX1zFdzXJlYK0TSBkiZQQQgA4znkE8kCrl25kt3yrhtpI2EBs47E8A88Zr5r0/9kUaTody8fxQ+IWnarIEllaz8QvKIzggINycqNxAJXOBnrmmeIP2Yr68tooLb4t/ESLVJITNFIuvsImYAAAMYmGCCR90kKScZAILd2S79j6Hjmlt43DWN1OQ24K7RseEBwMHueMHAznnHJWWa4/teKUiQ2giYnyyNinjh8nJz2wOMHOOM/Ntv+xdBYoZJ/ij8SrqW4TyLhU11iFJBB5VBwAQMkDgA9Sasv+x1aabcXurXfxN8f3McIkeCKfxLIkUZZQDIWCAgkKAQSQAoOOTkt5hd9ji/+Cj15Pq/wa8H2sEFrPpWoeM9PguVvHjYTQmQ4EeWGQSBkAEhd2QOSN79pSaKPxp4V0JLjT49It4gkllcJAY4AI2LLGJDkM0SncOP3IlwScAeA/tlfARfhj8N/Dfiu8+IPjLxLYaV4wtbpdP1a8N/FbxtMFIKBFZXUHGTuOSF53DHoP7ZHhW/+LPjPwdDa67f6HpF1ZrdXM3mm2u4YTkiKFFiZkdiASz9WCxAjfgnK+gze0G6sLjTLOG4XQ9Ev5LaQzwvb2snkMUU+W+JQGwgAYKBmExDIYGums7G9t9LvRPHp9yzA+bHPDbspkBy+8LNydrAyk5BTygOQa+btD/ZltNGs7uKf4n/ABCQMwW5t7fXH37VbKHBtySSpJQAjc4aPGVOem0n9nCykmlOkfFvx7ZPDBCzpb+JHmiiCk5Us1qSCQQV67mMi/w8lmg3Pqf4e6Xps14YXC2+sLIs8CSLbsSVAM0ZEZJLAkGQ5AJCEE4Ne52jFrdCyshIHysACPY44zXwz4Y/ZL03WZ9ND/FHx9cX+IDFfR+JZHW3QK2VjIhVWU4whYZYBuhUV3c/7D6QrbW6fHH4pWnyiNCNcjPmEZOMGI847DAwPrRq9xbbGx/wULktl/ZB+IYmmgjMloqIZzkF2kXaFHTcTgD3PUV6/wDB/RX8O/DHwtYPFYwSW+nwqYtPgMEAygI2ISSo55BPJzXw7+2j+zDa/Bv9lnxvq1t458deJpWa33W2qauZYiWmQFmQKAwweQcgdgDXvnhn9k1dS8D+HI5/ih8QRNHYxbpYtcdPMJCMRtAwowCuFxwxPUAgt5hr2PpqGZmUbgAc4Pp+FOaT5tpHbOSDXgVx+yTp19c2s8/j/wAfu8EccR/4qOcb1UY5wRjPUkYIPTio0/Y08NxwyMfGPjt71lkC3n/CTXQZN3QhQ+07eAARz3zQCbZ9AtIeCoGPU9P89KVpgoJPQDJNeS+B/wBnfSvAtzaXdr4m8WX1zFE0cv8AaOvXE6Tll2lmRnKhs8gqBg9MVzEn7H2hf8JHBqkHjbx5bxxhw1rH4kuSjbiCCSWLAAg4wRnPOakfXY+g9/y5GCfrTVkLEjjOe1eJ2v7LmiQ3U0s/i7xxdCQkiOTxLdgLk5A4cZA5HPXPNekeAfAVh8PdKk07TrvU7yGSYzNJqt/NeS7iACA8jEheBwOOtMDqaZJnaccn0p9MkHHAyaAPlbwr8RvDnwP8UftAeLPF+rfY7GHxDA0jSMWcr9kh8tUjByWO8AYGTxk8cXfhX/wUB+HnxO8Zad4ZGm+IvC1/qWRp8niPT/ssV4wwdkbbzlsEHBxwawo/gT4H+PnxZ+K9n468PLqlnonimxv7KTz2jUy/2fACHCuCygADawwdx6845P44ano37S37Rfw28BeD9Jk1aHwLrK6nrnia1yINNCLkWqyA43MUQEAnGFHrh77Afcytlc4xxmovOI6gDj14qnrWpDR9Evr4wyTrbQPN5UK73YKucADqTjAAr4O+Efhn4vftPfDu5+Ldh8WPEHhvxRNdXC6ZosMCW+kiOGVlSN4yCZAcEFicg5BBxzIH380rKoIXJ9AfboKYLkMRxgcc8d/xr4q/aE8TfFS++P8A8C/B2jeKrfwfqesWl2dYawufNRlWPMpWOSPaxADGNiM7uwwDXL2Pwy+MWn/tJan8JNL+N/iS48IT+H11rUNSv1jl1CINIYvLhlMZCOWAIIIG0nvTA/QOOTzFzjH40V8ifsu+JfEnwe8SfEn4V+JdR1rxdY+F762l0jVpLMzXE1vdRtMwldTgkPvA78HtgAoA+vNo645rO161kvdIu7WEqkk0LxqzDKglSBkY5GT0rTqC6cIgLEAZxknHPb9aAPyM1yRvDv8AwTx8W6VbXm7VfDPj7y3ulg2Wzyi8BDRFhggHqDwCCOmM/pf4X1KTXNJ8OPIbR7NrK2u4rpLgFpJjGc5ABHHUEHBJIxgV+ZUn2az+DH7XXhifV49KtLPxL9uGn3Ni1w43SclXOFDSMAAeq7c9xX6GfDrxJaQ+B/CFzbXUMtnfafZSRPHBIEYtFtUjOcBgAMKDtxk4BJIB6DDHp8jxtcvbzz3rBp45p1fbmNuExwRtyOAMjJJNb1ulnY6aZrUQw26xhlYEBAoXAOR2AA/AVgNdahaWsMzpavcTABR5bIzsIyeQfu5bPBOABgnJ4uNrSRKto88K3qkRSKxIAJXduAOc8HOM4OMZp6gFvBp1/a3BIjaKRzJcRSMHAYqrEEHOOMHAwOQe9ZeqQpqTLKiWc+pwTRyNbhldUjjkYhjwWBGCVwBhwBnGasXuqG60+eLy/MMpaMxyRBhGVjDchchiQAQM5IOO1U9P8RWeoX08iGODy/KiWSNcq7FjuGcAgZyBnIwS1IDYuLuzu4oPtMDOI5I5IgzKG3DBHcAncCMeoI6VPb31ndLBf206eXMAFZWQrKuCVIIyTxnHIHWsrT9btry3isL9kv7lwGWSCFgCCxAYYHykEHPOQBnIBFJb311aRRW0zC41O1WMMluuFkjJIJG4YBwCTgkjABPNAG151pfBDbXis6ukitEVY4IyMZyMFc8jsSRTNQjt75XjlKESBkxv2OpKHJBHIODyQQQOar6heHS5kMtysUMjAIscRZuI2Yh+SB0JBAHTHOeaUOry31lbXdu6K7riUsrOoXYSHPQADIJH1XqKAOc+IHiaL4R+DpvET2MOo3aXFvawNM4WV/OkiizI+BjBYZIB4A75rptX1rTLSMRTNYyWUgdrtGkUYPHJBIBAJAJJzkrxzxxfxS8QaTfPomjappkut2FxfW8qtayYXfEDMXYY5VSqHbklg3AO01ozeLppILqG5NiHkikkWGRS5CBQSCoTDAEgAg/MGJ7EUvUDyv8AZTk0C38QfGoxTRJrjeM9SNwdymUKRDtwCfu48v1G4jnmvf20WK5uI2uVeS3hnMyRSIhUyFQQwwM4BLEHIOS2eMV8/wD7JurW51n463C2sUV2nja+acRsWiZhDAQQ+0ADGBk9fmboMD3yTxIFVAXYSKheTdGdqgMARnHQ5Byei4bpTAtSa5pduFhn1C3kW7YKvmSoA247VQcgksQQOucEVzXijQrS1MFzbwuz6fbstrbrHEIYGOAHG5dwIUlSQcbS2BkCt+TxNYCzt5ULS+fJ5UJaFgC24rnkcAEHJ6Dg9xWH4svrDT7bUNTvZZLWHSoJZLuSUypEY8LIwDDggbASRkgjbxkggHlOp/GD4Yf8LVXwpqOv6K/i6ZIriXTbNA5cPGoMhdo8ElMA/MD5QzgEZHo1zqGmeOrOaCdLV2juTAIYXhd9gI3xyhtwAZQCwHOxgQQeB+Rdvc2WraXr/wC0Q/iy2fxfp/jIXcdjNd7Zbm2EihY0ibDBCpwMEgKu3AHI/WnwL4u0zVvBem6vpZaKfUoDcQrA7XYWFnLK2TkEkMSPU5UEgUAa3h2zsv8AhH5TKBBZzXQeWBliwTuzumwAAxO0kgkYC46101nHH9nmfTJbcj7QdywuPL3BiJASAfmxkkHuAPWs5XuryYm3uYQ7qiySbjkglgCEIwCOcEdSSP4RWla3c9xqVzaC3WO1RUaG6ViwkJB3ggKACCQRgnOSeMUgHpLDfTSPbPay2W8s0kcgY+eGwQcDHBGDzkEdK4DRvE76p8TvEMFgLG9njs4ZUkkmQzeXuKyCMKufLyhALMT5gYHAArudWhu496RahLaIIizFLUSDhgSc9zgkY6nBNeWaHa3ek/GDxRcHUWA1DR4jBDdQtCkjxSzZKSHKqCm1SFBGFEh5blgeivNpd5diwvLazWyheK4hWcqXMu8bZFAJAG4gA5B3Z471dm1LQ4dTdxfWkF/MEiYiRBI+SQgIPJJIYAeueKzdF1+S1RoL+VbtoE82e+KbI1RjlDkKF45zyDgBj1wLGv8AiC202G2lnu0si10oBjiE5aMMASQBlVweW6LkEkZp3Akkt4tQ1IXMunos6P8ALcSIAcRkgHPJz8zlT0wT0Jp0Gr3Mk62Qa3QCKOQyQScAnJ28jODjjjkZ5BFYOkeNJda1cNBOy2MrAhXhZWjAOMEFO5+9kgoQo53Vel36Lqdtc6jdySzMVt4pEUgYIOWcAYUE45IODgA801qBrfbZ/wCyHM7afvmhAg+dvJZthZgSRkrkEggZ2jJpDdIiaVbOlq6XY8po1fIddhJ8sEjKjgnj7ueKT+1QywecMG6YqnloXWIgHG7jgkAYDY+Y45NNiuRfhDa33lz20Zd40QN5mYyAwyOQCQcjjII7EU+gGvNbQLHiVUCblCqRlcAgrweAc4/HFYmmzaDp8lzNbJZwWjvmSSOPafNMhDFiABnd+Ock9aF1iX/hIDYhpJVjh3MPKGxTkEM5xkZ5xxg89MGo4tYa722KyxyTMx+0SYKpGCpYbTjDEjAAJGQSw6Ypagat5eW1rYvcW6rKVjZlSMjL4zlVyQMk+prF8Ia4dW8M2OqajqWmX8Mg81Ly1ykRJdgmMk4IBAJzknOKztU1DU7XTdTvra/WCKztpWijmiCxuVww3krlRgbQRnKncAaqfDfxFd+MfBmj3mrIdNmvbJLi40+6iVlXIBdSwAGQCBjGcYJAzSsB2VtZRRu80TrdtNcGUvJ820A/dBAwAuOAelLNp9rp+lrYW6tbo7lYBGGIjYnIxjoAe2QMcdDVO9v9QhvI4oFLRYAG2MsGJOFJYDABG7PpgetSCa785o2uw8MYLSzbADuzgIvGCc5OQQQQBjmnYCBppdNumFymnsly8ccwhJE0rlMH5SOSAM4JJ2g+mKVL4R2Oqz213awxxoskTlCDF+7DAygcnsQBgkEVjf2xqV9bulld24vEiUC4uICG3FwCQABkhckqOjEA1q6TfSzWQhS7kvkMaxLeCEFjIsZDFwBjJK5OTjJx2p20ET2kKXQWGaEzxXMSSTXAGxbhipDZA5wFUAg9QQOoNP1DWNI0ZhLcXKq8KugkClyigAsCQDjGVznHUUq6kYbcK9005mBMbLEAIwFHJA65IJAPUnHaoNQ1LyLuaJroRAISqLCGYnbkAjBIIwSB3OfSpsMtRGK6vIJ7aWOO0jkkklaOTaWfAXBA4YYJJz0IFT3zWtveCUukF4ybRcSRlsIXUFcgDAJIGM5zj0rH03WXuJLi3VroO0kjCTylZIwGXABHBBB+U45AY9qvalrhhYlLaa4jQ4cImSAWAJ5AAIyCMkcZPaiz6COG/aC8Pt4s+GviHQ7LUprHVEhivoDYwq9yhilEgMIZgN7GMgEkEHnIxXT/AAx1tPFngrRvEKiOafULWN2uGiMbtGTkAg5IIBIIJJBzTP8AhJnvo4pYrtFso2k+1XEkBDoA4CADG3G0kkk8KQ3Qk1578JfHE0Gpax4M1nVboajp9217ZXMqgLd2LTsyEP0O1SFYDkAKehFFmM9avmsPt1osyK6RsjW4aI4SQ7sEE8EkAjjkdT1rQlY/uiXRB5hDLtJLDaTtHvkA984rnbdriF7C3TUJpVWJGle5UCRwC3GCB1yMkHIwOOay/wDidyWtqp86cySpHLG7bAsWGBYkDIYqSSF6MFHQkh+QHV391FZ2ztLcRwrIpNuWQgLtQtzjnAwT24GK84uvFmup8RNB0vT7aG/0GRJrnUtUWQo0MixIyxovJfcHDEAABcAHIxXa3988kVw0dzdJETtVvLXEf7k8HJyOcded2B0zXEfC/wAbzeMIdZnt4bhLZ7ye2spJI1VisQCyShlJypbPBA+cMOhFSI9O1KS6l0+5OnGMXojIgadSUDEcEgYJGcZweg9a5RpL/V7y5tLuJ7B7VRJHdRRkh3JXKgAgMFJIIbhjggEKa6CS8jsNPe9jne6gVmAhjKkyN02KSQAQQRjIzk1R1SO31SwlaOGS5nmiEheARmQENkKNxAyDuxyQCCcju7AfFHiL4q/tI+PPi5490r4dWnhObQvD13FambVGndw5jU+X8shBYFhuAUDIyM4yOs/Zr+PXxAu/i5rPwU+KPhqx0DxLa6Y2rQ3GhTyGG6Qvl5BlyVJ3nkHLMSxwRmvHPCvwh+JHir9oz4yQeBPiTc/DeC31C0DRxaelykhEBKEbiNgVSwUkjcN2CSDWr8JbPXfgv+21pVt481eH4p6v4w0Ly7TxNI0dtJaRxh3Y+UTgqyIAMEEqCRnBFTpcZ98eFdHRbOBLoyS3ahZCsjyMAACsYJYnLAAEnJy2WySckhgTT7We1VGWaMqZCquQ6lSAEIztxg8KSQRkjLAmDTbWG11BZbW7jZNQnjIMcwQlRGWQBQCGyoAwMfKAeSDnWuGe1vg0ce2KQhppE2gjggtg84PAJySMAAUwK7ag+oxWFzbXJ+wXwDoWtnD7fLJAOSGXJwSWAxjGMkVQOprHqTRS6iIruRvs8Aa1kKIxh3kYzg8AtnjA+XOazdNuLq0w93c3U8pTI+0RKVihEbckkg7jhA+3PzYwAM10kN3Ol4Sbaa6tZFUBZAu4MEznJYYB4XpncfTkABa6gNJWG1uJ5JnVWMkhikJlYKGJUEk45GACR2HIxU880WrZijleKQMUCzRsELBQTkHAYENjg4Jz1I4q3kq69GYRutpVVigYxswGBiQAk8qxwD0yp6jBrlr/AMQ2F4b2zF9fS3azyCzkMcbbZAFUeUTgEhg4Ukgbg4JxT3A8d/4KF+Er7x1+yz4xgtpzYmxtG1JrZYTl3t545AfNJAwQCMEEktkfdNcPrVonjL9nX4P+PbaeHULaHR7S2uLiZWN5M7CPYHmD7siReASQshjckbSa+mvFUy+MPA+s6JI/mtqVvcWrO7qIyJdyIqYbIDAnGeRg5wcCvkT9gi8uvi1+yd4g8CJe2ba54P1K5s7GOZsr5ZO9ElJB/dSEyRMQMhMkc4oV7gbun6Rd6N9pvCVjkvJWV2jMkcTI9wFWKORWHl5ckK3JSbfJwsgI7DwxNfyWkUMy6nBFIvledHHcFQxYAFN7gbmKgL08sq7HiQE0fD6rqEOpwayIZRBdSRtb3FuBIihgsyuG4ZNpBYADMIjbBaptLhdmnt9OW5TTGtldpliSFXJccuSVALIF8wgDMYiIwSa06AelfCPNvdabBbzMLCGKExeZHLGuGV8bYiSFVtp2rgmPacn5hXt1tHPdLFLPCkDpIxCnDnaCQCD2JHPtnFeN/CvVLm1bS7K/gmnvgkaJuWJZsgHczlTtLjrIFYkApgcmvZtNuIrpHnimEiFtpw2QCCQR9QRg/SswPlP/AIKEaxFrngrwl8LbZ4W8R+NtetLe0tpIzIhihmSSVmGQCoAAKkgHdj1r6p0W0Nhp9pakKBBEsfyoEXhQOADgDjoMgetfJutXVn8YP+ChWhacunSXNp8NtFkuJb5EjaMXdyF2KxL9AoBGBuDA5GOR9j0gGqoXgDA+lBRTyQPyp1FADdi9do/Kjy14GOB0p1FIBAoUYAwKWiimAlI2MEE02UEqQOCe+OnvXlfjzVfGek/Ezw2lhdWcXhW8R7eWOaAFnuiSU3yFgVUqMKFVizHkACgD5d+OEPxb+0fGrTPg9pl5faxqnii0gvHjMSfZrY6dDvaJ3IIZjwTzjsAeap/st6l8e/hJB4W8EL+z1p/h/wANyTxx6nrX9rJLMxJAmupMMSzHJOOccAcCvaZrP4n+B9B8aa7res6Lpes+ILy1+xRaXG90sE25YTEnmlAS6ImC2ArMeoAz9J2O5rWEsPm2jPA69+nv6Ua9wK+taRb6/oN/pV2rNa3ttJbSqpKttdSpAI6HBPSvgXwL8Pf2n/2fNH1z4SeAtD0fWfCiyPJofjC+uRE1lHK5ZlMZzudSWOCMA85IOK/QyihWXQD5b8Q/Bjx/qH7QnwZ8TPqVvqdp4b0u6g1jWJrGJZpZGQKQMH5d5JxtAxzzhsV2tv8ADPV7T9rK78fl5H0i78JrpCgINqzLdCTk5HODxwe/I7+30lMD5V/4Vb4z0f4/fFDxDHot9d6Prw02SzuLfVjArGKGSOQFFfgg7ewHIx3or6qopALVa6QSqEJ6+w/rVmmMu7HagD4A8U/DWTxZ8aP2s/CEGo75fEHhmxuobePaXD+VJgbAOWyAATkkMCSTiu7/AGO/icnj34AeCXEQTUNIt/7IuzNIsjxTQoYnJXgr8qhmH90rySCKu+Lf7R+H/wDwUI8LXYSFNF8c+GbjTnbcFbz7VjLkgfebBRQT2YgdK8Z/ZNhk+Ff7Snx5+GkWnR6fZyXg1KynknlEnkyMQFUMMMQrkgAckEZIxTjuB9rTRqluIYb+aK4SPc0t0NwlbySCzKCMgEgt0G7biqUkmkTX7SXNtNcBisBumbc5kRQQVAIBwx25AOXb05rNXR5dEj0hbB0n0aBswhrsuPLFuwEY6mTlduOSQ7MeVFalqqGNRqOnxWr6hIqG3s7hpV/1Cq4AGACBkArgYBYjIq2BmX2qQ2d9NZQwXUd3aSlpLZySrRNCAjIRlhks6qTjDh84GK3/AATY2E1u4mtMvsjYbmZ4mzGwBTPAUqWAGchSAccVkeIbV7Z7mRFtYykcsMYumKK6pGFYkD5huPBYkhVCsOSaislm01xbWkUJieSGM30khAaUsS5OCcfNk8cBsLjBpWuB1N1Y7tWjvIJJobOExm4VSSUKkkBQAQQynDEHO0LjnNMu5kgklu7l1SR1U2lxcAnyogpLkjIIPHzYxnK4BwaoW+p3MiR20rK11CqsYosFiFDEuMDBJIBHAG8lTnFQp5XkWKTSKNNtYojaJbybQ8hQ4BLEFjnoCSDk5GRU8rvoB0kutRaasiyPttLQIsl1cS4LEjjGepJ4OSOSCM1m+H7cW1rdm6STS5ppTGWjARGLISuzPJ5Yk5z8xPJFY7NBFDbX91cF/tixyX2Lc3EYOAAsZUdgSoIHKliTkZrZ1hBBa2kk0tve6fCWjBAfEaNGQpIUnPVQSegyeOxYDzzx1oPh34geKPBEtvqdjHc6Tdm804PNIjyBY3jmIjVlLAA4DEFVbdkdK2LO3k1KPToPKgVreMSNdW/mCGINFgFRnIJ3jYDkBdwOCap+IfCui6h48ivRpWm301nYXMYuhIyG1LRxkoXycBtqkqMbQA3JJrfh05bfS7h9KjiuJbpLjyLe9kZXbIQOXDHIBIHG35cLgYY1TjZAeJfsraRbNqPx4LmRbabxddwvarITCSIIN5MYAbBAJ2k/dIGSTXs97Bol2lg9y32KWze42SXccjYdVALEBuhQKcNnKHbkHp89fAbSZrrxd8cbNNTtbuWPxvJdTSXTm3kY+VbB1YKMqVJByvBZVBBBIr6A1zTbG4sYb+e0s31GKXy3Ed0FVlFwNhByBv3YwCAC52ngkGdgOomYWEhsneRo47aSVL25iaYZdgSAd2flzyOOCoHQivFP2w9P8W6p8IR4L8CWd3qd74inGnX17Eod7W3aQCad8kZGCQcA5LDtk16xoetWl9bmyLpFZPMxtpsEgSCTIKs2VxuZQDyd24DgcQDUZ9aURTn7NeXBLGWx2zImx1ClGYlQThgMgZAY9QKQHhVv+wL8GLPwXPptx4OsRctZrENQkV2nNwVEQdWLkKc44wBuO7OKg/Ym+F2tfB3wDd+DvF9teafqml6pItldygyRXlo0m5DG6EgKCTweFYkgEV77dWUmk2VkDKJDbDFrJBOFj3Oc7NuOVwAMkHCgnrzVuO+0yzt0kkEEunNKWcSKxIDZQMM/KFAyTz93B75IBJ5dtcwwi0uVSG6ZAZ40YNgsxCoQcrk5A6hfmyPmFWpEk026ubJBcSwOqi3jhnZXDMSWUsThQAAV7DkcZ5ow2v2C4srl4l844hhM8EasAwYu3y4xkAFgMjaqn1xB4g0TVbg6ncwrZvHNYtAkksjQGMn7gEiYdd3AYgnBCEd6ANHUvJXW4bWW/vIkmLx4MshUjBcgYOA2ASGPAAK4JIrynxJqWpzfGbwdNFDbjR3t9StWstUkKyLMVUxvACdrZjEpIBBKZXAJFd1q2i3sMl3Z2UtnNr0lu62yXjqGnjCqpkzsLEAsGfjG4KBwSK8Z+L3wZaSx8Lanq+r3FodG1n7XftbyEWU6sQCShICSMxDblUkSggYBJp69wPe20VZLOW1FrMXnCxPH5o8pwJMglCwBXaQSCeV+XJ6VU/syDULfUJtRjjnuPOMaI6EpBDuBKkFiGzgFtpG4ELjIq9ZxjUmgdBp97qcYCSqsgYtCsuAXJBOVwTzxuBHpWI1tZMt1p39qW9vbW0gltNOsjCHEjSHayKwx99SVyQSwbOcCgDZ0vR9Kh1i8vLRTFZ24VZWUMoM24khVOMAnBY4IYlTn5aQ6Tda7Zl3nU3sRUxpOrOuVBIjI38kA8kHBYKf4eI/DFw100s8EOm2140MKXGwhnkUF8MSDjbnIUkDnfxWLqC2l5qlkS2mW1y0cIs7qMx/NII5D+7LAkHaG2kA/KJM84poDZs2vpreynsh5tt5QL2FwpMqXEYIfMjOFJJwuQD8x3ZI6S28b+ZBN9kaPUTv8z7KREojEZHlj5uzHAwSN2WAwc1yui3Wo6lGt9d3MFpHcQjzLQmIqoETNuUjOc44JODCMkBs10GqXhtUhubeDS50tRJMJ2UFIz9nCgg5GAAQSef3Q7nGbTQEzag95cahdQRNJDcLEkbW48qXK5JDuTll+9gEDAVuTuFVobWCaa21CS2uopWtxGTBP5Ucp4IbywTtO1cgnkKSuQTiqdvrGnWmn3L3OrWsUDTSG9gnkiBDFAxEoGBj51yQScGPnk5k1zUdV1C4tra3h0+a7uFby1vME24XYdxAJIUDAYgHDlMcE0rEvyNPxbrUWi+HL+6nsBqFlOpAijUHdHgbyVJO7ABIU4JBCgEis/wAIaPa6PboLezvDY2tsYz9vuBPuDNngEkghCpJIOVwvUYHn/wAaPCY8WaPbeHovEMnhyzXVLa+TVLZYRL9phkVyqcgbXYMuSpO9jxiu1h8R28M0l+q/a/ECKsErW4gJmhDAKoJbJySyqCQDKCCAMGmNHT/2tJeC2kNlc2k63CKbVrsRqAshUkEHawwQcD72QOo4s2t5aNby3U2+3hhbZcROpY+YrHjjgnOckAgnBB4rlbO4g0u3guF0y2Sy82OKGWSOMu7LKSscZDYJLPlQcfOHzgYzavJVs7nzdRuoW1Jo4Xu7WIx/IpLBFQMAc4EgXcSDmTk4FTZ30A0dHhe1inuBYxrczXBCzqihfmZmICg8EcKWBG44bkA1o6XeeZ5sVtbrEkkZaSGEhCCQcsDkAHI2njJIz0INcxqGu20mk6ZJpFpGluCG0yZkjIwqsAIstggqMjHJTecg4qTS7awuroSX11oN+WIjnaNcvIDaguQOcEjoDkeWB3BzQuVGrqGmlrGWwGmtO94jmea3lSIoAo2qNzEgtwuVPBJbjOavXem20d4JbhA6uuxWXh1YIQAzZJJAzg9ASe5Fc1dyaJorWpL2eoXMbMNOVlj3xKYgWkYfLtCoRnbyEA4JzWzBNprSam1pcae8DSSm7EZG0SBF3A+jEEFiT0C4xUJ3YSGyaxYabpuoPZI0DHG2dowq5ZQVKkjGFGTg8AgjgmsfRLh9P8OzNPqcdzazSGSSfATfhgCAAQQWJzgggA7e4FPbUo4I3s717e6lklkxC/lkeWGXLSDI6EoHwMAlMdTWb4i1G0u1t7Rp9MTSpZWUSiOJlWcXCgbyTgEMACACRIUxkA1V7bhFWOh0uztLq1/s0W2yCRmZo5MlWy+SB1ABTkA8AEKcYwPLfix8KhPcaRr/AIcZ7Txr4cglh0xb2+LWrJPIVmDx4IkYoAFBABIVc4XjS8dfFzQ/g7ossnjbxbZ6Xe24Z5NoiVmjLsUYR4LEkA4wDmQE4218++OP25NW+Js2naB8EfhzqHj2eNY7yW+vbIwQxCMswZSeCQwBB4wwbGeKXMUfTnw+1bQvFkjnTp2OoaaV0+9sriUrNbEAjaCWy2Gz84yGIwD8pxrRrpOg6XFb6hfTWcVjHHJBm9Ekn+pZSrAEtIQCSScliQecZr5Eb9lH4+/HjxI2o/ETxlafDm0WRZrS18KQoZolTOxHmAViB5km0MSASx4zXAap+x98AvgbbtH8XvjnfXusTBfMt7S9MUsTkcsqJvcggMASMc44JpJuT02EfZWr/E7SZfFsPhvQtRiu3haR75llV47dY1QMHJb74LhccEli4yFNdRpd/aaTMksUflBZCBJDKqxiMEAgJk5AJGTgZ5YDpj4Hj8G/sLR2saD4h64rKT5kpnvQ0h3A4YiLBOAV4A4J74Ivw/BP9jTxRq0sVl8W9a07zmEiQvq8kEMe5chQ8sQAAHGGYnIweeKrUPkfe+qakYY38ywt57eIyMUFyixqWAKKMZAZmJBORgHdkAmuY1zVZtf0uIPbyTXyMbeKezvRDJLBJJGSBtI8ssUA3clQpJ4bn44tv2b/ANj7zJfL+NepYCkkyeJogCD3AKAH8PT8Ks2v7Ln7IkrGKH426gXjBc7fFMQ4AGTkp0AIyAfXjg1LlbcD0f4h/sl+LtU+JXiPxf4B+NGseBI/EDRSXemohm/eBWCjfvUBRlwAeB0zggVd+CP7Jx8F+PrXxx448Var4/8AF8kRsrfVbxlh+yW6ksqhAWIJUMDliATtIAY584i/ZD/ZUmadIvjDrLiPe0mzxRGQoR1VskIQMM6Y55yCMjmukg/ZA/Z6jt/Ji+L/AIqSC6ZlKr4mAWUicK4HyYJ80LkjuAeeaj2iuVys+s/tUVnI9taz+XDsMseoSsjP5pQ4AG04AUAjAwCNuAOKW61Cw1fXIIlvZJJV8syM7iNZAEJBAIxgFhlR94gjnacfJ+qfsK/Ba5jW7tfij4xjvY3YQXn9s+eYpRLhiQEHIkfPJHJJzwSE8OfsOeBprmE23xq8cXal0ltTb6gyBMNIAQcYJ3mU54ILHA5zTjLsHyPpiTV49UlgT+y1gTT5o1SaW/G1mEDAtkDLYBIXswJYdK6b+1oJodKgltwwWEs8bXQKR5iIClwcMSDx1yCW6ivk3WP2H/CGqW8Flp/xr8dWV/GtusDfbGlCAI4iLIAACE3qCSCBkH0POXH7CUS4tZ/2kfGgFrCAI3VgI4zA3GN+APJ3jA6AkY5wU73DQ+0L63tNNjlvYnjnnbKy7ZULx5Vf3YBHClcA5IAHzdSScLWr4XFlPNaGMW0xmtgissEud4GHJUkIxPLAAqqhs/MSfkzT/wBi6G0vl1G3/aU8VS3MJYlbi2EqMTbLkPG5IbMOwYIOVAGCRiuuk/Z08Rw+aH/aY8R+V808rf2TAG2qFmYkgZxgoCM4K4U5AwBeYeh7/rEM8un21pfu73FtJJG17aXSoZi0iqWIAIXJIJPBXjpur4g8aeFPFf7FX7SE/wAY9Ej/ALQ+GutXUkev6faOrPbq7BXkeNcADeQ4AACltvGQT69e/s++L4471z+0rqTgJcRmR9DtmfaGjaQEhMgklSSDkkKeccUr79ifxB4y03VNIf8AaH1aew1J3W7tW02CIXBDbZCwGNxYklic7mCkkkAgvYEvI9T/ALNtPiVb2vjnwZqi6t4av7dZRdRusrIfNLkhSCxaNssQc7gAhAA45O/ki8P32m2motItnNJHGbWNw8G8yMwkcEAsqhWK7iA7O0Z/1Yqv+zr+xnqv7M2rW97ofxnur7w6sha40S7gjFrMxYK2QCdpIAAIwQ2OoyD9Iap4f8I6tc2t+buC0kwbFJLWdYxKSzBYyR94qzMQM8FiRyTVqX8w7dkYfgGzhmW2ks7eG9gfyy7pKCkeFcAqRySCfvc7gep2irvxb+Kmh/s+/CXVfEuu3lrYRWcBNvbMdytMVxHEgADMC2OcZxkmvJ/HX7Znw/8Ahj4suvAXhS01Dxp8Q5nEFroem25KiUL8iNK2FVRnORkDcfWs34Xfss+Kfiv4u0v4n/H+6j1DxFZgS6R4WtQFs9IxIJE3FSPNdTwdxIySORUqV3Yh3RX/AOCbvhfUb74f+Jfin4mtJbbxV4+1WTULkyxmMeSrEQhFPRcFiM8kNmvsjzFwCTj614v4s/Zh03xbfaneHxr420Y3jKYodG12a0htAAMrFGmFAODwQcZ4xWHZfsb6faQTRv8AE34l3Rk+683im4ynBHGCB1IPI6inp3Fdn0ELhCxUZzjPSnNIqqSTxXz3cfscafcKgHxM+JUO0qT5fim4ycAAg5J4JyTjueK2rH9lXQrVyZvGHjy9X+7P4qvMdPZxSGe0rMpzzj6003EfTcB06+/SvEdQ/ZL0a8V1h8b/ABAsgxyDD4puyR7Dc54qNf2StJ+0M7+O/iC8eQREfFF1tGBjqCD155J59uKNO4rvse5rcI2SDketHnAkAZI9ccV4bdfsl6PMRs8c/EGAZB/d+Krvsc45Y8VNH+yno0czSHxp4+cNn92fFN5tGR2w4PHbJp28wuz21plXJJzxnpXGfFbR77XPBt4ukhv7YtcXVmyyJE3mxkMFDurBNwBUtjIDEgg15dN+xxYyyTSL8UPiZE75C7PE8uEBBGACPfvk8DmoJP2LLFtmPir8UAEj8vb/AMJRKA3GMnjk+/T2pW8x3fY6Pw74osPjJ4z8L6zpt2l3pWm2LXssO2QETygBCGBCnCgnawzhlYYyK9niIjjUE847DFfOej/sP+GtB8o2Hjbx9ayFjJdPD4jnQ3kmAA8u3AJVQFBAHAAOcU3/AIYnsmkkdvi18VBuIO1fFMoAx6fLQB9HLMr9Dx9D64qWuL+GPw5X4ZeHRo0Wu614hjEzS/bNevWu7n5jkqXIBwMDA7c12lAwooooAKKKKACkx3paKAPkH/goHe3/AMPYfhd8UtJ09L2+8K+JIUnZ5Qg+y3AMbockAhm8sH0wCcAE15R+1Z4gf4f/ALbHwh8W3QhTQPE2mjSLiNoC5Q7iUJYHaWDSrtYH5SGOcZI+o/2zPhGvxu/Z78V+GBcPbXJgF5bSRkA+dCfMQHPUErgjg4Jwa+Nf2wNI8R/Fj9g34UeMorae/wBT0GC2u76S3kCshMXlPLsCEMARnIKke/YvYD6t02/MmnwQW6abaD7Ups7VbRdj4hYKYwXJj3EELn7mGBwWFdJp+t2eh/a7aW909btowiLbWMhTLW5beQSdy/KSAD8qkrnJFePfB/x4PFHwj8NeI3ubZ9U1DT1nu7i4uo4o/OMUYm3FYm2hiMuB90+V13HHfLrIttSuNXl1O3s76W1ayN7czxmUKCq7MCIEMGfLDICzMi8hjjRO4G1JrH9uTamM6Za3sfmxQvLYEvbEW8bOZCshUqQAzZILIQgyQQJ5tfsdRa5truDTIBaXKRLe3FiXWYC4TcAM5TDEDLYO4hhwK5m+kNwBaw3Uy2kWZIli8oNuIJ3hVQEvubKliQZgy7cAin3l4tubeS+luDaMQFmRowgUKzDGU+chQdpJwYRIxwV5YHZMW0nf/abWsd7BLEq3L2oImhkdggBDYBGGXk4DLuIGaoLpi6tb20F3Lb6lbMLa5jiaN4UWVkcExkk7QQoKhQSu1skbgay9Jtba4uIpLma3gt1IliZriJUEawEEErEBhoiqkZOYAr5BJBt2Gv6XoqRwQ3c0Ut9MHWCWGJVYyRksXIUbEwULEAkDYQRkggrq5pSajpEMMdtHb2cEEzQQqYLQxA4t2dCrlgACAcZOAoKnlhWZNHbWs2pW0GpWtg8MDqLhoCYrctbhj5h3ndjbuBAwE+TOav6jqsFxNK1tN5klvLJFNOoUrIBGDITmI8AhS2Bw4jGdrEVwHxC8STeHPB+rTvPaHSoLaWSVbeSN7h3UDa2AgAO8k4wMTELypxQMoeDNFv49Y8d30Os2epvrE5jNrd6fi2tzHaoDKMkB0YSCQkg7l2qOVr1P7PezXV3c3MmkILdLhD/opZEZhHhAAQzEBTuwAGyuB8prhPBvijVfEdvY61dy3Wi3uoWqebbtcRM8CyQRgIhEfIBztBwPOMg5AArY8SXUt7qEVppGrILGBZXVF8otG+MB0kYMC3LeWCACVlByAKAPJPgDbpJ46+P80D2c4XxdclYXsjIh2x22d8hHzA5AIY4BIbnBNetPq1nJD/pdpYKJp5FjxCQmDcIASgJIwQqkgY3YlGAM149+zLPc3mofHWezubWdpvG1ytx9knPkSQm2iKmEkbSC3JyAdgcDnFetavfT+ILUx2bIl7DDJK85cG3kYSYKKcEmNkAOcEmAtgBsUaMV0yxFql/cad5FyLWIxxooSONYmcibqARlSWJUEkFQC5xuFatjLb27B7270+6sbdY5p4G0+QPE/mStIBydoxtAGBtIPUNWRcW+oeIIJp5TbNbMzRyWV0I0UxiUbw0hUkKQULMFOI9gGGzWfJp7usd3aXbPrEwZLcaikavEomxIzBVyVIEZkzkECMjHJo2GdvofjLRG+zRaSiWduJUASS3kMeyRXZFB24UlRng/LjbgEiqeoWd7ri3P2HWIEDyxuFa3VjGrKdhLEgthgGwQcg7Dk4rlvDserW8MNvqS77SSMzT2yybpmYSuuXATG4HBkIIzJtAJUE1p+G9cvNOsYnvUt5YleJd010XZVMhVACQP3m4YJzgysT90Ek0YHV3lxfNHdyvqpvbgyG0Tbp5CiNlDZKHhiAWOVxkEDnGKkvBAmuSg3f2SUxoGPkymEtEowCB8oOyQgjvkHGVGMex8cXd1osF1p4j1WyVYgI9N2OfMKuDsdjhhuBA5zvVgSQRWhqmoNeQ2MKSvbWwkjUGOQxySKYi4EYzks20gA8ALKM8glcqAluY7jT/tF6dcW58kMtr5NqZ3iY7VAyuS4UcEEEkfMRwMc98SNDbxB4N1XTru7s3unhu50t7mBoIPNDgoHIAPAYDcDk5LjlcjYvGu9EnguUe3azmYR24imeB8GMFztKYDKVcrk4CbsnJ5ztQ1Sy8VT3SQRwG5SVnna4dWfyyoIIAYBQ0fKluTGCDgtio5WBa8G+LNM8QeFdP1uy1lrywubfMVxCpCzkyBSC23IUEFQRngbsk80sdxaS6s8o1GK7tojHcTuInZrdzKVDAkFSWCgcFdoG7HOa4v4eate2J1vw9fanDqsunamf7J22YihgtpRujhAztIVMnKsf3WAcMcDR0W0ltde1kzw3FxY6tKsEVgCBExVuWchwrMqnLc4KBQASDSA6a816dtQeysLhZ0mihuJFuEktlfLOHxIQ2FIC52j5NoJwHBq3ca5axzaQZ5/sz2yqZLqaEjlkYhdhQAA8EkYKkKP4gDlQ+bojXU+sakIlwGjhubckRRrw4zkkggZbHBBTGcEHn9KuL+aa2sRaX1yzTKI5pJDP5YCnImbzcuVLoGIOGJjIyEOF6MDsLPUbSSBNOlvZHmuY4biZprV4PMZ4chgCpIUnLYJGDhMckVsasW+xzRnUbtBDukWCGxDE7bcFVAUAnDAMADy37vBHFc21uk1wW1Ualc3kKMBJGWG6OOIqYzhyThnBJBAZyGGAMhLO41G+8P3dwovZdT3yvFBHISwiEQRVG5zhhgAsTgy5bpzVX7AaF7fSxmU3UV5PeSyeYLm2tZXSNVGMbRHtz844OSctkny+IdVm1HQtNt7xtRZ7S5CxgwqJ2KFQQIwIyzkABeMErucnK1R1bXLzIeC5uDZ3Ept4lCPCxbacozeaCzMUYA4G0o5ORItZetLd3diLdYb28EbC5gt7eRkk+aIFRF++BjHybgCQFTzI+rZq47agYPiyHUdW8aeHrs3gittLlkmljmtJbmSJiyrHIiLGFJCh1DEkbCZB61217byalrVtdLqGoW0UgYeU9u8bOpkCsAhQEkrgEggqoDjBJNeceHLPxlN4u8T3V5dzXOmtKbezhltFiESxRg5AEisd5cuMsxMQ2ZUnFdus+sXrQS2P22OW3hMUT3kMkiQucEknzgWwCHIU4ZMRg7hTAvTave6ammTT6xdSCGMEvJaGI5EpGGQxkLlcBiSCgVW/iJqG11y91m6h86+vr0yRIsbSWrwMxO4NuCwjaCR8xJOzbGBjzOYbqG8nxFOl1ciNzHI4tpdrYkALMDOSwXO5hzvUqBnaRVPTFvYVF7bPNHZ6fcJBcLMsjuhwflJMxEhBcGQqDvJUEEocAGlJry6TbR3FrqepJaSSFhH9gZ1XMbs4kYxloz5hyQRlWRUwN22r2i687XMUrz3Vo5jKee0BYtmAspZCg25YkkkAhwIxkECsGGzV9DgTVxfLZ/dljEUwMZYuD52JiJGUlQzAENIVcfd4sR6a814IVttUQRr80jPK4YiMqxJMoJAIC9MmX95yDmp+IZrWuvSXUJgvNTkId2aJo4j/rBGCFB8oZG7kgnG8mPHGBJceLrxtPu3SSa0mYtEXggaU5woJRTDh1BOVIGGJYA4Xjz/wCIPimw+EvmX/ifUrXRdFUM/nXaFSG2rlkY3BJJ4XCqD5uZSSCa8cX4jfFb9pLUBb/BjRJPCnha6tZCvjXxFDLFEGJUH7NGHbcAB8pKgBizDG7NRZ3sS2lue0/EL4veG/hvp+o+JPEHiZ/DttDHMs7XVoQ67WVY2hVogZgCSq4GHDMeSvHhPhT9oL4s/tDSXmn/AAb8BXWiWNyVnj8XeK5mW12g7QyJg7jgbQBnIO5hnkdXpf7Ofwd/Zj1yX4ifGzx9D4s8V3qY+2+JyvlK+fmNvbDJGcgEndjtjJFX7b9pf4n/ABgk/sz4DfDI6T4egJRfEvi23NpZOgYAG3hUhmBUlgTjgAY55dtfMLrcytJ/YZ8DeGtbf4mfHzxsPGHiDymmu5NUnFtpkQAJwsZOSirwASQcE45q/q37by6lNL4T/Z8+GWqfEGexCWkGpW9obbSIOCqESEDKKwwT8qkAkNjBrT8L/wDBPPTfEnieLxP8ZfGetfFPW1mFwtpeytBp8TBgyqIQx3KDkAE4IIBUYr630fQtN0OzjtdNsYLC1jGFht4xGgA9AAKnyA+OLL9nv4//ALQfhzT3+K/xPm8DWki+ZJoXg+3WCdGAwN9wCQ2TkkAEdMEivYvhz+xX8Ivh1o8NpD4PsNZuwCZtT1qFby5nctuLu8gPJPPGOle5+UvpzT1UKuB0oXu7DOQk+EPgi4iijl8I6HLFHIJkR9PiYLIBgOAV+8Bxnrio5vg54GmsxaSeD9De03BvIOnQlMgkg429iSR6E12YNLTu+4Hl99+zP8KtUuFmuvh/4dmZY/KUNp0QCqGLAAY7Ek/jXO3v7E/wP1CSN5vhroRaM7l2W+wZyDyARnkA/p0r3HIoyKb1FZHz/wCJP2DvgX4otZYLn4e6XbtJH5QnslaCRBkkFSpGDknn6egrg77/AIJY/AO+vGuF0TVLTLFvKt9TlVBnBwAc4AIyPqa+vaKkZ8Xyf8Er/hVatDJous+LNEnikLLNa6s27aWBZRkcAqCpIwcH2FTt/wAEyvBEl8L5/HHjlr/aqvdf2w4lcBmJBYdASV6dNoI6nP2TRVXsKx8fw/8ABNPwNDdTTDxr48ZpWUuRrsoZgFYFSQeQWIbnoVwOCRWov/BOnwFGwZfFfjtSMZK+JLgchSCevUnB9sYHHFfVlFFxnybdf8E6/Bk1ndW48aePh5jFoi3iKdvKymMAE4OGy+Tk5OOgFQyf8E3/AAVE0z2HjXx7pssiuN8PiCY4LKADyecEE4PBzg8V9bkDrjmlp3YHyA3/AATa8HM1wf8AhPPH2ZHdlP8Ab0pKbtuAOeQAD1yTnnOBTrz/AIJr+CJZLcWXjXx3p9tHkvbx69KwkJkD5JJOOARx/eJ6gGvr2ilzMD5HH/BN3wMbIQN4y8dySeYH8xtfmPG8MVxnGCo25xnBz1pJP+Cb/glShtvGvju0O4GTytflAcbiWXGeAwIHHTAI5r65oou7AeL/AAM/ZL+Hv7Py3c3hnTZJtWvH33Or6lJ9pu5CRgjzWBYA9SAcE817Ise0AD+VSUUgCiiigAooooAKKKKACiiigAooooAKKKKACiiigAooooAKKKKACiiigCpeQR3ELwyRiSORSrKwBBBByCD1GP518c/DGxj+E/xy8a/ALWb+31Dwp4osbjXPDttLGG+zxysyz2ZQkgRr95RgA5OAeSPtGvkf/goF8Kdb8QeDtA+IXg6TyPF3ge+GpQtDhJ54MfvYVYAscqCQoIB5+hQHiv7JPiTUvCtv4v8AhFqzSWOq+CL2aBVMU7FrFmZop8RkpnJwEABfcD1QV9Iw2drBfLLcEByzKG23byMVG0ESZzIVUlc5+cEy9Er5c+MXjSDwj8VvCX7SKwx6p8MfG2i22kagsSLLdafcBSySbSQpdWUgtk7cMOuK+moV0zVrO2urUWctn5K+UljBAkJRgNjKvmkBWQsVB6RCRSNxGasLfY3dSW4GpzCOW4meRCu6NrpRNuUrtGGIjJKgbgPlIMnViaqQPO1uJFtmgR5GLIst0pZgrEkg4CliA+SMKAIufMBrKvGgjkgkhCIjSFw0dtEJI0UY35Mo/d7SDgZJhAUDcK0tc0d2lkhn0+3tLJHKPcTQQO8xAUOzkOM7iI92RlnkibgKwFoZDptxdzNbS3VtegYP73ZdKGCxCQEgOWA3EttI5JMAHGTo29zPYTGBLa6k8yI7vMFxK8CpEDkMVJlwrFghBLlip5j4q6SyNbC4d0Eq8YliiMh424yJCM7+M5x543520k2vNp9xDKA0JdVCtDHCqszAKqIPN+UklwvYSbmJ2kCp5mnYRNeaHqVk9tHaNvtjkOkk91mNRG2dnzEMQGC8AF9xbkoBXAfETxmmh6t4Z0IaMdVvb53YxvJPKtrAiLG0rxu4JRd2wkAlifNwdua9AvZoL4xXsUsctkrbbeCKGFdzLESZEJfC8ByNwyFEo53A1zPg7X9G8SRaxrltFbxQTQNZRS3NquZlCOAwUMNyso3IQAPLBXrgl8z7DNTzNWnmnR5JJ9MVWgUQx3SlgSoAIIJBPMeScKAJgRuqour6sZ7uaydopTLKz2skN1C0p3BTlt2EyoCnHKbRIB+8Iq3Z3H9jzMlzKsEUqF0MlvAg2iNMhtsuW+VNzEjJiKqDuU1paxFFcQ397PDbwoJHlnWa3iZVAK7y4Dnd8pXzADlkKqMEGlzMD5y/Z3vprn4gfHqRX8pJfFDMz3S3FmICyRENswCAxQElsFdgUkiSvoPVre5ZrG91CFb17qQR200TT7YtlwCGcIMrkKW2EgBgIhw1eB/Bm8iuvG/xmttTsJLS/h8XPewXF1BGXEZW2BLneAUBMZZASW3RkZKmvctLm1LUnUymKeWCdnFvJHGTHIsgJLgTEEFiFIzzMPMztAy1JtiLGnGWbxBcta3apZW85Eglt5SJFabcERi5yVkYuCASxJj4C0268W6lJBasjw6eLYrAyx3E0zzN5jhnAYAMAFBAJIfcw6oKX7Fpms6faX1usVtBdNCn2eK3hVt3msMcPy24lVIOFkLPkgg1iWd0NQuLKOws7gSQBR5traQgBRM3llQXyhJDhSTlAshOPMFUM3F1C21aSKyecaNZG0gjRY1lcs+5gdj44wpIBBO5Sz4+XjFt5G1LTruzh0wXEFtHC8U0cUkglj2tGVLEgAFSUDEk7CZc54rWmkvb77FaT6fCRbmIiSMxomWHyOsef3QI3suSSFVlPLYrS0bT43heRHaaICHf5Plodu0sJAVOTlPmUEAiIGPGaAOWsbmTyWWKIW0f2mJmS4hZVbFu+QSTlRtQKzKBhNsvJbNXre+8S73tLCJLm0kGDG8RVppCu1g4C5j3iQZYcqEVuRIQNdYTdR3cUs8kFkbjaI1QtKMQ71MhJHQBG5JyhEZGRkyeNIns204RX1tLqJSaWBriFTKqiJSWYqwJUYyyjG8FAPumgDR1TUbs2sR1eJrqVopoAM+Usg2x/MyYJQEZ3k52kLjIY5w7yBvEdxItzItraEyXM8ctqpdihRY1CgABi4RnJJ2thcgHiW5xY2UssYvIomDRyRyyhpdwKK+SQQ20OpJBJf5RwUxWOsD6VEVlEkcPzs832hSIx5gUliB8zBiASB87N5n8JwAc3q2h2mi/EvSvEl7rF5p93rCrov8AZ97KhspZTNvhdlKjy5A24nBAL4jwABn0Pw/4am0fS3lFza2V7FKqvHA6CFk80qCgAOWDFmAABZyVOQK5Dx74Hs/FWi3GlalaC7u2hWeC1/tBopmZZMxhJlUlWV9oLAcsfM5AOd3wT4zj1fwjFcae3mXN0scUtneSBnjaNmV0L4yGDAKWA4J8zoaV1sgOgX7LptmLa/SGB5IoTGkAMsqAF9gUFCNxO4qGBBZnHRQRzlrdwavqcs6aeZJFkihGVAlZo1YI0JchAoDOFJGWBk5+UVae1vL6O0dLsu7W6iRLaRoSpZZABuAI5CgAn7hyx+/Vv7ZBc3D3dtJcRXLoixRICouImi5y3GwfJgBj8hUnHzjK5UBUtdUs5dS06e9sYbKC1Qx2cKTQsyzGEKNgZQWIRGERJ+aNnJ6Cs/UPEhuJtUitEQtGwN5532YiSAKVAY8gqyAkHqYAW4birGuQLqTeT++jCq4WJSYjJIVVgcFcqCq5Bz8gUrwHxUtrbSalq0V/cp5U5gMBns5Gij2qymM7Ng25wWzkldxiPBFS422An8Sa5ZWd1enz41S4XzYhcSW32bbsG8pk5CEBAxwQFaIgEsSOZ8aalbeGfAeoa3b21xe3NuZojbwC0S7Ej+WGMylFAJZ1aQKesceAQTXUXVnqMbX1i/2ONpDIv2tZWaQHaQWRShAIOGAJO8sUPEYrFtvE1xefEK58NRKGk02y+0XfmQNNEolO1T5oGGdQr/KQC+4HP7vIB+pbvrGaOxTTJlt9SvobaRZLua3twzEFCZdoAwwkwWABAlCgDGaimWzvIbnT4Etwl4QJWga3SeFjc7gQDnDiQHGRjz2IIK4x0egwy3l1PBPLJeG1nkjiuJJyobDHCdBkKPlyR8+S3O0VjXFneR3K+UFMce0RotxK43M4VWIMRJJ5Uk5wv70ZPR81hFmXT72bTYTb6fbvJcGINNBLD9oV1nLA72BXcpUiMEEGRiCAMEYcWrWVxqiz2ka3UMbRtZRWv2QuGBYbIwAABlX8sliGYy5wADXLfFL9pbwZ8MYLRPE/ijyb6zt98Gl2k8jXF2u5o3jCqnzM2Ag3EFQBIME1wXw98WfHn9ozQZn8OaFD8HvCU0Bb/hINcDzXUrMrKWhjJRQpQoMkYUgkEkk0czaA7Xxh8afBHwq0+K78V6zpNhD9ljuba0spYJ7mQBGjRYYlG9lAfbGSMbWlBIIBrjvCHjb4z/GqO50z4VeDbfwD4SKK8fijxPbBVlHlhQLa3MQJQr8qlicKeSScVzGj6X8EP2dfFVzZeFtG1L9oX40oAk1m4+1NGfMDSSZ2NHEFLDoCQcAYyTXsX/Cuf2hP2jtJMHirXLT4OeB76FdmheH1MmronJCyTkARtjaCFB4yMCkrC19DzpfCHwV/Zi1Sbxn8U/FY+JvxXjCm5sIZBdS28j8ItvZBsRoqEAFhwACMdK7XRfiF+0f+0Haxv4S8MWHwS8KhhLa6trkf2i9uYwcKgtwAEBIOSQDgjHUGvevgj+zL4G+BukwxaHpKXOsspF3r1+BLfXbHG5pJGyeSBwCAMdOufXVQKoGMe3ancXKfN/gf9iP4eaPrsvijxZp0fj3xrfMJr3VNdUTxmYkFjHCw2RjIAGBkAAZ65+i7ezgtoY4oYUhijACIigKoHQADpU2PUU6k22NKw0KF4Ax+FL04FLRSGFFFJmgBaKTcDyDkUtABRRRQAUUUUAFFFFABRRRQAUUUUAFFFFABRRRQAUUUUAFFFFABRRRQAUUUUAFFFFABRRRQAUUUUAFFFFABRRRQAUUUUAFFFFABVDU9PTULW4t5Iw8M0ZjkU4IYEEEEHg8HuDV+ii9hH5u+B9A0T4EeJPiB+z58W7tofA3i64kuPCmp3gAswspwYlcYEcqsQcAgcZGM1V+Aep+JfgL8Qb34E/EC+jupY7f7R4V1NYVCXtrkvJCZNpJY7FYZyd0YXODX2F+09+zF4f8A2nPh9LoGts9pf27G403U7cDzbScDggnqp4BGRke4BH5y+MtY1bxp4Ji+Enx1l1DwV8RfDt8YfBnjWSzZUvmVgiwvIoJKsSmGBxnBJBXm+bsgSsfddnrlhcTrEJri0hxIAu2FmVi4dAAVBDGXBIOQJgIwCpq3Z60dNuZ73VvO1GzinknH2oKrSMkbYACIpMm0vtUHDDzSfuivmz4Xfta6H4402Xw94pnXwf49sbgaTd6a93IrzO0gjSSB3YfMy5U4yQ8glPAyPoqzt9TWC91aO0vJrKR2a2gOoNI+4LGCxwAArMmAzAbSjHJEnIrjNb7Pb6PfRQi4guIHieRY48FJN0AXKuE5CoApxk+SS5ycYztfa8gs9QRLmG+lhEgmUMkaYMag72KfKDGArHjEQVhyTVS6jvby5tohe3txP57gqJZbdijKGARAQBkAyc8qo8o9RWd468dQaTofii6u4tYt30uM3RjtjIX+RVIQljtY5JbJIDBhH1UgTq3cDF1jXtLk1Cz0aO71S1vdUEjG42RiVIwhMpmzHiIZC7gAMfJgjca6q1knh05rJZTbXNuEWW5QRqCvmDIfMZAOSGYADa5VRweebOk2cWuz69aQalp2oPEv2u6M89w0ahQxjzlhII/MJx92QsMcx4G7e+I7GRgl1d3Om/Z45JZzHLKS2yRYiCQcFgZNpOQWLK2fkONOgE8OoS6HqN5FZajcXDWwIRZVhI5PVQsQJO5iQARmYsmQoArl/GHxM0LwX9hn13XZrR5Fkl/4l9uLoZQqsYRViJyrtmPeDucyKSQAK3FuZYdRtrfWppJTAkkkUSzyjO2Xy1yASGwSqFmPDAyjjmrNrb2Da14b1+0mnS9sp90kzbnW5SSQwm3ZnVtq71GcY2mIOcCQms22wPmz4Y/G7wZ4V+J3j7Rbm+vtPbV9ah1LTmsbSWaOYtBGPNR5IWwFMbAA4XDSEqMKR9JQ6o9laRS2UCNYXVupE1qwl8xAWWMAmI7o8OwQ5BMPmMeVwOh/ag1rTtL8HaXoUWjSajP4ovo9JH2RAoiicEuzyKQ0aFQU3KTy4HU1g6HbNHdQWQe+NtDFCvllrqCTaSzBSDnZu2sQDzHt8rjzAKadmBPN4iWWaylfTEknVVW1uGC58t1IJ4TAUhU5A/1QDAg8GK11x9R1JbW9jkmZwPMEm1UYhgHz8g4ZSu8gDC+URjcTT9YU2c11NbXl6sLLGYzItwJYSx8wJggEhcltuOeIsDpWDZySXHkpaXOpWps5FUXHl3Doc7pGymRyoIY5BDFwnJjwBty2A0h4htPETCGK/YNb8ym48ohWVjvWYCMYO4KXAxtcRgYBOdW41Ix6AyW8bRSvNGhmuFUhgSWd8BRht5BIxgS4UDaSKwNOuhHY3t2LbUw7XePLiW7kkzHwcEA+YBntxJuJyTHmujvLR7e3inc3llJMYiTE08jIVQx9dp3HB25IyQfN6rmhXXQRDqGsavNpbGS+jvhIys9wzqzwqI1UNCuzlgwBBwR5+V4U1WtdYvbe6lsyZozIrKtxb+WQD5QVI4m2hlYEEoDwZTKCSAAK+ryz31ubG2uL9yJWjJUTksRHsKMcDIY5TIGAFM455rW1C2i0e2vEcXsqOxjaMtOd5ZI4wuQPkDABS2cxhfNP3yavoMbH58befa36yW9r5s0dhaGOWKRmCDahIAABDGPJzkyg9BjP1C7ns9JuLaxeS4mkikEEdqqhEzKSgQFSdhKusZORtEgOTirOoaZZap5E8EV7J500huLuaKWNAjMI3DRswCBxGAMj5AFcY8zJx7Em31SJJYbi5LSSRQQMsu5jJPuLyEcRqfL3MDnyyAAQJMUvkI27HU7tZrX+07LyprchpUt0aTAWQ4EbcEA5YrkDMJIIycV5vF9m+H3xQn1W2s7hdL8SMsTR7cR2uoIEG9CR/q5YiSxyAUjAHJxXoNleSS6hOt682pXKSRxIywSRJ/rTJuJHC5ZQxBB2sBH/ABYp13M1xpKQXOmXMsTnfbrHFOSkuTIshRkIDA4cEjh18sdQKdkloCvezNCKzuY2kOo2yx200DSCR4yysnlAAOAACehYAn5FUZyDU1w00OjkxSTRNFIpeWMGaRgY0AWRWGAoUjzcAkKFwcjNeO/CnWrrSL9fAfiHWdSuPE+k6d9ufUJreYPd2+6QxyBGXJZTIpwOWcugACjPa6Tq8ui65KlmmoSO1kwnWNZHYqI/3YQEAHBclScb2ZlJJjyFzIZ2F4rWaAh/PuI1uVZ7t2JYiJCS7AYIBwGIGS/lkEgGq19mKc3Jt5BtklPlmNhsJkU7Sc8tkDeQR++KHOM1k3FpcJcX4ngmtLfyHeNLR3mxKgjKFUJJYKNxUAfOCxOCgq8upW1nbzXV60NpFDby3ckspcWyqCI1JkwFIABQHOWQmQg7abdgOb8a/ETT9B0qfVbm28smeSCxjEu2ee4kYCNAC5JkLM6qSPllWRjgEGrlub3VJoZ7wSW2p/Z3FxBpylYXlJjAxIRkMNrCJj90edkHIr5S+I/7a3hLxRfXGi+HPh5H8RvEi6tIumxQWomj2DagkDgFiWw6DaAdqqcgsRWp4k+HPxY+IljYeMfi74/034F+D2t5rqXSdLu2tr2dpCpIlUsMuQEGCTjA4BJqdN7jPWfjV+1p4A+DRitL/U5dUvbhZCljooMs+VcEguHHlhgVCFhkLuBHNecR337RP7R3hVNU0+HRPgn4Uv1FzHrdzeFZ5odvyoQQWBOWIYbQF+XpzUXwVs7DxBI0/wCzl8HmjvWi8iT4k+OEYoSxAldY2JMjELnCkDJOcAnPtvhX9gm+8Ua1pOv/ABl+IWofEW8sZGkXR9hg0teSQBCpAPbORg4wcjFKy6k6nzX8NNL8D/C/x9c+Gvg54HvPjT8UEC29x4x1tRLpVrMVbdIH5G0AkZBGRgZyM19L2P7Mnxe+OccN78afiFJpGmTKfP8ABfhDNva4wMK82SzDPJHPbBHSvqbw74L0jwhpsOm6Hptno+nQgLHa2MCxRqAScBVAAHPat7HTipdhnBfC34K+EvhBoFhpXhrRLSwW0h8kXQjU3MvTLSSYDMzEAkk8mu8APfpTqKACiiigAooooAKKKKACkpaKAKNjp8enw+XCixpuZtq56k5J5NXqKKACiiigAooooAKKKKACiiigAooooAKKKKACiiigAooooAKKKKACiiigAooooAKKKKACiiigAooooAKKKKACiiigAooooAKKKKACiiigBDyK8I/ab/ZY8PftFeDdT0y7WOz1S4g2Q3/lAlHUgoxOM5GCAcnAdgBzXvFMaNWUgjg9aWqA/Mb4f+DNC8NalF8JP2pfCWlpqEgKeHPHLKQdR2kpte5BzvVQm0PghQMjNXNY/ZB+PvwPFlcfCvx3J8RfDe6S3Ph3U5VSMWzLgIS0m1lKgA7CpBCkDjj72+LXwZ8IfGvwjL4b8YaNDq+lO4lVJCVeOQZw6MCCrDJ5Bzya+bvGn/BPnTtL0+6uPhT438U+ANc+zstuItYnltZJMkqZQ5Z8AEjCkcHOMiqT7geHeMv2rPFvwxGoxfFv4RappXiWCy+1WN1p7edZShmztkm5KAsoZiWYb1BIGMG7B+1b8CPFUdlrtz4sTRtd+yTAswunexnkVWcRgwhZFUrJIrMMeaRgEGtm6+AP7Yvhe+ey0r4l6T4n0iUQxzvrUcUpYLCAxKSIx2hl24yC2dxAJNZt9+z38e/+EgXUNX+Dvwf8ULNFEt7craBJ7hAF3RjL7QRgDIUAlQenNVbs7CT1sMj/AGz/AIHSWtsZvGMkUynzA8Frdgo24tuQCIjKKAygnAaRwRg5Dta/bY+Aj7Hg8a6lPDIWVrS10qdFTzHByNy8KgBCgZ+WSQEEkY0r74meL9EjGnfEb9juLUYDMIIbrQI4LtJ5lbKtsCZRMICGJxkD1ol/bG+HmirPrOrfs3eIvDK2oGNQ1Lw0UhAMijDOIyFwpc88ZAHfhdbXKuYV5+3h8Em0q9itfEV7DJdLteG40y4mRWMgBUZGAmwAYXH7okYDcVPF+3x8HdR0e5tLrXzbC4iljeO40u6LY2kBUKggAkbT0JjKDhga6vVP+CinwEs5jbWeh6XPNnhhpwCEZBBBMWcmMk4IGGG09c1f/wCG4v2eNWkNvfWXhd4xmOVmtCVwJtrFf3OSPKIcdycrwRmlfoLV9Dxb4UftwfDDUr/U4fGWu3lhYaNax6PocupWUt289oG3u0nlngsUQMoAGEjwSQa7jSf23fg9q1rbWA8S4uWEbG51u1lVcgMxMhAALHaSxBG6QRMMgEDqW/bU/ZyjuWMen+E5UkS3jkZLRi+PMZJgQYRnZEUdeRuBYcbcnOvP2q/2VrzQ9M0m70PwfJZN5RlshYs0cAMbI+0iEbiDsUAYBUscjGCWFqaUP7XHwb1JYgnje0tbiEwSCa4BzMTEZSDgnDAKCScEz7T6VY0/9or4Z3ulg23jzSBd3GFF9DKEuUBRptoIclXCgqoYf63fnhhXmGqftAfsj6gsLT+B/CFy8sAUP/Z0wMSxr5YUsIeCWwRjI8v5ic/LVI/F/wDY8mtYzF4C8IvuiA8meyuI33lcBcmIgAOHJJPClWGSSBWxV2erN+0T4CtWuNTsPEunvp2jKV+z+cjvMxtxIxhBdQCQ37sHGGEoIyQDq6F8avBUN87zeJNMuykaSBI2GxmeM7BGWlA2KoyuMlYlkU8kV803nxA/Y+137SkfgbSYHujMwa4nvoBCRtKDKoSoIQ/d4GVxwxxmXPib9ju08TtpkXg6OXR7uGRRqqanfs0DDY6EoQdu4Bl+XJUjBGGJCuG/Q+vLb4ueDYrC61JPE+ivdXAZoGurxQihYt2Ww5bayliBgHyV2nBwD0FvrWi6x57217a6pDIJ2kZojOQSgDGRhLiRSoBOwEmFVXgjNfB+seMf2KbG8WDSPh54i1WDambqS9uod2ZFDKVEmeFLsDjkrjqQap2/xG/Zat9NS1ttK8caYEaRVWPVboLEHkCEqADhxGokAxjcxDZAFK76D5WfemoeJIbu3S0ayuNKtvmbzJbYFZgHVQZE83JQBA8gPJRosfdbHOzfErwBodzfwaj400hZdPmZHW8liZkYSKSrr5uW4IEhGd5aMgnBFfHs/wASf2V5LaVLuw8dB51QCWPVrxnhLcSEZO392ACNwOfMYHoMVbfxt+yDqkKT3vw91iC5ZUDqb3UJWY/NvGQ4BOAmOxJb0oTT6hys+w7X43fDq6tbi3t/FWhWV3byqbiS4aJmTdISfMzKAzcBZCCSZTGw4HFDV/2ivhvDLIG8U+H3hwsckrTIWhKl8yArNwASEwRkzFX4AJr5v8N+Mv2ZtHnsGtf2f9bv4Z2tp2nvra7u1UtDKXA3Z3qGGAAMMAW/hra0v9oL9nLULGOVP2dtOv5pdoY2+gMyoRatI6ghDkiVAuAeVJbsRQnzdA2aOu+MHxv+Cni7wzENY8Z2Ya3ZTaTaSrXN/aSRoGjdCshHbHzgDzdzYwQTk6B+3t4G0++ubS+0a813VLiX7JDJ4f0t/NnhVAYpUEroYzg7gqhgr72BIYVFpv7UHwQ8N6hMdO/ZqS1hksZFa+XQmVXZrUSGHHllsFyQWxjZhu+K7bwf+3BZ3N89p4M/Zr1JPEMk7fZ7UWqQO7rbxEN5hQAEcAgHIQKcHOBSu03Yh3bLej/EL44fFVnvfhp8II9O0FrdlGo+KXOnSuzA/wCqjEp2qm0BcE43NyA2K5X4lfs23mj6LPqv7RXxstNO0qa7SdfC3h1BFFMgSRhbIAA5P+sVAAQArY5PHrGqeF/2s/2hLFr2TXtN+CGh3MQMel2z/ab8MB8paZVBXLcEAggZJzwK9V+Cf7EvgP4Ua1Jr9++oeN/Fs/8Ar9Z8STm6bceSY0I2rlixBwWAdhnBqIvrYLLueBfCS3+JHxE8M/ZvgN8NtF+B/g7c0Q1/xFB5moXse/gxxhCwIUkkMSASQG459w+Ff7D3h7Q9QfXfiPq158WPFBZWj1DxEBJHbYBBEMWSqgk85BJwM9K+mFto1GFUKOMY46cVIqhBxxRfsiinY6bb6dax21rDHbwRjakUSBVUDoAAMAVcVdox1p1FTbuSFFFFUMKKKKACiiigAooooAKKKKACiiigAooooAKKKKACiiigAooooAKKKKACiiigAooooAKKKKACiiigAooooAKKKKACiiigAooooAKKKKACiiigAooooAKKKKACiiigAooooAKKKKACiiigBCM9aTYv90UUUAJsXjgUnkR7QuwbcYxiiigB3lr6VV1HTLPUrc295aw3du3LRTxh1JHI4PHWiimgOC1L9nH4VatqVxfXvw38K3l5cMZJZ7jR7d3kYnlmJTk+9Fr+zb8J9Puo7q2+GnhO3uYmDxyx6LbqyNnOQQnBoopgOt/2e/hfZs8sPw78LxyeeLneukQbvNXJV87PvAk4Pua05Pgx4AmvIrt/BPh9rqLAjmOmQ70ABUYO3jhmH4miigRbT4X+Do7dIl8K6KsUa+WsYsItqqAFAA29MAD6VaHgHwyNh/4R7S/3ZBX/AEOP5cdMcdqKKQFe3+GnhG3kmaLwxo8bSHc5WxiG4kAEn5fQD8hU8HgHwxaxrHD4d0qKMHhUsowPX+760UUwEk8A+GXKyN4e0tnRg6sbOPIYdCPl6ip7jwjod/tW50bT5wGEgElsjfMOh5HUZNFFLoHUst4e0tsA6baEf9cF/wAKcugaYigLp1oAOgEC/wCFFFIY9tJsXjMbWcBjIwV8sYxjHp6VHDo9hbqscVlbxRqMBUiUAdvT04oopoRJ/Z9qc5tYev8AzzH09PTipFsrdXDrDGrgnDBRn0/kBRRQBN5a4I2jFAUA5A5oopDHUUUUAFFFFABRRRQAUUUUAFFFFABRRRQAUUUUAFFFFABRRRQAUUUUAFFFFABRRRQAUUUUAFFFFABRRRQAUUUUAFFFFABRRRQAUUUUAFFFFABRRRQAUUUUAFFFFABRRRQAUUUUAFFFFAH/2Q==\" alt=\"\" width=\"500\" height=\"164\" />', 'Y', 16);
INSERT INTO `question` (`id_question`, `question`, `status`, `id_chapter`) VALUES
(111, 'Diagram berikut menunjukkan pipa berpenampang sama sedang dialiri air. Arah aliran dan debit aliran (dalam cm<sup>3</sup> / s) ditunjukan pada gambar. Arah dan debit aliran di titik A adalah &hellip;<br /><img src=\"../../uploads/15.jpg\" alt=\"\" width=\"400\" height=\"169\" />', 'Y', 16),
(112, 'Sebuah ayunan sederhana terdiri dari bola dengan jari-jari &nbsp;R yang diikat dengan tali sepanjang L dan berayun dengan periode T. Jika bola diganti dengan bola yang mempunyai jari-jari 4R maka periode ayunan adalah...', 'Y', 16),
(113, 'Gelombang merambat menghasilkan pola seperti gambar. Jika &nbsp;jarak BD adalah 75 cm dan frekuensi getaran 50 Hz maka cepat rambat gelombang adalah ... m/s<br /><img src=\"../../uploads/16.jpg\" alt=\"\" width=\"310\" height=\"213\" />', 'Y', 16),
(114, 'Nilai beat/sik terbesar yang dihasilkan oleh sepasangan garpu-tala bila dibunyikan secara bersamaan adalah ...', 'Y', 16),
(115, 'Intensitas suatu sumber bunyi tertentu adalah 6 &micro;W / cm<sup>2</sup>. Jika taraf intensitasnya dinaikkan sebesar 10 dB dari taraf intensitas semula, maka intensitas sumber bunyi baru (dalam pW / cm<sup>2</sup>) adalah ...', 'Y', 16),
(116, 'Besi berbentuk persegi panjang dengan ukuran 3 x 6 cm diberi lubang dengan ukuran panjang (p) l cm dan lebar (l) 4 cm seperti pada gambar. Besi dipanaskan pada suhu 0 &deg;C sampai 60 &deg;C. Kondisi ukuran (p) dan (l) pada lubang adalah ...<br /><img src=\"../../uploads/17.jpg\" alt=\"\" width=\"400\" height=\"228\" />', 'Y', 16),
(117, 'Suhu benda A adalah 60 &deg;C dicampurkan dengan benda B sehingga terjadi suhu&nbsp;campuran 20 &deg;C Perbandingan massa benda A dan B adalah 1 : 2 dan kalor &nbsp;jenis A dan B&nbsp;adalah sama. Suhu awal benda B adalah &hellip;&deg;C', 'Y', 16),
(118, 'x liter gas helium pada suhu 27 &deg;C dipanaskan secara isobarik hingga bersuhu 87C.&nbsp;Jika tekanan gas helium adalah 2x10<sup>5</sup> N/m<sup>2</sup> dan usaha luar yang dilakukan oleh gas&nbsp;helium adalah 60 kilo Joule, maka x adalah &hellip;', 'Y', 16),
(119, 'Sebuah gas nyata melakukan proses perubahan secara perlahan dari keadaan 1 ke keadaan 2. Bila selama proses ini tidak menerima / melakukan usaha luar, maka proses yang&nbsp;terjadi adalah ...', 'Y', 16),
(120, 'Pada titik V, W, X, Y dan Z masing-masing terdapat muatan&nbsp; Q&nbsp; dengan&nbsp; jarak&nbsp; seperti&nbsp;pada gambar. Titik yang memiliki kuat medan listrik (E) terkecil adalah &hellip;<br /><img src=\"../../uploads/18.jpg\" alt=\"\" width=\"300\" height=\"219\" />', 'Y', 16),
(121, 'Dua plat kapasitor berbentuk bulat dengan jari-jari (r) dipisahkan sejauh (d) maka kapasitansi plat kapasitor sebesar C. Jika plat diganti dengan plat kapasitor berbentuk bulat dengan jari-jari (3r) dan jarak plat adalah tetap maka kapasitansi plat kapasitor adalah ...', 'Y', 16),
(122, 'Dalam diagram seperti gambar voltmeter V memiliki resistansi 300 k&Omega;&nbsp; yang digunakan&nbsp;untuk mengukur beda potensial&nbsp; hambatan 300 k&Omega;. Bila besar sumber tegangan adalah&nbsp;5 volt, maka besar V adalah ... volt<br /><img src=\"../../uploads/19.jpg\" alt=\"\" width=\"400\" height=\"211\" />', 'Y', 16),
(123, 'Hasil pengukuran tegangan efektif rangkaian RLC seri adalah sebagai berikut:<br /><img src=\"../../uploads/20.jpg\" alt=\"\" width=\"500\" height=\"103\" /><br />V<sub>AB </sub>= 8 volt, <sub>&nbsp;</sub>V<sub>BC </sub>= 10 volt, dan <sub>&nbsp;</sub>V<sub>CD</sub> = 10 volt. Besar tegangan efektif AD adalah ... volt', 'Y', 16),
(124, 'Dua kabel sejajar masing-masing dialiri arus sebesar I dengan &nbsp;jarak antara dua kabel adalah r maka menghasilkan gaya F. Jika arus pada kabel masing-masing dinaikkan merjadi 2I dan &nbsp;jarak diperkecil menjadi <img title=\"\\frac{r}{6}\" src=\"http://latex.codecogs.com/gif.latex?\\frac{r}{6}\" />&nbsp;maka gaya yangdihasilkan adalah ...', 'Y', 16),
(125, 'Diberikan cermin cekung dengan jejari kelengkungan 20 cm. Sebuah benda diletakkan didepan cermin pada jarak x cm. Jika bayangan yang terbentuk oleh cermin cekung adalah nyata dan diperbesar dua kali, x adalah ...', 'Y', 16),
(126, 'MAKAN ~ KENYANG sepadan dengan &hellip;', 'Y', 19),
(127, 'KAYU BAKAR ~ KOMPOR sepadan dengan &hellip;', 'Y', 19),
(128, 'VOLT ~ LISTRIK sepadan dengan &hellip;', 'Y', 19),
(146, 'INTERNAL ><', 'y', 20),
(147, 'PRAKTIS ><', 'y', 20),
(148, 'PRA ><', 'y', 20),
(149, 'BANKING FREUD', 'y', 21),
(150, 'FINANCIAL ENGINEERING', 'y', 21),
(151, 'OFFSHORE DRILLING', 'y', 21),
(152, 'SAKURA = BUNGA<br />KERETA API =', 'Y', 22),
(153, 'BAJU = KAIN<br />BUKU =', 'Y', 22),
(154, 'KRIMINAL = POLISI<br />ENTERTAINMENT =', 'Y', 22),
(155, 'ESTIMASI =', 'y', 23),
(156, 'LAIK =', 'y', 23),
(157, 'LUAH =', 'y', 23),
(158, '<p><strong>Untuk soal nomor 1 - 10.</strong></p>\r\n<table>\r\n<tbody>\r\n<tr>\r\n<td width=\"620\">\r\n<p style=\"text-align: center;\"><strong>SOAL DUKU</strong></p>\r\n<ul>\r\n<li>Baskoro memiliki 5 buah duku.</li>\r\n<li>Duku Idayu lebih banyak dari duku Baskoro, tetapi lebih sedikit dari pada duku Aldo.</li>\r\n<li>Duku Prabangkoro yang paling banyak.</li>\r\n<li>Duku Aldo sama banyak dengan duku Supratman.</li>\r\n<li>Selisih duku Supratman dan duku Aryo adalah 3 buah lebih banyak punya Supratman.</li>\r\n<li>Jika duku Aryo dimakan satu akan menjadi sama banyak dengan duku Baskoro.</li>\r\n<li>Selisih duku Prabangkoro dan Supratman ada 10 buah.</li>\r\n<li>Duku Nolin dan duku Aryo jika dijumlahkan akan menjadi 7 buah.</li>\r\n<li>Duku Idayu dan duku Aldo jika dijumlahkan akan menjadi 13.</li>\r\n</ul>\r\n</td>\r\n</tr>\r\n</tbody>\r\n</table>\r\n<p>Berapa selisih duku Prabangkoro dan Nolin?</p>', 'Y', 24),
(159, 'Berapa selisih duku Baskoro dan Nolin?', 'y', 24),
(160, 'Berapa selisih duku Baskoro dan Prabangkoro?', 'y', 24),
(161, 'Duku siapa yang berjumlah enam?', 'y', 24),
(162, 'Berapa jumlah duku semuanya?', 'y', 24),
(163, 'Duku siapa yang paling sedikit?', 'y', 24),
(164, 'Berapakah jumlah duku Prabangkoro?', 'y', 24),
(165, 'Berapa duku Aldo dan Nolin?', 'y', 24),
(166, 'Berapa duku Aryo dan Idayu?', 'y', 24),
(167, 'Duku siapa saja yang berjumlah Sembilan?', 'y', 24),
(168, '<p><strong>Soal untuk nomor 11 - 13.</strong></p>\r\n<table>\r\n<tbody>\r\n<tr>\r\n<td width=\"620\">\r\n<ul>\r\n<li>Linda, Susanti, Opik, Sintia, Daratista, Idayu, Wiwin, Ipung, Srikandini, dan Zahra membentuk group bermain drama.</li>\r\n<li>Tempat untuk bermain drama selalu berpindah-pindah sehingga setiap anak mendapat giliran.</li>\r\n<li>Pembagian giliran tersebut berdasarkan abjad nama masing-masing yang diurutkan dari belakang sehingga Zahra mendapat giliran pertama.</li>\r\n</ul>\r\n</td>\r\n</tr>\r\n</tbody>\r\n</table>\r\nSiapa yang mendapatkan giliran kesembilan?', 'Y', 24),
(169, 'Siapa yang mendapat giliran keempat?', 'Y', 24),
(170, 'Siapa yang mendapatkan giliran ketujuh?', 'Y', 24),
(171, '<p><strong>Soal untuk nomor 14 - 15.</strong></p>\r\n<table>\r\n<tbody>\r\n<tr>\r\n<td width=\"620\">\r\n<ul>\r\n<li>Pada saat bermain drama di rumah Daratista, Sintia tidak bisa datang sehingga Susanti datang bersama Linda dan Opik.</li>\r\n<li>Pada saat bermain drama berada di tempat Srikandini, Zahra datang pertama. Opik, Linda, Susanti, dan Sintia menyusul kemudian. Sedangkan yang lain datang lima belas menit sebelum permainan drama dimulai.</li>\r\n<li>Opik, Linda, Susanti, dan Sintia tidak pernah berangkat sendiri-sendiri.</li>\r\n</ul>\r\n</td>\r\n</tr>\r\n</tbody>\r\n</table>\r\n<p>Ketika bermain drama dirumah Ipung, Susanti tidak bisa berangkat sehingga Linda berangkat bersama siapa saja?</p>', 'Y', 24),
(172, 'Pada saat bermain drama berada di rumah Susanti, Opik berangkat bersama dengan siapa saja?', 'Y', 24);

-- --------------------------------------------------------

--
-- Table structure for table `question_choice`
--

CREATE TABLE `question_choice` (
  `id_qchoice` int(11) NOT NULL,
  `choice_1` varchar(250) NOT NULL,
  `choice_2` varchar(250) NOT NULL,
  `choice_3` varchar(250) NOT NULL,
  `choice_4` varchar(250) NOT NULL,
  `choice_5` varchar(250) NOT NULL,
  `true_answer` varchar(250) NOT NULL,
  `id_question` int(11) NOT NULL
) ENGINE=InnoDB DEFAULT CHARSET=latin1;

--
-- Dumping data for table `question_choice`
--

INSERT INTO `question_choice` (`id_qchoice`, `choice_1`, `choice_2`, `choice_3`, `choice_4`, `choice_5`, `true_answer`, `id_question`) VALUES
(1, 'Waktu tempuh perjalanan ke daerah terpencil menggunakan pesawat terbang menjadi singkat.', 'Salah satu keluhan wisatawan mancanegara dan nusantara adalah harga makanan yang relatif mahal.', 'Jika melalui jalur udara (menggunakan pesawat), waktu tempuh ke objek wisata bisa mencapai 40 menit bahkan lebih.', 'Hanya potensi wisata yang akan terangkat ketika ada penerbangan perintis.', 'Biasanya menuju daerah terpencil melalui jalan yang berkelok-kelok dan kualitas jalan yang buruk.', 'Waktu tempuh perjalanan ke daerah terpencil menggunakan pesawat terbang menjadi singkat.', 1),
(2, 'pikiran positif.', 'menjaga kualitas tidur.', 'manfaat pikiran positif.', 'peningkatan kolesterol baik.', 'menjauhkan seseorang dari stres.', 'manfaat pikiran positif.', 2),
(3, 'proses.', 'contoh.', 'induktif.', 'deduktif.', 'klasifikasi.', 'proses.', 3),
(4, '2,1,4,3', '1,3,2,4', '2,4,1,3', '3,1,4,2', '4,3,2,1', '2,1,4,3', 4),
(5, 'Pada tahun 2010 sampai dengan 2011 mengalami kenaikan sebanyak 11.022 kasus.', 'Data secara nasional kecelakaan kerja setiap tahunnya mengalami kenaikan, sehingga menyebabkan jaminan kecelakaan juga ikut meningkat sebanyak 1,74 triliun dalam lima tahun.', 'Klaim jaminan kecelakaan kerja paling meningkat tinggi terjadi pada tahun 2010 ke tahun 2011 selama lima tahun berjumlah 11.022 kasus.', 'Klaim jaminan kecelakaan sebanyak 1,74 triliun selama lima tahun telah terpakai sebagai jaminan kecelakaan kerja.', 'Kecelakaan kerja terus meningkat dari tahun ke tahun menyebabkan klaim jaminan juga terserap karena banyak faktor penyebabnya.', 'Data secara nasional kecelakaan kerja setiap tahunnya mengalami kenaikan, sehingga menyebabkan jaminan kecelakaan juga ikut meningkat sebanyak 1,74 triliun dalam lima tahun.', 5),
(6, 'Persaingan', 'Pergerakan', 'Keterpilihan', 'Kemampuan', 'Keterpercayaan', 'Keterpilihan', 6),
(7, 'Dalam rapat itu membahas persiapan ujian nasional', 'Di setiap kelas mengadakan pemilihan ketua kelas', 'Kita ketahui bahwa merokok itu tidak baik bagi kesehatan', 'Buku inni dibahas masalah kesehatan jiwa', 'Menurut para guru mengatakan sebaiknya belajar dengan sungguh-sungguh', 'Kita ketahui bahwa merokok itu tidak baik bagi kesehatan', 7),
(8, 'Rapat kenaikan kelas dimulai pada jam 9 malam', 'Dalam bab ini dijelaskan masalah kesehatan jiwa', 'Dalam kesempatan itu menje;askan syarat masuk perguruan tinggi', 'Dia harus naik ke atas untuk sampai tujuan ke sana', 'Bagi calon mahasiswa baru dipersilahkan naik ke atas kursi', 'Dalam bab ini dijelaskan masalah kesehatan jiwa', 8),
(9, 'Bapak Presiden, waktu dan tempat saya persilahkan', 'Bapak Presiden, waktu dan tempat dipersilahkan', 'Bapak Presiden, waktu dan tempat kami persilahkan', 'Bapak presiden, waktu dan tempat saya serahkan', 'Bapak Presiden, waktu dan tempat saya aturkan', 'Bapak presiden, waktu dan tempat saya serahkan', 9),
(10, 'Kebijakan daripada itu harus dievaluasi kembali', 'Kebijakan pimpinan itu harus dievaluasi kembali', 'Kebijakan daripada pimpinan itu harus dievaluasi', 'Kebijakan daripada pimpinan harus dievaluasi kembali', 'Kebijakan daripada pimpinan itu dievaluasi kembali', 'Kebijakan pimpinan itu harus dievaluasi kembali', 10),
(11, 'Menghilangkan kata sering', 'Menghilangkan akhiran –nya pada kata sesamanya', 'Menghilangkan kata adalah', 'Menghilangkan kata daripada', 'Menghilangkan kata harga, kata merupakan dan akhiran 0nya pada kata sesamanya', 'Menghilangkan kata harga, kata merupakan dan akhiran 0nya pada kata sesamanya', 11),
(12, 'Ujian masuk Politeknik Negeri Se – Indonesia dilaksanakan hari ini', 'Gunakanalah pensil 2-B yang berkualitas untuk menjawab soal-soal!', 'Berdoalah kepada Tuhan Yang Maha Penyayang sebelum menjawab soal', 'Gerakkanlah tangan hamba-Mu ini untuk menghitami jawaban yang benar', 'Semoga Tuhan Yang Maha Pemurah mendengar dan mengabulkan permohonanku ini', 'Gunakanalah pensil 2-B yang berkualitas untuk menjawab soal-soal!', 12),
(13, 'Detektor, magnet, hidrolik', 'Sistim, atlit, ditektor', 'Jadual, ofum, silicon', 'Detektor, apotek, praktik', '-', 'Detektor, magnet, hidrolik', 13),
(14, 'Kamu sudah kelas tiga, belajarlah dengan giat agar kamu bisa lulus ujian nasional dan ujian perguruan tinggi', 'Buku karangan Aditya Mahardika, ST. MT menjadi buku terlaris di berbagai toko buku', 'Setiap akhir tahun Tn. Aditya beserta keluarganya berlibur ke luar negeri', 'Pengendara motor itu ditilang polisi, karena tidak membawa SIM dan S.T.N.K.', 'Sebelum menjadi PNS, Aditya Mahardika pernah bekerja di perusahaan P.M.A', 'Buku karangan Aditya Mahardika, ST. MT menjadi buku terlaris di berbagai toko buku', 14),
(15, 'Berita itu disebarluaskan melalui beberapa media.', 'Ia tidak mau dikambinghitamkan dalam persoalan itu.', 'Pembangunan daerah itu dititik beratkan pada sektor Pariwisata. ', 'Ia harus bertanggungiawab atas kelalaiannya mengemudikan mobil.', 'Lembaga itu akan menindak lanjuti semua pengaduan masyarakat.', 'Berita itu disebarluaskan melalui beberapa media.', 15),
(16, 'Pak Ahmad banyak merokok, sebab itu ia mengidap kanker paru-paru', 'Pak Hamid pagi-pagi telah berangkat ke kampus. Petani yang rajin itu selalu bangun pagi-pagi', 'Anak Pak Hasan sehari ini ujian, anak Pak Hasan juga ikut', 'Jangankan membeli meubel, satu rumah pun dia tidak punya', 'Jenazah yang ditemukan di kebun tebu itu sudah tidak bernyawa', 'Pak Ahmad banyak merokok, sebab itu ia mengidap kanker paru-paru', 16),
(17, 'Meskipun sudah tua charisma artis Titik Puspa tidak pudar', 'Artis Jualia Fina divonis menderita kanker serviks stadium tiga oleh dokter di Singapura', 'Penyakit yang dideritanya akibat kekurangan calcium dalam tubuhnya', 'Untuk mengobati sakitnya perlu koordinasi antara dokter kandungan dan dokter bedah', 'Setelah sembuh dari sakitnya dia kembali exis dalam panggung hiburan', 'Artis Jualia Fina divonis menderita kanker serviks stadium tiga oleh dokter di Singapura', 17),
(18, 'Bagaimanakah mendsain gerobak sampah berbasis hidraulik ?', 'Mengapa hal itu dapat terjadi ?', 'Apa pengertian tentang taat asas sudah dilaksanakan ?', 'Memadukan teori dan praktik ?', 'Gagasan yang ada dalam perhitungan sudah dilaksanakan dengan baik ?', 'Bagaimanakah mendsain gerobak sampah berbasis hidraulik ?', 18),
(19, 'Unit preparasi berfungsi untuk menjernihkan dan memekatkan nira merah yang dihasilkan unit gilingan yang dapat diklarifikasi secara fisik dengan penyaringan ataupun secara kimiawi (Afrilia:Unit Preparasi 201 5)', 'Unit preparasi berfungsi untuk menjernihkan dan memekatkan nira merah yang dihasilkan unit gilingan yang dapat diklarifikasi secara fisik dengan penyaringan ataupun secara kimiawi (Afrilia) 20 15 :99', 'Unit preparasi berfungsi untuk menjernihkan dan memekatkan nira merah yang dihasilkan unit gilingan yang dapat diklarifikasi secara fisik dengan penyaringan ataupun secara kimiawi. Afrilia,2015 : 99', 'Afrilia (2015:99) berpendapat bahwa \"Unit preparasi berfungsi untuk menjernihkan dan memekatkan nira merah yang dihasilkan unit gilingan yang dapat diklarifikasi secara fisik dengan penyaringan ataupun secara kimiawi\".', 'Afri1ia, 2015 : 99 mengatakan Unit preparasi berfungsi untuk menjernihkan dan memekatkan nira merah yang dihasilkan unit gilingan yang dapat diklarifikasi secara fisik dengan penyaringan ataupun secara kimiawi.', 'Afrilia (2015:99) berpendapat bahwa \"Unit preparasi berfungsi untuk menjernihkan dan memekatkan nira merah yang dihasilkan unit gilingan yang dapat diklarifikasi secara fisik dengan penyaringan ataupun secara kimiawi\".', 19),
(20, 'Hutan lndonesia', 'Ciri Khusus Hutan di lndonesia', 'Aneka Pohon di Hutan Indonesia', 'Aneka Ekosistem Hutan di Indonesia', 'Perpaduan Sumber Hayati dan Tempatnya', 'Hutan lndonesia', 20),
(21, 'Jenius', 'Rajin', 'Imbecille', 'Idiot', 'Moron', 'Rajin', 21),
(22, 'Kambing hitam', 'Mata keranjang', 'Meja hijau', 'Kepala batu', 'Kupu-kupu malam', 'Meja hijau', 22),
(23, 'Black – blacker – blackest', 'Low – lower – lowest', 'Thin – thinner – thinnest', 'Expensive – expensiver – expensivest', 'Big – bigger - biggest', 'Expensive – expensiver – expensivest', 23),
(24, 'Vienna – Austria', 'Buenos Aires – Argentina', 'Santiago – Chili', 'Helsinki – Finlandia', 'Pyongyang – Korea Selatan', 'Pyongyang – Korea Selatan', 24),
(25, 'Daku', 'Mutse', 'Jahga', 'Yama', 'Dalka', 'Daku', 25),
(26, 'Andika', 'Miriam', 'Fauzan', 'Indri', 'Sulis', 'Fauzan', 26),
(27, '4 buah', '3 buah', '2 buah', '1 buah', 'habis', '1 buah', 27),
(28, 'Sorong', 'Serang', 'Gorontalo', 'Pangkal Pinang', 'Denpasar', 'Sorong', 28),
(29, 'PORDA', 'POPSI', 'PERSIJA', 'PERTANI', 'PERTINA', 'PERTANI', 29),
(30, 'Kumulatif', 'Kualifikasi', 'Kwalitas', 'Kultural', 'Kuesioner', 'Kwalitas', 30),
(31, 'Among', 'Behind', 'During', 'Where', 'Inside', 'Where', 31),
(32, '1993 = MCMXCIII', '1987 = MCMLXXXVII', '1976 = MCMLXXVI', '1990 = MCMXC', '1984 = MCMLXXIV', '1984 = MCMLXXIV', 32),
(33, '4.162', '4.161', '4.191', '4.192', '4.142', '4.161', 33),
(34, '1 meter', '1,5 meter', '2 meter', '2,5 meter', '3 meter', '2 meter', 34),
(35, 'Marhendra Andi Herlamang', 'Sulistyo Aldo Nugroho', 'Rudita Indah Hapsari', 'Setyawan Wicaksono', 'Perwira Indra Sentosa', 'Setyawan Wicaksono', 35),
(36, '<img title=\"5\\sqrt{2} cm\" src=\"http://latex.codecogs.com/gif.latex?5\\sqrt{2}&amp;space;cm\" />', '5 cm', '<img title=\"5\\sqrt{5}cm\" src=\"http://latex.codecogs.com/gif.latex?5\\sqrt{5}cm\" />', '6 cm', '5,5 cm', '5 cm', 36),
(37, '6,5', '6,6', '6,7', '6,8', '6,9', '6,9', 37),
(38, '45', '46', '47', '48', '49', '46', 38),
(39, '80', '85', '90', '95', '98', '90', 39),
(40, 'Rp 135.000,00', 'Rp 130.000,00', 'Rp 125.000,00', 'Rp 120.000,00', 'Rp 115.000,00', 'Rp 120.000,00', 40),
(41, '3 ember', '4 ember', '5 ember', '6 ember', '7 ember', '3 ember', 41),
(42, '450 buah', '312 buah', '400 buah', '415 buah ', '300 buah', '400 buah', 42),
(43, 'Rp 105.000,00', 'Rp 115.000,00', 'Rp 125.000,00', 'Rp 135.000,00', 'Rp 145.000,00', 'Rp 125.000,00', 43),
(44, 'Pukul 09.30', 'Pukul 10.00', 'Pukul 10.10', 'Pukul 10.15', 'Pukul 11.00', 'Pukul 10.00', 44),
(45, 'Y = 500 m/menit', 'Y = 450 m/menit', 'Y = 400 m/menit', 'Y = 350 m/menit', 'Y = 300 m/menit', 'Y = 500 m/menit', 45),
(46, '<img title=\"5 + 5\\sqrt{6}\" src=\"http://latex.codecogs.com/gif.latex?5&amp;space;+&amp;space;5\\sqrt{6}\" />', '<img title=\"10\\sqrt{5}\" src=\"http://latex.codecogs.com/gif.latex?10\\sqrt{5}\" />', '<img title=\"10\\sqrt{6}\" src=\"http://latex.codecogs.com/gif.latex?10\\sqrt{6}\" />', '<img title=\"10\" src=\"http://latex.codecogs.com/gif.latex?10\" />', '<img title=\"10 + 10\\sqrt{6}\" src=\"http://latex.codecogs.com/gif.latex?10&amp;space;+&amp;space;10\\sqrt{6}\" />', '<img title=\"10\" src=\"http://latex.codecogs.com/gif.latex?10\" />', 46),
(47, '<img title=\"-11+3\\sqrt{30}\" src=\"http://latex.codecogs.com/gif.latex?-11+3\\sqrt{30}\" />', '<img title=\"-11+2\\sqrt{30}\" src=\"http://latex.codecogs.com/gif.latex?-11+2\\sqrt{30}\" />', '<img title=\"11-2\\sqrt{30}\" src=\"http://latex.codecogs.com/gif.latex?11-2\\sqrt{30}\" />', '<img title=\"11-\\sqrt{30}\" src=\"http://latex.codecogs.com/gif.latex?11-\\sqrt{30}\" />', '<img title=\"11+2\\sqrt{30}\" src=\"http://latex.codecogs.com/gif.latex?11+2\\sqrt{30}\" />', '<img title=\"-11+2\\sqrt{30}\" src=\"http://latex.codecogs.com/gif.latex?-11+2\\sqrt{30}\" />', 47),
(48, '-19', '-6', '6', '19', '31', '19', 48),
(49, '(-1, 0), (3, 0) dan (0, 1)', '(-1, 0), (3, 0) dan (0, -1)', '(-1, 0), (<img title=\"\\frac{1}{3}\" src=\"http://latex.codecogs.com/gif.latex?\\frac{1}{3}\" />, 0) dan (0, -1)', '(1, 0), (<img title=\"\\frac{1}{3}\" src=\"http://latex.codecogs.com/gif.latex?\\frac{1}{3}\" />, 0) dan (0, -1)', '(-1, 0), (<img title=\"-\\frac{1}{3}\" src=\"http://latex.codecogs.com/gif.latex?-\\frac{1}{3}\" />, 0) dan (0, -1)', '(-1, 0), (<img title=\"\\frac{1}{3}\" src=\"http://latex.codecogs.com/gif.latex?\\frac{1}{3}\" />, 0) dan (0, -1)', 49),
(50, '<img title=\"\\left \\{ x\\left | x&lt; 5 \\right \\}\" src=\"http://latex.codecogs.com/gif.latex?\\left&amp;space;\\{&amp;space;x\\left&amp;space;|&amp;space;x&lt;&amp;space;5&amp;space;\\right&amp;space;\\}\" />', '<img title=\"\\left \\{ x|x&gt;\\frac{1}{2} \\right \\}\" src=\"http://latex.codecogs.com/gif.latex?\\left&amp;space;\\{&amp;space;x|x&gt;\\frac{1}{2}&amp;space;\\right&amp;space;\\}\" />', '<img title=\"\\left \\{ x|-\\frac{1}{2}&lt;x&lt;5 \\right \\}\" src=\"http://latex.codecogs.com/gif.latex?\\left&amp;space;\\{&amp;space;x|-\\frac{1}{2}&lt;x&lt;5&amp;space;\\right&amp;space;\\}\" />', '<img title=\"\\left \\{ x|x&gt;-\\frac{1}{2} \\right \\}\" src=\"http://latex.codecogs.com/gif.latex?\\left&amp;space;\\{&amp;space;x|x&gt;-\\frac{1}{2}&amp;space;\\right&amp;space;\\}\" />', '<img title=\"\\left \\{ x|x&lt;-\\frac{1}{2} \\right \\}\" src=\"http://latex.codecogs.com/gif.latex?\\left&amp;space;\\{&amp;space;x|x&lt;-\\frac{1}{2}&amp;space;\\right&amp;space;\\}\" />', '<img title=\"\\left \\{ x|x&lt;-\\frac{1}{2} \\right \\}\" src=\"http://latex.codecogs.com/gif.latex?\\left&amp;space;\\{&amp;space;x|x&lt;-\\frac{1}{2}&amp;space;\\right&amp;space;\\}\" />', 50),
(51, '<img title=\"\\frac{2x-1}{3x+2}\" src=\"http://latex.codecogs.com/gif.latex?\\frac{2x-1}{3x+2}\" />', '<img title=\"\\frac{2x-3}{x+1}\" src=\"http://latex.codecogs.com/gif.latex?\\frac{2x-3}{x+1}\" />', '<img title=\"\\frac{x-2}{2x-3}\" src=\"http://latex.codecogs.com/gif.latex?\\frac{x-2}{2x-3}\" />', '<img title=\"\\frac{x+2}{2x-3}\" src=\"http://latex.codecogs.com/gif.latex?\\frac{x+2}{2x-3}\" />', '<img title=\"\\frac{x+2}{2x+3}\" src=\"http://latex.codecogs.com/gif.latex?\\frac{x+2}{2x+3}\" />', '<img title=\"\\frac{x+2}{2x-3}\" src=\"http://latex.codecogs.com/gif.latex?\\frac{x+2}{2x-3}\" />', 51),
(52, '<img title=\"\\frac{\\sqrt{11}}{36}\" src=\"http://latex.codecogs.com/gif.latex?\\frac{\\sqrt{11}}{36}\" />', '<img title=\"\\frac{5}{36}\" src=\"http://latex.codecogs.com/gif.latex?\\frac{5}{36}\" />', '<img title=\"\\frac{\\sqrt{11}}{6}\" src=\"http://latex.codecogs.com/gif.latex?\\frac{\\sqrt{11}}{6}\" />', '<img title=\"\\frac{25}{36}\" src=\"http://latex.codecogs.com/gif.latex?\\frac{25}{36}\" />', '<img title=\"\\frac{5}{6}\" src=\"http://latex.codecogs.com/gif.latex?\\frac{5}{6}\" />', '<img title=\"\\frac{\\sqrt{11}}{6}\" src=\"http://latex.codecogs.com/gif.latex?\\frac{\\sqrt{11}}{6}\" />', 52),
(53, '<img title=\"\\frac{\\sqrt{a-4}}{\\sqrt{a+5}}\" src=\"http://latex.codecogs.com/gif.latex?\\frac{\\sqrt{a-4}}{\\sqrt{a+5}}\" />', '<img title=\"\\frac{\\sqrt{a+5}}{\\sqrt{a+4}}\" src=\"http://latex.codecogs.com/gif.latex?\\frac{\\sqrt{a+5}}{\\sqrt{a+4}}\" />', '<img title=\"\\frac{1}{\\sqrt{5-a}}\" src=\"http://latex.codecogs.com/gif.latex?\\frac{1}{\\sqrt{5-a}}\" />', '<img title=\"\\sqrt{5-a}\" src=\"http://latex.codecogs.com/gif.latex?\\sqrt{5-a}\" />', '<img title=\"\\sqrt{a-5}\" src=\"http://latex.codecogs.com/gif.latex?\\sqrt{a-5}\" />', '<img title=\"\\frac{1}{\\sqrt{5-a}}\" src=\"http://latex.codecogs.com/gif.latex?\\frac{1}{\\sqrt{5-a}}\" />', 53),
(54, '<img title=\"40\\sqrt{3}\" src=\"http://latex.codecogs.com/gif.latex?40\\sqrt{3}\" />', '<img title=\"20\\sqrt{3}\" src=\"http://latex.codecogs.com/gif.latex?20\\sqrt{3}\" />', '<img title=\"10\\sqrt{3}\" src=\"http://latex.codecogs.com/gif.latex?10\\sqrt{3}\" />', '<img title=\"10\\sqrt{2}\" src=\"http://latex.codecogs.com/gif.latex?10\\sqrt{2}\" />', '<img title=\"5\\sqrt{3}\" src=\"http://latex.codecogs.com/gif.latex?5\\sqrt{3}\" />', '<img title=\"10\\sqrt{3}\" src=\"http://latex.codecogs.com/gif.latex?10\\sqrt{3}\" />', 54),
(55, '<img title=\"\\begin{pmatrix} 1 &amp; -2 \\\\ 0 &amp; 3 \\end{pmatrix}\" src=\"http://latex.codecogs.com/gif.latex?\\begin{pmatrix}&amp;space;1&amp;space;&amp;&amp;space;-2&amp;space;\\\\&amp;space;0&amp;space;&amp;&amp;space;3&amp;space;\\end{pmatrix}\" />', '<img title=\"\\begin{pmatrix} 1 &amp; 2 \\\\ 0 &amp; 3 \\end{pmatrix}\" src=\"http://latex.codecogs.com/gif.latex?\\begin{pmatrix}&amp;space;1&amp;space;&amp;&amp;space;2&amp;space;\\\\&amp;space;0&amp;space;&amp;&amp;space;3&amp;space;\\end{pmatrix}\" />', '<img title=\"\\begin{pmatrix} 1 &amp; 0 \\\\ 1 &amp; -4 \\end{pmatrix}\" src=\"http://latex.codecogs.com/gif.latex?\\begin{pmatrix}&amp;space;1&amp;space;&amp;&amp;space;0&amp;space;\\\\&amp;space;1&amp;space;&amp;&amp;space;-4&amp;space;\\end{pmatrix}\" />', '<img title=\"\\begin{pmatrix} 1 &amp; 0 \\\\ 1 &amp; 4 \\end{pmatrix}\" src=\"http://latex.codecogs.com/gif.latex?\\begin{pmatrix}&amp;space;1&amp;space;&amp;&amp;space;0&amp;space;\\\\&amp;space;1&amp;space;&amp;&amp;space;4&amp;space;\\end{pmatrix}\" />', '<img title=\"\\begin{pmatrix} 1 &amp; 0 \\\\ 1 &amp; 5 \\end{pmatrix}\" src=\"http://latex.codecogs.com/gif.latex?\\begin{pmatrix}&amp;space;1&amp;space;&amp;&amp;space;0&amp;space;\\\\&amp;space;1&amp;space;&amp;&amp;space;5&amp;space;\\end{pmatrix}\" />', '<img title=\"\\begin{pmatrix} 1 &amp; 0 \\\\ 1 &amp; -4 \\end{pmatrix}\" src=\"http://latex.codecogs.com/gif.latex?\\begin{pmatrix}&amp;space;1&amp;space;&amp;&amp;space;0&amp;space;\\\\&amp;space;1&amp;space;&amp;&amp;space;-4&amp;space;\\end{pmatrix}\" />', 55),
(56, '<img title=\"\\begin{pmatrix} -3 &amp; 2\\\\ 8 &amp; -5 \\end{pmatrix}\" src=\"http://latex.codecogs.com/gif.latex?\\begin{pmatrix}&amp;space;-3&amp;space;&amp;&amp;space;2\\\\&amp;space;8&amp;space;&amp;&amp;space;-5&amp;space;\\end{pmatrix}\" />', '<img title=\"\\begin{pmatrix} -3 &amp; 8\\\\ 2 &amp; -5 \\end{pmatrix}\" src=\"http://latex.codecogs.com/gif.latex?\\begin{pmatrix}&amp;space;-3&amp;space;&amp;&amp;space;8\\\\&amp;space;2&amp;space;&amp;&amp;space;-5&amp;space;\\end{pmatrix}\" />', '<img title=\"\\begin{pmatrix} 3 &amp; 8\\\\ 2 &amp; -5 \\end{pmatrix}\" src=\"http://latex.codecogs.com/gif.latex?\\begin{pmatrix}&amp;space;3&amp;space;&amp;&amp;space;8\\\\&amp;space;2&amp;space;&amp;&amp;space;-5&amp;space;\\end{pmatrix}\" />', '<img title=\"\\begin{pmatrix} -3 &amp; 8\\\\ 8 &amp; 5 \\end{pmatrix}\" src=\"http://latex.codecogs.com/gif.latex?\\begin{pmatrix}&amp;space;-3&amp;space;&amp;&amp;space;8\\\\&amp;space;8&amp;space;&amp;&amp;space;5&amp;space;\\end{pmatrix}\" />', '<img title=\"\\begin{pmatrix} 3 &amp; 8\\\\ 2 &amp; 5 \\end{pmatrix}\" src=\"http://latex.codecogs.com/gif.latex?\\begin{pmatrix}&amp;space;3&amp;space;&amp;&amp;space;8\\\\&amp;space;2&amp;space;&amp;&amp;space;5&amp;space;\\end{pmatrix}\" />', '<img title=\"\\begin{pmatrix} -3 &amp; 8\\\\ 2 &amp; -5 \\end{pmatrix}\" src=\"http://latex.codecogs.com/gif.latex?\\begin{pmatrix}&amp;space;-3&amp;space;&amp;&amp;space;8\\\\&amp;space;2&amp;space;&amp;&amp;space;-5&amp;space;\\end{pmatrix}\" />', 56),
(57, '5', '4', '3', '2', '1', '4', 57),
(58, '5', '4', '2', '-2', '-4', '5', 58),
(59, '87', '115', '202', '920', '928', '920', 59),
(60, '77', '78', '80', '82', '83', '78', 60),
(61, '-2', '-1/2', '1/2', '2', '3', '1/2', 61),
(62, '<img title=\"\\infty\" src=\"http://latex.codecogs.com/gif.latex?\\infty\" />', '3/2', '2/3', '0', '<img title=\"- \\infty\" src=\"http://latex.codecogs.com/gif.latex?-&amp;space;\\infty\" />', '3/2', 62),
(63, '0', '2', '4', '6', '8', '2', 63),
(64, '0,25', '0,5', '0,125', '1', '2', '0,25', 64),
(65, '5 cos 5x - 3 sin 3x', '5 cos 5x + 3 sin 3x', '5 cos 5x - 3 cosec 3x', '-5 cos 5x - 3 sin 3x', '-5 cos 5x + 3 sin 3x', '5 cos 5x - 3 sin 3x', 65),
(66, '8 sin 2x', '8 cos 2x', '4 cos 2x', '-4 cos 2x', '-8 sin 2x', '-8 sin 2x', 66),
(67, 'y = -3x - 1', 'y = -2x - 2', 'y = -x - 3', 'y = 2x -6', 'y = 4x - 8', 'y = -3x - 1', 67),
(68, '4 detik atau 5 detik', '2 detik atau 5 detik', '2 detik atau 0 detik', '0 detik atau 4 detik', '0 detik atau 0 detik', '2 detik atau 5 detik', 68),
(69, '<img title=\"2x(1-x^3)^\\frac{3}{2} +C\" src=\"http://latex.codecogs.com/gif.latex?2x(1-x^3)^\\frac{3}{2}&amp;space;+C\" />', '<img title=\"2x(1-x^3)^\\frac{2}{3} +C\" src=\"http://latex.codecogs.com/gif.latex?2x(1-x^3)^\\frac{2}{3}&amp;space;+C\" />', '<img title=\"\\frac{-2}{9}(1-x^3)^\\frac{3}{2} +C\" src=\"http://latex.codecogs.com/gif.latex?\\frac{-2}{9}(1-x^3)^\\frac{3}{2}&amp;space;+C\" />', '<img title=\"\\frac{-2}{9}(1-x^3)^\\frac{1}{2} +C\" src=\"http://latex.codecogs.com/gif.latex?\\frac{-2}{9}(1-x^3)^\\frac{1}{2}&amp;space;+C\" />', '<img title=\"\\frac{-2}{9}(1-x^3)^\\frac{2}{3} +C\" src=\"http://latex.codecogs.com/gif.latex?\\frac{-2}{9}(1-x^3)^\\frac{2}{3}&amp;space;+C\" />', '<img title=\"\\frac{-2}{9}(1-x^3)^\\frac{3}{2} +C\" src=\"http://latex.codecogs.com/gif.latex?\\frac{-2}{9}(1-x^3)^\\frac{3}{2}&amp;space;+C\" />', 69),
(70, '<img title=\"\\frac{1}{5}(x-5)(x-1)^5 + C\" src=\"http://latex.codecogs.com/gif.latex?\\frac{1}{5}(x-5)(x-1)^5&amp;space;+&amp;space;C\" />', '<img title=\"\\frac{1}{5}x+\\frac{1}{5}(x-1)^5 + C\" src=\"http://latex.codecogs.com/gif.latex?\\frac{1}{5}x+\\frac{1}{5}(x-1)^5&amp;space;+&amp;space;C\" />', '<img title=\"\\frac{1}{5}x+(x-1)^5 + C\" src=\"http://latex.codecogs.com/gif.latex?\\frac{1}{5}x+(x-1)^5&amp;space;+&amp;space;C\" />', '<img title=\"\\frac{1}{5}(x-1)^5 + C\" src=\"http://latex.codecogs.com/gif.latex?\\frac{1}{5}(x-1)^5&amp;space;+&amp;space;C\" />', '<img title=\"\\frac{1}{5}x+ C\" src=\"http://latex.codecogs.com/gif.latex?\\frac{1}{5}x+&amp;space;C\" />', '<img title=\"\\frac{1}{5}(x-1)^5 + C\" src=\"http://latex.codecogs.com/gif.latex?\\frac{1}{5}(x-1)^5&amp;space;+&amp;space;C\" />', 70),
(71, '-3', '-1/3', '0', '1/3', '3', '1/3', 71),
(72, 'cos x', 'sin x', 'sin x + C', 'cos 2x + C', 'sin 2x + C', 'sin 2x + C', 72),
(73, '2 satuan luas', '4 satuan luas', '6 satuan luas', '8 satuan luas', '10 satuan luas', '4 satuan luas', 73),
(74, '23 dan 3', '31 dan 5', '35 dan 7', '47 dan 9', '56 dan 11', '56 dan 11', 74),
(75, 'Beberapa peserta ujian tidak berdoa sebelum mengerjakan soal', 'Semua peserta ujian tidak berdoa sebelum mengerjakan soal', 'Beberapa peserta ujian berdoa sebelum mengerjakan soal', 'Beberapa peserta ujian berdoa sesudah mengerjakan soal', 'Semua peserta ujian berdoa sebelum mengerjakan soal', 'Beberapa peserta ujian tidak berdoa sebelum mengerjakan soal', 75),
(76, 'Stop', 'To stop', 'Stopped', 'Stopping', 'Have stopped', 'To stop', 76),
(77, 'No luggages', 'Many luggage', 'Much luggage', 'Many luggages', 'Lots of luggages', 'Much luggage', 77),
(78, 'Assistance', 'Relaxation', 'Distraction', 'Disturbance', 'Less distress', 'Assistance', 78),
(79, 'I will have repaired it', 'It will have the tape player repaired', 'The repairmen will ask me to repair it', 'I will have it repaired', 'The tape player will be repaired by me', 'I will have it repaired', 79),
(80, '6-4-3-5-2-1', '6-1-4-2-5-3', '6-3-4-1-2-5', '6-4-2-1-5-3', '6-4-2-1-3-5', '6-4-2-1-3-5', 80),
(81, 'Hold small parts', 'Strip and cut wires', 'Manipulate small parts', 'Loosen or tighten screws', 'Retrieve parts from location that are too small for hand to fit', 'Retrieve parts from location that are too small for hand to fit', 81),
(82, 'The location of the Bermuda Triangle', 'Why so many ships and planes disappear in the Bermuda Triangle', 'The frequency of the disappearances in the Bermuda Triangle', 'The unpredictable weather conditions in the Bermuda Triangle', 'The mysterious disappearances of ship and planes in the Bermuda Triangle', 'The mysterious disappearances of ship and planes in the Bermuda Triangle', 82),
(83, 'The Bermuda Triangle mystery was solved in 1945', 'All of the disappearances happened during the day time', 'Thousands of people lost their lives in the Bermuda Triangle in 1945', 'The ocean floor near Bermuda, highly unexplored, is host to many strange phenomena', 'Most of the missing planes could contact with their base by their own special means until the very moment of disappearing', 'Most of the missing planes could contact with their base by their own special means until the very moment of disappearing', 83),
(84, 'The weather in Bermuda Triangle is always stormy', 'The first mention of disappearances in the area was made in 1945', 'The wreckages of some ships and planes have been found in the Bermuda Triangle', 'The ships and the planes couldn&rsquo;t contact with their base due to the lack of equipment', 'The number of incidents involving lost ships is no larger than that of any other heavily traveled region of the word', 'The first mention of disappearances in the area was made in 1945', 84),
(85, 'Could you come', 'How about coming', 'Why don&rsquo;t you come', 'Would mind if I come', 'Would you like to be coming', 'Could you come', 85),
(86, 'Can have', 'Must have', 'Can have', 'May have', 'Might have', 'Must have', 86),
(87, 'A few information', 'A little information', 'Some informations', 'A few informations', 'A little informations', 'A little information', 87),
(88, '27', '31', '34', '137', '142', '142', 88),
(89, 'Canada&rsquo;s forestry production', 'The world rainforest destruction', 'What logging provides for the people', 'Protecting the rainforest and their animals', 'Consequences of deforestation for the environment', 'Consequences of deforestation for the environment', 89),
(90, 'Heedless', 'Uncareful', 'Indisposed', 'Incautious', 'Enthusiastic', 'Indisposed', 90),
(91, 'Forest destruction is a very serious problem', 'Pulp and paper are the main Canadian forestry product', 'The government of BC is willing to control the logging', 'Up to 31 million hectares on rainforest is clearcut in one year', 'Thirteen forest valley in British Columbia have been destroyed since 1990', 'The government of BC is willing to control the logging', 91),
(92, '1', '2', '3', '4', '5', '3', 92),
(93, 'PCB eraser', 'Wire cutters', 'Wire stripper', 'Soldering Iron', 'Printed Circuit Board (PCB)', 'PCB eraser', 93),
(94, 'The machine didn&rsquo;t work', 'His clothes were not smell', 'He wasn&rsquo;t paid to do the laundry', 'Bill forgot to turn on the washing machine', 'Bill had forgotten to put detergent into the machine', 'Bill had forgotten to put detergent into the machine', 94),
(95, 'Get past it', 'Make it be less', 'Make it stronger', 'Watch it carefully', 'Take good care of it', 'Make it be less', 95),
(96, 'Tidur ~ ngantuk', 'Lelah ~ istirahat', 'Intimidasi ~ takut', 'Tertawa ~ senang', 'Minum ~ haus', 'Lelah ~ istirahat', 126),
(97, 'Sepeda ~ mobil', 'Kereta ~ rel', 'Mobil ~ bensin', 'Karet ~ plastic', 'Utara ~ selatan', 'Sepeda ~ mobil', 127),
(98, 'Suhu ~ temperatur', 'Gram ~ timbangan', 'Meter ~ kilometer', 'Kubik ~ kubus', 'Decibel ~ suara', 'Decibel ~ suara', 128),
(100, '[M].[L]<sup>-2</sup>.[T]<sup>-2</sup>', '[M].[L]<sup>-1</sup>.[T]<sup>-2</sup>', '[M].[L]<sup>-2</sup>.[T]<sup>-1</sup>', '[M].[L]<sup>-1</sup>.[T]<sup>-1</sup>', '[M].[L].[T]', '[M].[L]<sup>-1</sup>.[T]<sup>-2</sup>', 96),
(101, '<img title=\"20\" src=\"http://latex.codecogs.com/gif.latex?20\" />', '<img title=\"10 + 10\\sqrt{2}\" src=\"http://latex.codecogs.com/gif.latex?10&amp;space;+&amp;space;10\\sqrt{2}\" />', '<img title=\"10\\sqrt{3}+10\\sqrt{2}\" src=\"http://latex.codecogs.com/gif.latex?10\\sqrt{3}+10\\sqrt{2}\" />', '<img title=\"10\\sqrt{3 }+10\" src=\"http://latex.codecogs.com/gif.latex?10\\sqrt{3&amp;space;}+10\" />', '<img title=\"10\\sqrt{6}\" src=\"http://latex.codecogs.com/gif.latex?10\\sqrt{6}\" />', '<img title=\"10\\sqrt{3}+10\\sqrt{2}\" src=\"http://latex.codecogs.com/gif.latex?10\\sqrt{3}+10\\sqrt{2}\" />', 97),
(102, '25', '20', '15', '10', '5', '15', 125),
(103, '32 F', '16 F', '8 F', '4 F', '5 F', '16 F', 124),
(104, '<img title=\"10\\sqrt{2}\" src=\"http://latex.codecogs.com/gif.latex?10\\sqrt{2}\" />', '10', '<img title=\"8\\sqrt{2}\" src=\"http://latex.codecogs.com/gif.latex?8\\sqrt{2}\" />', '8', '4', '8', 123),
(105, 'AF', 'AB', 'OC', 'DE', 'AE', 'AE', 98),
(106, 'Besar tegangan tali di titik P terbesar', 'Besar tegangan tali di titik Q = Besar tegangan tali di titik T', 'Besar tegangan tali di titik Q &gt; Besar tegangan tali di titik P', 'Besar tegangan tali di titik R terkecil', 'Besar tegangan tali di titik T &gt; Besar tegangan tali di titik R', 'Besar tegangan tali di titik Q &gt; Besar tegangan tali di titik P', 99),
(107, '32', '34', '36', '44', '50', '50', 100),
(108, '<img title=\"\\frac{f}{mg-F cos \\Theta }\" src=\"http://latex.codecogs.com/gif.latex?\\frac{f}{mg-F&amp;space;cos&amp;space;\\Theta&amp;space;}\" />', '<img title=\"\\frac{f}{mg-F sin \\Theta }\" src=\"http://latex.codecogs.com/gif.latex?\\frac{f}{mg-F&amp;space;sin&amp;space;\\Theta&amp;space;}\" />', '<img title=\"\\frac{f}{F cos \\Theta-mg }\" src=\"http://latex.codecogs.com/gif.latex?\\frac{f}{F&amp;space;cos&amp;space;\\Theta-mg&amp;space;}\" />', '<img title=\"\\frac{f}{F sin \\Theta-mg }\" src=\"http://latex.codecogs.com/gif.latex?\\frac{f}{F&amp;space;sin&amp;space;\\Theta-mg&amp;space;}\" />', '<img title=\"\\frac{f}{F cos \\Theta+mg }\" src=\"http://latex.codecogs.com/gif.latex?\\frac{f}{F&amp;space;cos&amp;space;\\Theta+mg&amp;space;}\" />', '<img title=\"\\frac{f}{F sin \\Theta-mg }\" src=\"http://latex.codecogs.com/gif.latex?\\frac{f}{F&amp;space;sin&amp;space;\\Theta-mg&amp;space;}\" />', 101),
(109, '<img title=\"\\frac{3}{2}\" src=\"http://latex.codecogs.com/gif.latex?\\frac{3}{2}\" />', '<img title=\"\\frac{3}{4}\" src=\"http://latex.codecogs.com/gif.latex?\\frac{3}{4}\" />', '<img title=\"\\frac{9}{4}\" src=\"http://latex.codecogs.com/gif.latex?\\frac{9}{4}\" />', '6', '12', '<img title=\"\\frac{3}{4}\" src=\"http://latex.codecogs.com/gif.latex?\\frac{3}{4}\" />', 102),
(110, '100', '120', '1200', '2800', '3600', '3600', 103),
(111, '0,25', '0,5', '5', '10', '50', '0,25', 104),
(112, 'EP<sub>A</sub>', 'EP<sub>B</sub>', 'EP<sub>C</sub>', 'EP<sub>D</sub>', 'EP<sub>E</sub>', 'EP<sub>A</sub>', 105),
(113, '1,3,2,4', '2,1,4,3', '2,3,4,1', '1,4,3,2', '4,3,1,2', '2,3,4,1', 106),
(114, '312,5', '125', '95', '75', '50', '50', 107),
(115, 'P<sub>A</sub>, P<sub>B</sub>, P<sub>C</sub>, P<sub>D</sub>', 'P<sub>B</sub>, P<sub>A</sub>, P<sub>C</sub>, P<sub>D</sub>', 'P<sub>B</sub>, P<sub>A</sub>, P<sub>D</sub>, P<sub>C</sub>', 'P<sub>C</sub>, P<sub>D</sub>, P<sub>A</sub>, P<sub>B</sub>', 'P<sub>C</sub>, P<sub>D</sub>, P<sub>B</sub>, P<sub>A</sub>', 'P<sub>B</sub>, P<sub>A</sub>, P<sub>D</sub>, P<sub>C</sub>', 108),
(118, 'Intrinsik', 'Individual', 'Ekstrinsik', 'Independent', 'Ekstravagansa', 'Ekstrinsik', 146),
(119, 'Elektris', 'Teknis', 'Efisien', 'Efektif', 'Teoritis', 'Teoritis', 147),
(120, 'Awal', 'Pasca', 'Selesai', 'Akhir', 'Sebelum ', 'Pasca', 148),
(121, 'Pelaku perbankan', 'Nasabah bank', 'Kejahatan perbankan', 'Gejala perbankan', 'Kebaikan perbankan', 'Kejahatan perbankan', 149),
(122, 'Mesin keuangan', 'Rekayasa keuangan', 'Akuntansi keuangan', 'Keuangan bagian mesin', 'Harga beli mesin', 'Rekayasa keuangan', 150),
(123, 'Pengeboran minyak lepas pantai', 'Angin dari arah pantai', 'Angin laut menuju pantai', 'Pulau di lepas pantai', 'Pertemuan antara darat dan laut', 'Pengeboran minyak lepas pantai', 151),
(124, 'Tiket', 'Penumpang', 'Stasiun', 'Rel', 'Kendaraan', 'Kendaraan', 152),
(125, 'Pensil', 'Kertas', 'Sampul', 'Majalah', 'Koran', 'Kertas', 153),
(126, 'Redaktur', 'Direktur', 'Politikus', 'Artis', 'Karyawan', 'Artis', 154),
(127, 'Perkiraan', 'Pendapatan', 'Pemikiran', 'Perencanaan', 'Pelaksanaan', 'Perkiraan', 155),
(128, 'Naik', 'Seperti', 'Putus', 'Pantas', 'Misal', 'Pantas', 156),
(129, 'Meluap', 'Keluar', 'Pusing', 'Nyeri', 'Muntah', 'Muntah', 157),
(130, '18', '17', '16', '15', '14', '18', 158),
(131, '1 buah', '2 buah', '3 buah', '4 buah', '5 buah', '4 buah', 159),
(132, '14 buah', '13 buah', '12 buah', '11 buah', '10 buah', '14 buah', 160),
(133, 'Idayu', 'Aldo', 'Supratman', 'Aryo', 'Nolin', 'Aryo', 161),
(134, '47 buah', '49 buah', '50 buah', '51 buah', '53 buah', '53 buah', 162),
(135, 'Baskoro', 'Idayu', 'Nolin', 'Aryo', 'Aldo', 'Nolin', 163),
(136, '20 buah', '19 buah', '18 buah', '17 buah', '15 buah', '19 buah', 164),
(137, '6 buah', '7 buah', '8 buah', '9 buah', '10 buah', '10 buah', 165),
(138, '6 buah', '7 buah', '8 buah', '9 buah', '10 buah', '10 buah', 166),
(139, 'Aldo dan Aryo', 'Aldo dan Idayu', 'Supratman dan Aryo', 'Supratman dan Aldo', 'Supratman dan Idayu', 'Supratman dan Aldo', 167),
(140, 'Opik', 'Ipung', 'Idayu', 'Linda', 'Sintia', 'Idayu', 168),
(141, 'Srikandini', 'Susanti', 'Sintia', 'Opik', 'Linda', 'Srikandini', 169),
(142, 'Srikandini', 'Susanti', 'Sintia', 'Opik', 'Linda', 'Linda', 170),
(143, 'Sintia dan Srikandini', 'Opik dan Srikandini', 'Sendiri', 'Opik dan Sintia', 'Zahra dan Srikandini', 'Opik dan Sintia', 171),
(144, 'Linda dan Sintia', 'Susanti dan Sintia', 'Linda dan Susanti', 'Linda dan Daratista', 'Sintia dan Srikandini', 'Linda dan Sintia', 172),
(145, '<img title=\"10^{2}\" src=\"http://latex.codecogs.com/gif.latex?10^{2}\" />', '2,5 x&nbsp;<img title=\"10^{2}\" src=\"http://latex.codecogs.com/gif.latex?10^{2}\" />', '<img title=\"10^{3}\" src=\"http://latex.codecogs.com/gif.latex?10^{3}\" />', '2,5 x <img title=\"10^{3}\" src=\"http://latex.codecogs.com/gif.latex?10^{3}\" />', '<img title=\"10^{2}\" src=\"http://latex.codecogs.com/gif.latex?10^{2}\" />', '2,5 x <img title=\"10^{3}\" src=\"http://latex.codecogs.com/gif.latex?10^{3}\" />', 109),
(146, '20', '18', '15', '12', '9', '18', 110),
(147, 'atas&nbsp;<img title=\"3cm^{3}/s\" src=\"http://latex.codecogs.com/gif.latex?3cm^{3}/s\" />', 'atas&nbsp;<img title=\"12cm^{3}/s\" src=\"http://latex.codecogs.com/gif.latex?12cm^{3}/s\" />', 'bawah&nbsp;<img title=\"14cm^{3}/s\" src=\"http://latex.codecogs.com/gif.latex?14cm^{3}/s\" />', 'atas&nbsp;<img title=\"15cm^{3}/s\" src=\"http://latex.codecogs.com/gif.latex?15cm^{3}/s\" />', 'bawah<img title=\"22cm^{3}/s\" src=\"http://latex.codecogs.com/gif.latex?22cm^{3}/s\" />', 'atas&nbsp;<img title=\"15cm^{3}/s\" src=\"http://latex.codecogs.com/gif.latex?15cm^{3}/s\" />', 111),
(148, '4 T', '2 T', 'T', '<img title=\"\\frac{1}{2} T\" src=\"http://latex.codecogs.com/gif.latex?\\frac{1}{2}&amp;space;T\" />', '<img title=\"\\frac{1}{4} T\" src=\"http://latex.codecogs.com/gif.latex?\\frac{1}{4}&amp;space;T\" />', 'T', 112),
(149, '150', '75', '50', '18,75', '15', '75', 113),
(150, '258 dan 260Hz', '620 dan 624Hz', '336 dan 440 Hz', '440 dan 442 Hz', '763 dan 764 Hz', '258 dan 260Hz', 114),
(151, '0,66', '6,06', '60', '66', '70', '60', 115),
(152, 'Ukuran p dan l tetap', 'Ukuran p bertambah dan l tetap', 'Ukuran p tetap dan l bertambah', 'Ukuran p bertambah dan l bertambah', 'Ukuran p berkurang dan l berkurang', 'Ukuran p bertambah dan l bertambah', 116),
(153, '40', '50', '60', '80', '90', '40', 117),
(154, '500', '1000', '1500', '2000', '2500', '1500', 118),
(155, 'Isotermal', 'Isovolumik', 'Adiabatic', 'Isobaric', 'Siklus', 'Isovolumik', 119),
(156, 'V', 'W', 'X', 'Y', 'Z', 'X', 120),
(157, '1/9 C', '1/3 C', 'C', '3 C', '9 C', '9 C', 121),
(158, '3', '2,5', '2', '1,5', '1', '3', 122);

-- --------------------------------------------------------

--
-- Table structure for table `recordscore`
--

CREATE TABLE `recordscore` (
  `id_recordscore` int(11) NOT NULL,
  `id_exam` int(11) NOT NULL,
  `id_student` int(11) NOT NULL,
  `benar` int(11) NOT NULL,
  `salah` int(11) NOT NULL,
  `score` int(11) NOT NULL,
  `date` date NOT NULL,
  `rekomendasi` varchar(255) NOT NULL
) ENGINE=InnoDB DEFAULT CHARSET=latin1;

--
-- Dumping data for table `recordscore`
--

INSERT INTO `recordscore` (`id_recordscore`, `id_exam`, `id_student`, `benar`, `salah`, `score`, `date`, `rekomendasi`) VALUES
(17, 2, 1, 19, 81, -5, '2018-08-07', 'belum memenuhi syarat nilai'),
(18, 2, 1, 56, 14, 210, '2018-08-08', 'D3 Multimedia Broadcasting <br> D3 Teknik Telekomunikasi <br> D3 Teknik Elektronika <br> D3 Teknik Elektro Industri <br> D4 SPE'),
(19, 2, 1, 2, 1, 7, '2018-08-10', 'belum memenuhi syarat nilai'),
(20, 2, 1, 5, 8, 12, '2018-08-13', 'belum memenuhi syarat nilai'),
(21, 2, 1, 7, 12, 16, '2018-08-14', 'belum memenuhi syarat nilai'),
(22, 2, 1, 2, 4, 4, '2018-08-14', 'belum memenuhi syarat nilai');

-- --------------------------------------------------------

--
-- Table structure for table `scorepsi`
--

CREATE TABLE `scorepsi` (
  `id_scorePsi` int(11) NOT NULL,
  `id_exam` int(11) NOT NULL,
  `id_student` int(11) NOT NULL,
  `benar` int(11) NOT NULL,
  `totalSoal` int(11) NOT NULL,
  `skala` int(11) NOT NULL,
  `description` varchar(255) NOT NULL,
  `date` date NOT NULL
) ENGINE=InnoDB DEFAULT CHARSET=latin1;

--
-- Dumping data for table `scorepsi`
--

INSERT INTO `scorepsi` (`id_scorePsi`, `id_exam`, `id_student`, `benar`, `totalSoal`, `skala`, `description`, `date`) VALUES
(20, 7, 1, 3, 10, 2, 'Hanya saja, kemampuan angkawinya masih kurang.', '2018-08-13'),
(21, 5, 1, 1, 3, 2, 'Anda kurang dapat memahami informasi yang berasal dari luar.', '2018-08-13'),
(22, 6, 1, 2, 7, 1, 'Anda juga sangat kurang mampu menalar suatu permasalahan.', '2018-08-13'),
(23, 6, 2, 2, 15, 1, 'Anda juga sangat kurang mampu menalar suatu permasalahan.', '2018-08-14'),
(24, 6, 2, 2, 15, 1, 'Anda juga sangat kurang mampu menalar suatu permasalahan.', '2018-08-14'),
(25, 6, 2, 2, 15, 1, 'Anda juga sangat kurang mampu menalar suatu permasalahan.', '2018-08-14'),
(26, 6, 2, 3, 15, 1, 'Anda juga sangat kurang mampu menalar suatu permasalahan.', '2018-08-14'),
(27, 4, 2, 1, 15, 1, 'Kemampuan belajar Anda sangat kurang.', '2018-08-14'),
(28, 4, 9, 2, 15, 1, 'Kemampuan belajar Anda sangat kurang.', '2018-08-15'),
(29, 4, 3, 0, 4, 1, 'Kemampuan belajar Anda sangat kurang.', '2018-08-15');

-- --------------------------------------------------------

--
-- Table structure for table `subject`
--

CREATE TABLE `subject` (
  `id_subject` int(11) NOT NULL,
  `name` varchar(100) NOT NULL,
  `shortname` varchar(50) NOT NULL
) ENGINE=InnoDB DEFAULT CHARSET=latin1;

--
-- Dumping data for table `subject`
--

INSERT INTO `subject` (`id_subject`, `name`, `shortname`) VALUES
(1, 'MATEMATIKA', 'MAT'),
(2, 'FISIKA', 'FIS'),
(3, 'BAHASA INDONESIA', 'BIN'),
(4, 'BAHASA INGGRIS', 'BIG'),
(5, 'Daya Belajar', 'DB'),
(6, 'Kemampuan Berpikir Angka', 'KBA'),
(7, 'Pemahaman', 'PEM'),
(8, 'Penalaran', 'PEN');

-- --------------------------------------------------------

--
-- Table structure for table `user`
--

CREATE TABLE `user` (
  `id` int(11) NOT NULL,
  `username` varchar(255) COLLATE utf8_unicode_ci NOT NULL,
  `auth_key` varchar(32) COLLATE utf8_unicode_ci NOT NULL,
  `password_hash` varchar(255) COLLATE utf8_unicode_ci NOT NULL,
  `password_reset_token` varchar(255) COLLATE utf8_unicode_ci DEFAULT NULL,
  `email` varchar(255) COLLATE utf8_unicode_ci NOT NULL,
  `status` smallint(6) NOT NULL DEFAULT '10',
  `created_at` int(11) NOT NULL,
  `updated_at` int(11) NOT NULL,
  `level` varchar(50) COLLATE utf8_unicode_ci NOT NULL
) ENGINE=InnoDB DEFAULT CHARSET=utf8 COLLATE=utf8_unicode_ci;

--
-- Dumping data for table `user`
--

INSERT INTO `user` (`id`, `username`, `auth_key`, `password_hash`, `password_reset_token`, `email`, `status`, `created_at`, `updated_at`, `level`) VALUES
(1, 'Novita Eka', 'cuI9n5ZQaQ9LBTh7RXPiebYB2UwOxPB5', '$2y$13$eFh2vHEByQSNzIlahmjbuukFXQAsy1PTtrbgRLHKsxQzGOnhCjGca', NULL, 'novitae9@gmail.com', 10, 1529878401, 1529878401, 'admin'),
(2, 'Eka Puspita', 'qnc5JlpIB0OgVPOyH-iC9p9qIDjBGqTq', '$2y$13$8J/oxUkSKRK26nB/PQTHJuFMDGhrlRcVJSEfWdd1doCmBg3FCWogG', NULL, 'ekapuspita@gmail.com', 10, 1530131362, 1530131362, 'student'),
(3, 'Ariyanti', 'PoNeFtN0aUo-IixmDUGr0qeZdnQvUeOw', '$2y$13$h4HmAxckYVE1J3NafpY2G..hxNUWog9WSLP6KvDJxiAPryybN.psi', NULL, 'ariyanti@gmail.com', 10, 1533392074, 1533392074, 'student'),
(4, 'Puspita', 'Hc74W6Od_03oLNAFotxD0VGNGbVet5ac', '$2y$13$q0VbvY9hfwIfUNnZ8sNFNeYiw4npIiVDR3G6X2jXaA9ICOKdwDwiy', NULL, 'puspita@gmail.com', 10, 1533676432, 1533676432, ''),
(5, 'Eka', 'gIdavpF_Gct6lkt22XEek_Kgz81sKfZX', '$2y$13$itKwXU9rDR5jQs6ZApOPSu1ilswXr0Zw6.q8YIVjq6mvzV/fEu9AO', NULL, 'eka@gmail.com', 10, 1533677315, 1533677315, ''),
(6, 'Nuranisa', 'jUxCh09ngSS2LGsz1IW0Ag2SBlVpDOJ2', '$2y$13$YNKK0dwA0LfrerqNazndruN8qxILTjNsNgYxs27qzsWhJ5DtK.vZi', NULL, 'nur@gmail.com', 10, 1533678039, 1533678039, ''),
(7, 'Lisa', 'i8kQrZfUBW13_HIP7oySa4T0KrXPJI3E', '$2y$13$U0zehCZTmQAYZNtAUdoidO4vRNd7JdvsM5c/AgxYVbU09swVJ6YTm', NULL, 'lisa@gmail.com', 10, 1533678545, 1533678545, 'student'),
(8, 'Jennie', 'UXcGuPXgueJ4xhWFhpAGf35Ktn1gbwih', '$2y$13$3Lp5C09GdBrIm0RptKvgveRF/n8tPx242mUItLl2/PhnzCNSdCO/y', NULL, 'jennie@gmail.com', 10, 1533678607, 1533678607, 'admin'),
(9, 'Nana', 'QY3dqbuN4-FBnF3HR1Wu8AGa2DTBRRMF', '$2y$13$EKbf1W4yo0BqD8L5RL1b2./CPXLeCNIVM2NlMinWgzusdcLxL7iHG', NULL, 'nana@gmail.com', 10, 1534309044, 1534309044, 'student');

--
-- Indexes for dumped tables
--

--
-- Indexes for table `answer`
--
ALTER TABLE `answer`
  ADD PRIMARY KEY (`id_answer`),
  ADD KEY `id_exam` (`id_exam`);

--
-- Indexes for table `chapter`
--
ALTER TABLE `chapter`
  ADD PRIMARY KEY (`id_chapter`),
  ADD KEY `id_subject` (`id_subject`),
  ADD KEY `id_exam` (`id_exam`);

--
-- Indexes for table `exam`
--
ALTER TABLE `exam`
  ADD PRIMARY KEY (`id_exam`);

--
-- Indexes for table `migration`
--
ALTER TABLE `migration`
  ADD PRIMARY KEY (`version`);

--
-- Indexes for table `question`
--
ALTER TABLE `question`
  ADD PRIMARY KEY (`id_question`),
  ADD KEY `id_chapter` (`id_chapter`);

--
-- Indexes for table `question_choice`
--
ALTER TABLE `question_choice`
  ADD PRIMARY KEY (`id_qchoice`),
  ADD KEY `id_question` (`id_question`);

--
-- Indexes for table `recordscore`
--
ALTER TABLE `recordscore`
  ADD PRIMARY KEY (`id_recordscore`),
  ADD KEY `id_exam` (`id_exam`),
  ADD KEY `id_student` (`id_student`);

--
-- Indexes for table `scorepsi`
--
ALTER TABLE `scorepsi`
  ADD PRIMARY KEY (`id_scorePsi`),
  ADD KEY `id_exam` (`id_exam`),
  ADD KEY `id_student` (`id_student`);

--
-- Indexes for table `subject`
--
ALTER TABLE `subject`
  ADD PRIMARY KEY (`id_subject`);

--
-- Indexes for table `user`
--
ALTER TABLE `user`
  ADD PRIMARY KEY (`id`),
  ADD UNIQUE KEY `username` (`username`),
  ADD UNIQUE KEY `email` (`email`),
  ADD UNIQUE KEY `password_reset_token` (`password_reset_token`);

--
-- AUTO_INCREMENT for dumped tables
--

--
-- AUTO_INCREMENT for table `answer`
--
ALTER TABLE `answer`
  MODIFY `id_answer` int(11) NOT NULL AUTO_INCREMENT;

--
-- AUTO_INCREMENT for table `chapter`
--
ALTER TABLE `chapter`
  MODIFY `id_chapter` int(11) NOT NULL AUTO_INCREMENT, AUTO_INCREMENT=25;

--
-- AUTO_INCREMENT for table `exam`
--
ALTER TABLE `exam`
  MODIFY `id_exam` int(11) NOT NULL AUTO_INCREMENT, AUTO_INCREMENT=8;

--
-- AUTO_INCREMENT for table `question`
--
ALTER TABLE `question`
  MODIFY `id_question` int(11) NOT NULL AUTO_INCREMENT, AUTO_INCREMENT=173;

--
-- AUTO_INCREMENT for table `question_choice`
--
ALTER TABLE `question_choice`
  MODIFY `id_qchoice` int(11) NOT NULL AUTO_INCREMENT, AUTO_INCREMENT=159;

--
-- AUTO_INCREMENT for table `recordscore`
--
ALTER TABLE `recordscore`
  MODIFY `id_recordscore` int(11) NOT NULL AUTO_INCREMENT, AUTO_INCREMENT=23;

--
-- AUTO_INCREMENT for table `scorepsi`
--
ALTER TABLE `scorepsi`
  MODIFY `id_scorePsi` int(11) NOT NULL AUTO_INCREMENT, AUTO_INCREMENT=30;

--
-- AUTO_INCREMENT for table `subject`
--
ALTER TABLE `subject`
  MODIFY `id_subject` int(11) NOT NULL AUTO_INCREMENT, AUTO_INCREMENT=9;

--
-- AUTO_INCREMENT for table `user`
--
ALTER TABLE `user`
  MODIFY `id` int(11) NOT NULL AUTO_INCREMENT, AUTO_INCREMENT=10;

--
-- Constraints for dumped tables
--

--
-- Constraints for table `answer`
--
ALTER TABLE `answer`
  ADD CONSTRAINT `answer_ibfk_1` FOREIGN KEY (`id_exam`) REFERENCES `exam` (`id_exam`);

--
-- Constraints for table `chapter`
--
ALTER TABLE `chapter`
  ADD CONSTRAINT `chapter_ibfk_1` FOREIGN KEY (`id_subject`) REFERENCES `subject` (`id_subject`);

--
-- Constraints for table `question`
--
ALTER TABLE `question`
  ADD CONSTRAINT `question_ibfk_1` FOREIGN KEY (`id_chapter`) REFERENCES `chapter` (`id_chapter`);

--
-- Constraints for table `question_choice`
--
ALTER TABLE `question_choice`
  ADD CONSTRAINT `question_choice_ibfk_1` FOREIGN KEY (`id_question`) REFERENCES `question` (`id_question`);

--
-- Constraints for table `recordscore`
--
ALTER TABLE `recordscore`
  ADD CONSTRAINT `recordscore_ibfk_1` FOREIGN KEY (`id_exam`) REFERENCES `exam` (`id_exam`),
  ADD CONSTRAINT `recordscore_ibfk_2` FOREIGN KEY (`id_student`) REFERENCES `user` (`id`);

--
-- Constraints for table `scorepsi`
--
ALTER TABLE `scorepsi`
  ADD CONSTRAINT `scorepsi_ibfk_1` FOREIGN KEY (`id_exam`) REFERENCES `exam` (`id_exam`),
  ADD CONSTRAINT `scorepsi_ibfk_2` FOREIGN KEY (`id_student`) REFERENCES `user` (`id`);
COMMIT;

/*!40101 SET CHARACTER_SET_CLIENT=@OLD_CHARACTER_SET_CLIENT */;
/*!40101 SET CHARACTER_SET_RESULTS=@OLD_CHARACTER_SET_RESULTS */;
/*!40101 SET COLLATION_CONNECTION=@OLD_COLLATION_CONNECTION */;
